voca_type,unique_id,day,day_no,word,meaning,english_meaning,pos,theme,theme_ko,priority_score,priority_band,rating,example,translation,paraphrase,paraphrase_translation,question,question_ko,collocation,collocations_json,collocations_ko_json,synonym_used,synonyms_json,phrase,memory_ko,icon,background,original_day,original_no,dataset_version,app_ready,QC2_Status,QC2_Score,QC2_Grade,pattern_recommended,pattern_ko_recommended,QC_Score,QC_Grade,QC_Issues,QC_Status,pattern_candidate_1,pattern_ko_candidate_1,pattern_candidate_2,pattern_ko_candidate_2,pattern_candidate_3,pattern_ko_candidate_3,generation_task,pattern_category,generation_word_sense,generation_context,generation_length_target,generation_structure,QC2_Issue,practice_sentence_ids,practice_sentences_en,practice_sentences_ko,practice_sentence_types,practice_situations,practice_review_words,record_type,practice_id,practice_order,practice_type,practice_situation,practice_sentence_en,practice_sentence_ko,practice_target_words,practice_target_word_meanings,practice_target_patterns,practice_pattern_meanings,practice_opic_level,practice_active,practice_extra_patterns,practice_extra_pattern_meanings,practice_extra_pattern_surfaces,practice_target_word_ko_surfaces,practice_target_pattern_ko_surfaces,practice_extra_pattern_ko_surfaces,practice_target_pattern_ko_segments,practice_extra_pattern_ko_segments,practice_patterns
TOEFL,T_D01_01,1,1,account for,"1. 설명하다, 이유를 대다 / 2. 차지하다, 구성하다 / 3. 원인이 되다","1. explain, justify, give a reason for / 2. make up, comprise, constitute / 3. cause",phr.,Everyday Essentials,일상에서 바로 쓰는 핵심 표현,100,Core,5,The bottom line is that he can't account for it.,요점은 그가 그것을 설명할 수 없다는 것이다.,He cannot explain it.,그는 그것을 설명할 수 없다.,Who can't account for it?,누가 그것을 설명할 수 없나요?,account for the delay,"[""account for the delay"",""account for the difference""]","[""지연을 설명하다"",""차이를 설명하다""]",yes,"[""explain"",""justify""]",,무엇의 이유를 설명할 때 쓰는 표현이다.,,,1,2,TOEFL_30x56_FINAL,yes,PASS,95,A,The bottom line is (that) ...,결론은 ~라는 것이다,95,A,,PASS,Don't make me ...,,What's up with ...?,,I'm fed up with ...,,create example,,"설명하다, 이유를 대다",Daily Life,10,statement,,,,,,,,VOCAB,,,,,,,,,,,,,,,,,,,,,
TOEFL,T_D01_02,1,2,no wonder,"놀랄 일이 아니다, 그럴 만하다","unsurprisingly, unsurprising",phr.,Everyday Essentials,일상에서 바로 쓰는 핵심 표현,100,Core,5,No one would say 'no wonder' in that situation.,그런 상황에서 'no wonder'라고 말할 사람은 없다.,People wouldn't say 'no wonder' then.,사람들은 그때 'no wonder'라고 말하지 않을 것이다.,Would anyone say 'no wonder' there?,거기서 누가 'no wonder'라고 말하겠어요?,no wonder + clause,"[""no wonder + clause"",""no wonder she left""]","[""~라서 놀랄 일이 아니다"",""그가 떠난 것도 당연하다""]",yes,"[""unsurprising"",""not surprising""]",,'놀랄 일이 아니다'라는 뜻으로 외운다.,,,1,57,TOEFL_30x56_FINAL,yes,PASS,95,A,No one would ...,아무도 ~하지 않을 것이다,95,A,,PASS,No one would ...,,There's no way ...,,There's no excuse for ...,,create example,,"놀랄 일이 아니다, 그럴 만하다",Business,9,statement,,,,,,,,VOCAB,,,,,,,,,,,,,,,,,,,,,
TOEFL,T_D01_03,1,3,depend on,"~에 의존하다, ~에 달려 있다","rely on, count on",phr.,Everyday Essentials,일상에서 바로 쓰는 핵심 표현,99,Core,5,I see it depends on the weather.,"알겠어, 그건 날씨에 달려 있다.",It depends on the weather.,그것은 날씨에 달려 있다.,What does it depend on?,그것은 무엇에 달려 있나요?,depend on the weather,"[""depend on someone"",""depend on the weather""]","[""~에 의존하다"",""날씨에 달려 있다""]",yes,"[""rely on"",""count on""]",,depend on = ~에 달려 있다.,,,1,21,TOEFL_30x56_FINAL,yes,PASS,95,A,I see ...,알겠어 / 그렇군요,95,A,,PASS,I'll see ...,,I'll be sure to ...,,I'll let you know ...,,create example,,"~에 달려 있다, ~에 의존하다",Travel,7,statement,,,,,,,,VOCAB,,,,,,,,,,,,,,,,,,,,,
TOEFL,T_D01_04,1,4,impressive,"인상적인, 대단한","striking, remarkable",adj.,Everyday Essentials,일상에서 바로 쓰는 핵심 표현,89,Core,5,I'll be sure to mention how impressive the cake was.,나는 그 케이크가 얼마나 인상적이었는지 꼭 말할게.,I'll mention that the cake was impressive.,나는 그 케이크가 인상적이었다고 말할 것이다.,Will you mention the cake?,케이크에 대해 말해줄 건가요?,impressive performance,"[""impressive performance"",""impressive result"",""truly impressive""]","[""인상적인 공연"",""인상적인 결과"",""정말 인상적인""]",yes,"[""remarkable"",""striking""]",,impressive = 인상 깊은.,,,1,28,TOEFL_30x56_FINAL,yes,PASS,95,A,I'll be sure to ...,반드시 ~할게요,95,A,,PASS,I'll see ...,,I'll be sure to ...,,I'll let you know ...,,create example,,"인상적인, 대단한",Family & Friends,10,statement,,,,,,,,VOCAB,,,,,,,,,,,,,,,,,,,,,
TOEFL,T_D01_05,1,5,mean,"의미하다, 나타내다; 평균","1. signify, express, indicate / 2. average",v./n.,Everyday Essentials,일상에서 바로 쓰는 핵심 표현,85,Core,5,I'll let you know what 'mean' means.,제가 'mean'이 무엇을 의미하는지 알려드릴게요.,I'll explain the meaning of 'mean'.,'mean'의 뜻을 설명할게요.,Do you know what 'mean' means?,'mean'이 무슨 뜻인지 아세요?,mean something,"[""mean something"",""what does mean mean""]","[""무언가를 의미하다"",""mean이 무슨 뜻인가""]",yes,"[""signify"",""indicate""]",,'mean'은 '뜻하다'로 기억한다.,,,1,52,TOEFL_30x56_FINAL,yes,PASS,95,A,I'll let you know ...,~을 알려줄게요,95,A,,PASS,I'll see ...,,I'll be sure to ...,,I'll let you know ...,,create example,,"의미하다, 나타내다",Shopping & Services,7,statement,,,,,,,,VOCAB,,,,,,,,,,,,,,,,,,,,,
TOEFL,T_D01_06,1,6,eliminate,"없애다, 제거하다","get rid of, remove, discard",v.,Everyday Essentials,일상에서 바로 쓰는 핵심 표현,82,Core,5,What's the point of eliminating tiny mistakes?,사소한 실수를 제거하는 게 무슨 의미가 있나?,Why eliminate small mistakes?,왜 작은 실수를 없애야 하나?,Why eliminate those mistakes?,그 실수들을 왜 없애죠?,eliminate errors,"[""eliminate errors"",""eliminate the possibility""]","[""오류를 제거하다"",""가능성을 없애다""]",yes,"[""remove"",""get rid of""]",,eliminate = 제거하다.,,,1,36,TOEFL_30x56_FINAL,yes,PASS,95,A,What's the point of ...?,~해 봤자 무슨 소용이야?,95,A,,PASS,I don't get ...,,You of all people ...,,What's the point of ...?,,create example,,"없애다, 제거하다",School & Learning,7,question,,,,,,,,VOCAB,,,,,,,,,,,,,,,,,,,,,
TOEFL,T_D01_07,1,7,pinpoint,정확히 찾아내다; 정확한,"1. locate exactly, clearly identify / 2. precise, exact, accurate",v./adj.,Everyday Essentials,일상에서 바로 쓰는 핵심 표현,82,Core,4,That's exactly what will help pinpoint the problem.,바로 그게 문제를 정확히 찾아내는 데 도움이 될 것이다.,That will help pinpoint the problem.,그것이 문제를 정확히 찾아내는 데 도움이 될 것이다.,Will that pinpoint the problem?,그것이 문제를 찾아낼까요?,pinpoint the cause,"[""pinpoint the cause"",""pinpoint the location""]","[""원인을 정확히 찾아내다"",""위치를 정확히 찾다""]",yes,"[""identify exactly"",""locate exactly""]",,pinpoint = 정확히 찾아내다.,,,1,7,TOEFL_30x56_FINAL,yes,PASS,95,A,That's exactly what ...,바로 그게 ~이다,95,A,,PASS,That's exactly what ...,,I'll see ...,,I'll be sure to ...,,create example,,정확히 찾아내다,Daily Life,8,statement,,,,,,,,VOCAB,,,,,,,,,,,,,,,,,,,,,
TOEFL,T_D01_08,1,8,compensate for,"보상하다; 상쇄하다, 보완하다","1. make up for, atone for, make amends for / 2. balance, offset",phr.,Everyday Essentials,일상에서 바로 쓰는 핵심 표현,81,Core,4,There's no excuse for failing to compensate for damages.,피해를 보상하지 않는 것은 용납할 수 없다.,Failing to compensate is inexcusable.,보상하지 않는 것은 용서할 수 없다.,Is failing to compensate acceptable?,보상하지 않는 것이 괜찮나요?,compensate for damages,"[""compensate for damages"",""compensate for the loss""]","[""손해를 보상하다"",""손실을 보상하다""]",yes,"[""make up for"",""offset""]",,compensate for = 보상하다.,,,1,13,TOEFL_30x56_FINAL,yes,PASS,95,A,There's no excuse for ...,~은 변명의 여지가 없다,95,A,,PASS,Don't make me ...,,What's up with ...?,,I'm fed up with ...,,create example,,"보상하다, 상쇄하다",Business,9,statement,,,,,,,,VOCAB,,,,,,,,,,,,,,,,,,,,,
TOEFL,T_D01_09,1,9,deliberate,"의도적인, 계획적인; 신중한","1. intentional, designed, planned / 2. careful, cautious, thoughtful",adj.,Everyday Essentials,일상에서 바로 쓰는 핵심 표현,80,Core,4,That's where deliberate planning saved the whole project.,바로 그때 의도적인 계획이 프로젝트를 살렸다.,Intentional planning prevented the project's failure.,의도적인 계획 덕분에 프로젝트가 실패를 면했다.,Did deliberate planning save the project?,의도적인 계획이 프로젝트를 구했나요?,deliberate planning,"[""deliberate planning"",""deliberate decision""]","[""의도적인 계획"",""의도적인 결정""]",intentional,"[""intentional"",""planned"",""purposeful""]",,의도적으로 계획하면 문제가 줄어든다.,,Technology context: project management.,1,20,TOEFL_30x56_FINAL,YES,PASS,95,A,That's where ...,바로 그곳이 ...이다,95,A,,PASS,I'll see ...,,I'll be sure to ...,,I'll let you know ...,,Create a natural example sentence using the selected pattern and sense.,Explanation,의도적이고 계획적인,Technology,8,explanation,,,,,,,,VOCAB,,,,,,,,,,,,,,,,,,,,,
TOEFL,T_D01_10,1,10,neglect,"무시하다, 소홀히 하다","1. ignore, disregard / 2. fail, forget",v.,Everyday Essentials,일상에서 바로 쓰는 핵심 표현,80,Core,4,I'm not used to neglecting my hobbies anymore.,나는 더 이상 취미를 소홀히 하지 않는다.,I normally don't neglect my hobbies.,나는 보통 취미를 소홀히 하지 않는다.,Do you neglect your hobbies?,취미를 소홀히 하나요?,neglect responsibilities,"[""neglect duties"",""neglect responsibilities""]","[""의무를 소홀히 하다"",""책임을 소홀히 하다""]",yes,"[""ignore"",""overlook""]",,neglect = 소홀히 하다.,,,1,42,TOEFL_30x56_FINAL,yes,PASS,95,A,I'm not used to ...ing,~하는 것에 익숙하지 않다,95,A,,PASS,I'll see ...,,I'll be sure to ...,,I'll let you know ...,,create example,,"무시하다, 소홀히 하다",Hobbies,8,statement,,,,,,,,VOCAB,,,,,,,,,,,,,,,,,,,,,
TOEFL,T_D01_11,1,11,afford,"주다, 제공하다; ~할 여유가 있다","give, offer, provide, grant",v.,Everyday Essentials,일상에서 바로 쓰는 핵심 표현,79,Core,5,I can't afford to ignore my health anymore.,나는 더 이상 내 건강을 무시할 여유가 없다.,I must not ignore my health.,나는 내 건강을 무시하면 안 된다.,Can you afford to ignore your health?,당신은 건강을 무시할 여유가 있나요?,can't afford to,"[""can't afford to"",""afford the cost"",""afford time""]","[""~할 여유가 없다"",""비용을 감당하다"",""시간을 마련하다""]",yes,"[""be able to"",""have resources for""]",,afford = ~할 여유가 있다/없다.,,,1,16,TOEFL_30x56_FINAL,yes,PASS,95,A,I can't afford to ...,~할 여유가 없다,95,A,,PASS,I can't afford to ...,,I'll see ...,,I'll be sure to ...,,create example,,~할 여유가 없다 (어떤 행동을 할 여유가 없다),Health,8,statement,,,,,,,,VOCAB,,,,,,,,,,,,,,,,,,,,,
TOEFL,T_D01_12,1,12,recall,"상기하다, 기억해내다","remember, recollect",v.,Everyday Essentials,일상에서 바로 쓰는 핵심 표현,79,Core,5,I'll see if I can recall that detail.,그 세부사항을 기억해낼 수 있는지 알아볼게.,I'll try to remember that detail.,그 세부사항을 기억하려고 하겠다.,Can you recall the detail?,그 세부사항을 기억하나요?,recall details,"[""recall memories"",""recall details""]","[""기억을 상기하다"",""세부사항을 기억하다""]",yes,"[""remember"",""recollect""]",,recall = 기억해내다.,,,1,43,TOEFL_30x56_FINAL,yes,PASS,95,A,I'll see ...,내가 알아볼게,95,A,,PASS,I'll see ...,,I'll be sure to ...,,I'll let you know ...,,create example,,"상기하다, 기억해내다",Daily Life,8,statement,,,,,,,,VOCAB,,,,,,,,,,,,,,,,,,,,,
TOEFL,T_D01_13,1,13,dominant,"우세한, 지배적인","prevailing, prominent, supreme, chief, ruling",adj.,Everyday Essentials,일상에서 바로 쓰는 핵심 표현,78,Core,4,I'll be sure to study the dominant competitor today.,오늘 우세한 경쟁사를 꼭 조사하겠다.,I'll examine the dominant competitor.,우세한 경쟁사를 조사하겠다.,Which competitor is dominant?,어떤 경쟁자가 우세한가요?,dominant market,"[""dominant position"",""dominant species"",""dominant market""]","[""우세한 위치"",""우세한 종"",""지배적인 시장""]",yes,"[""prevailing"",""leading""]",,dominant = 우세한/지배적인.,,,1,39,TOEFL_30x56_FINAL,yes,PASS,95,A,I'll be sure to ...,반드시 ~할게요,95,A,,PASS,I'll see ...,,I'll be sure to ...,,I'll let you know ...,,create example,,"우세한, 지배적인",Business,9,statement,,,,,,,,VOCAB,,,,,,,,,,,,,,,,,,,,,
TOEFL,T_D01_14,1,14,justified,"정당한, 타당한","right, legitimate, just, reasonable",adj.,Everyday Essentials,일상에서 바로 쓰는 핵심 표현,78,Core,4,Let's just say his decision was justified.,그의 결정은 정당했다고 치자.,His decision was reasonable.,그의 결정은 합리적이었다.,Was his decision justified?,그의 결정은 정당했나요?,justify the decision,"[""justified in doing"",""morally justified"",""justified belief""]","[""~하는 것이 정당하다"",""도덕적으로 정당한"",""정당한 믿음""]",yes,"[""warranted"",""reasonable""]",,justified = 정당화된.,,,1,19,TOEFL_30x56_FINAL,yes,PASS,95,A,Let's just Say ...,그냥 ~라고 하자,95,A,,PASS,Let's just Say ...,,You can't (just) ...,,(just) can't seem to ...,,create example,,"정당한, 타당한",Travel,7,statement,,,,,,,,VOCAB,,,,,,,,,,,,,,,,,,,,,
TOEFL,T_D01_15,1,15,promptly,"신속하게, 즉시","quickly, instantly, straightaway",adv.,Everyday Essentials,일상에서 바로 쓰는 핵심 표현,78,Core,4,I'll be sure to respond promptly to your message.,당신의 메시지에 신속하게 답장할게요.,I'll reply quickly to your message.,메시지에 빠르게 답장하겠다.,Will you respond promptly?,신속히 답장할 건가요?,respond promptly,"[""respond promptly"",""act promptly"",""promptly address""]","[""신속하게 대응하다"",""즉시 행동하다"",""신속히 처리하다""]",yes,"[""quickly"",""immediately""]",,"promptly = 즉시, 신속히.",,,1,32,TOEFL_30x56_FINAL,yes,PASS,95,A,I'll be sure to ...,반드시 ~할게요,95,A,,PASS,I'll see ...,,I'll be sure to ...,,I'll let you know ...,,create example,,"신속하게, 즉시",Family & Friends,9,statement,,,,,,,,VOCAB,,,,,,,,,,,,,,,,,,,,,
TOEFL,T_D01_16,1,16,accurate,정확한,"precise, correct, exact, true",adj.,Everyday Essentials,일상에서 바로 쓰는 핵심 표현,77,Core,4,You might want to ensure accurate measurements before cutting.,자르기 전에 정확한 치수를 확인하는 것이 좋을 거예요.,Make sure the measurements are correct first.,먼저 치수가 정확한지 확인하세요.,Are the measurements accurate?,치수가 정확한가요?,accurate measurements,"[""accurate measurements"",""accurate data""]","[""정확한 치수"",""정확한 데이터""]",exact,"[""exact"",""precise"",""correct""]",,정확한 수치는 실수를 막아준다.,,Daily life: DIY or home projects.,14,32,TOEFL_30x56_FINAL,YES,PASS,95,A,You might want to/wanna ...,~하는 게 좋을 거야,95,A,,PASS,I'll see ...,,I'll be sure to ...,,I'll let you know ...,,Create a natural example sentence using the selected pattern and sense.,Suggestion,정확한,Daily Life,9,suggestion,,,,,,,,VOCAB,,,,,,,,,,,,,,,,,,,,,
TOEFL,T_D01_17,1,17,precise,정확한,"exact, accurate, definite",adj.,Everyday Essentials,일상에서 바로 쓰는 핵심 표현,77,Core,4,"I'll tell you what, be precise with the measurements.","이렇게 할게, 치수는 정확하게 재세요.",Make the measurements exact and careful.,치수를 정확하고 신중하게 재세요.,Do you need precise measurements?,정확한 치수가 필요합니까?,precise measurements,"[""precise measurements"",""precise timing""]","[""정확한 치수"",""정확한 타이밍""]",exact,"[""exact"",""accurate"",""definite""]",,정확하면 다음 단계가 더 쉬워진다.,,Shopping & Services: tailoring or fitting.,13,11,TOEFL_30x56_FINAL,YES,PASS,95,A,"I'll tell you what, ...","그럼 이러자, ...",95,A,,PASS,I'll see ...,,I'll be sure to ...,,I'll let you know ...,,Create a natural example sentence using the selected pattern and sense.,Advice,정확하고 세밀한,Shopping & Services,9,advice,,,,,,,,VOCAB,,,,,,,,,,,,,,,,,,,,,
TOEFL,T_D01_18,1,18,reliable,신뢰할 수 있는,"dependable, trustworthy, credible",adj.,Everyday Essentials,일상에서 바로 쓰는 핵심 표현,77,Core,4,You could at least choose a reliable vendor next time.,다음에는 적어도 신뢰할 수 있는 공급업체를 선택하세요.,Select a trustworthy supplier in the future.,앞으로는 믿을 수 있는 공급업체를 선택하세요.,Is this vendor reliable?,이 공급업체는 신뢰할 수 있나요?,reliable vendor,"[""reliable vendor"",""reliable source"",""reliable service""]","[""신뢰할 수 있는 공급업체"",""신뢰할 수 있는 출처"",""신뢰할 수 있는 서비스""]",trustworthy,"[""dependable"",""trustworthy"",""credible""]",,믿을 수 있는 파트너가 사업을 지킨다.,,Business context: procurement decisions.,9,52,TOEFL_30x56_FINAL,YES,PASS,95,A,You could at least ...,적어도 ~는 할 수 있잖아,95,A,,PASS,I'll see ...,,I'll be sure to ...,,I'll let you know ...,,Create a natural example sentence using the selected pattern and sense.,Complaint/Suggestion,신뢰할 수 있는,Business,10,suggestion,,,,,,,,VOCAB,,,,,,,,,,,,,,,,,,,,,
TOEFL,T_D01_19,1,19,significant,상당한; 중요한,"considerable, substantial, serious; important, essential",adj.,Everyday Essentials,일상에서 바로 쓰는 핵심 표현,77,Core,4,I'm convinced that your improvement is significant this semester.,이번 학기에 당신의 향상이 상당하다고 확신해요.,I strongly believe your progress this term is considerable.,이번 학기 당신의 진전이 상당하다고 강하게 믿습니다.,Is the improvement significant?,향상이 상당한가요?,significant improvement,"[""significant improvement"",""significant difference""]","[""상당한 향상"",""눈에 띄는 차이""]",considerable,"[""considerable"",""substantial"",""important""]",,작은 노력이 쌓이면 큰 변화가 된다.,,School & Learning: progress feedback.,16,12,TOEFL_30x56_FINAL,YES,PASS,95,A,I'm convinced (that) ...,나는 ~라고 확신한다,95,A,,PASS,I'll see ...,,I'll be sure to ...,,I'll let you know ...,,Create a natural example sentence using the selected pattern and sense.,Opinion,상당한,School & Learning,9,opinion,,,,,,,,VOCAB,,,,,,,,,,,,,,,,,,,,,
TOEFL,T_D01_20,1,20,genuine,"진짜의, 진실한","true, real, authentic",adj.,Everyday Essentials,일상에서 바로 쓰는 핵심 표현,76,Core,5,I'll let you know if it's genuine.,그것이 진짜인지 알려줄게요.,I'll inform you whether it's genuine.,그것이 진짜인지 알려주겠다.,Is it genuine?,그것은 진짜인가요?,genuine article,"[""genuine article"",""genuine interest"",""genuine concern""]","[""진짜 상품"",""진정한 관심"",""진심 어린 염려""]",yes,"[""authentic"",""real""]",,genuine = 진짜의.,,,1,38,TOEFL_30x56_FINAL,yes,PASS,95,A,I'll let you know ...,~을 알려줄게요,95,A,,PASS,I'll see ...,,I'll be sure to ...,,I'll let you know ...,,create example,,"진짜의, 진실한",Daily Life,7,statement,,,,,,,,VOCAB,,,,,,,,,,,,,,,,,,,,,
TOEFL,T_D01_21,1,21,investigate,조사하다,"examine, inquire into, look into",v.,Everyday Essentials,일상에서 바로 쓰는 핵심 표현,76,Core,4,I'll see who can investigate the missing luggage.,분실된 수하물을 누가 조사할 수 있는지 알아보겠다.,I'll find someone to investigate the luggage.,수하물을 조사할 사람을 찾겠다.,Who will investigate it?,누가 그것을 조사할 건가요?,investigate the case,"[""investigate the case"",""investigate further"",""investigate allegations""]","[""사건을 조사하다"",""더 조사하다"",""혐의를 조사하다""]",yes,"[""examine"",""look into""]",,investigate = 조사하다.,,,1,10,TOEFL_30x56_FINAL,yes,PASS,95,A,I'll see ...,내가 알아볼게,95,A,,PASS,I'm into ...,,I'll see ...,,I'll be sure to ...,,create example,,조사하다,Travel,8,statement,,,,,,,,VOCAB,,,,,,,,,,,,,,,,,,,,,
TOEFL,T_D01_22,1,22,justify,"옹호하다, 정당화하다","support, prove, give a rational basis for",v.,Everyday Essentials,일상에서 바로 쓰는 핵심 표현,75,Core,4,It's a shame that you had to justify yourself.,네가 자신을 변명해야 했다니 안타깝다.,"You had to defend your actions, which is sad.",네가 행동을 옹호해야 했다니 슬프다.,Did you have to justify yourself?,너는 스스로를 정당화해야 했니?,justify the decision,"[""justify the decision"",""can't justify"",""difficult to justify""]","[""결정을 정당화하다"",""정당화할 수 없다"",""정당화하기 어렵다""]",yes,"[""defend"",""vindicate""]",,justify = 정당화하다.,,,17,50,TOEFL_30x56_FINAL,yes,PASS,95,A,It's a shame (that) ...,~라니 안타깝다,95,A,,PASS,I'd kill for/to ...,,I feel sorry for ...,,It's a shame (that) ...,,create example,,"옹호하다, 정당화하다",Family & Friends,9,statement,,,,,,,,VOCAB,,,,,,,,,,,,,,,,,,,,,
TOEFL,T_D01_23,1,23,obvious,분명한,"evident, clear, apparent, conspicuous",adj.,Everyday Essentials,일상에서 바로 쓰는 핵심 표현,75,Core,4,I'm not clear why that fact seems so obvious.,그 사실이 왜 그렇게 명백한지 잘 모르겠다.,I don't understand why it's obvious.,왜 그것이 분명한지 이해하지 못하겠다.,Why does it seem obvious?,왜 그것이 분명해 보이나요?,obvious reason,"[""obvious reason"",""obvious choice"",""obvious answer""]","[""명백한 이유"",""명백한 선택"",""명백한 대답""]",yes,"[""clear"",""evident"",""apparent""]",,obvious = 명백한.,,,10,15,TOEFL_30x56_FINAL,yes,PASS,95,A,I'm not clear ...,~을 잘 모르겠다 / 분명하지 않다,95,A,,PASS,I'm not clear ...,,I'll see ...,,I'll be sure to ...,,create example,,분명한,Business,9,statement,,,,,,,,VOCAB,,,,,,,,,,,,,,,,,,,,,
TOEFL,T_D01_24,1,24,particular,특정한; 특별한,specific; special,adj.,Everyday Essentials,일상에서 바로 쓰는 핵심 표현,75,Core,5,I'll let you know about that particular issue.,그 특정한 문제에 대해 알려줄게요.,I'll inform you about that specific issue.,그 특정한 문제에 대해 알려주겠다.,Which particular issue?,어떤 특정한 문제인가요?,particular concern,"[""particular concern"",""in particular"",""particular reason""]","[""특정한 관심사"",""특히"",""특정한 이유""]",yes,"[""specific"",""special""]",,particular = 특정한.,,,1,3,TOEFL_30x56_FINAL,yes,PASS,95,A,I'll let you know ...,~을 알려줄게요,95,A,,PASS,I'll see ...,,I'll be sure to ...,,I'll let you know ...,,create example,,특정한; 특별한,Daily Life,8,statement,,,,,,,,VOCAB,,,,,,,,,,,,,,,,,,,,,
TOEFL,T_D01_25,1,25,entire,"전체의, 전부의","whole, total, complete",adj.,Everyday Essentials,일상에서 바로 쓰는 핵심 표현,74,Core,5,That's exactly what caused the entire system to crash last night.,그게 바로 어젯밤 전체 시스템이 다운된 원인이었어요.,That was precisely the reason the whole system failed.,그것이 바로 전체 시스템이 실패한 정확한 이유였다.,What caused the entire system crash?,전체 시스템 다운의 원인은 무엇이었나요?,entire system,"[""entire system"",""entire team"",""entire process""]","[""전체 시스템"",""전체 팀"",""전체 과정""]",whole,"[""whole"",""total"",""complete""]",,전체를 검토하면 원인을 빨리 찾을 수 있다.,,Technology: system failure narrative.,1,12,TOEFL_30x56_FINAL,YES,PASS,95,A,That's exactly what ...,바로 그게 ...이다,95,A,,PASS,I'll see ...,,I'll be sure to ...,,I'll let you know ...,,Create a natural example sentence using the selected pattern and sense.,Narrative,"전체의, 전부의",Technology,11,short_narrative,,,,,,,,VOCAB,,,,,,,,,,,,,,,,,,,,,
TOEFL,T_D01_26,1,26,potential,잠재적인; 가능성,"possible, prospective, latent; possibility",adj./n.,Everyday Essentials,일상에서 바로 쓰는 핵심 표현,73,Core,4,Do you think I should investigate that project's potential?,그 프로젝트의 잠재력을 조사해 봐야 한다고 생각하나요?,Should I look into what that project might achieve?,그 프로젝트가 어떤 가능성이 있는지 조사해야 할까요?,Is there potential in that project?,그 프로젝트에 잠재력이 있나요?,project's potential,"[""project potential"",""potential benefits""]","[""프로젝트의 잠재력"",""잠재적 이점""]",possible,"[""possible"",""prospective"",""latent""]",,잠재력은 가능성을 현실로 바꿀 수 있다.,,Hobbies: evaluating new projects or ideas.,14,10,TOEFL_30x56_FINAL,YES,PASS,95,A,Do you think I should ... ?,내가 ~해야 한다고 생각하니?,95,A,,PASS,I'll see ...,,I'll be sure to ...,,I'll let you know ...,,Create a natural example sentence using the selected pattern and sense.,Question,"가능성 있는, 잠재적인",Hobbies,9,question,,,,,,,,VOCAB,,,,,,,,,,,,,,,,,,,,,
TOEFL,T_D01_27,1,27,practical,"실용적인, 효과적인","pragmatic, functional; effective",adj.,Everyday Essentials,일상에서 바로 쓰는 핵심 표현,73,Core,4,What matters most is choosing practical exercises you can maintain.,가장 중요한 것은 당신이 꾸준히 할 수 있는 실용적인 운동을 선택하는 것입니다.,The key is to pick useful routines you will stick with.,핵심은 당신이 지속할 수 있는 유용한 루틴을 선택하는 것이다.,Are these exercises practical for everyday life?,이 운동들이 일상에 실용적입니까?,practical exercises,"[""practical exercises"",""practical solution""]","[""실용적인 운동"",""실용적인 해결책""]",useful,"[""practical"",""useful"",""functional""]",,실용적인 선택이 장기적으로 더 효과적이다.,,Health context: exercise planning.,22,53,TOEFL_30x56_FINAL,YES,PASS,95,A,What matters (the) most is ...,가장 중요한 것은 ...이다,95,A,,PASS,I'll see ...,,I'll be sure to ...,,I'll let you know ...,,Create a natural example sentence using the selected pattern and sense.,Priority Statement,실용적인,Health,10,statement,,,,,,,,VOCAB,,,,,,,,,,,,,,,,,,,,,
TOEFL,T_D01_28,1,28,apparent,명백한; 외관상의,"1. clear, evident, obvious / 2. seeming, exterior, superficial",adj.,Everyday Essentials,일상에서 바로 쓰는 핵심 표현,72,Core,4,I'll see why the error became so apparent this morning.,왜 그 오류가 오늘 아침에 그렇게 명백해졌는지 알아보겠다.,I'll find out why the error was apparent.,오류가 왜 명백했는지 알아보겠다.,Why did it become apparent?,왜 그것이 명백해졌나요?,become apparent,"[""apparently obvious"",""become apparent"",""remain apparent""]","[""분명히 명백한"",""명백해지다"",""명백하게 남다""]",yes,"[""obvious"",""evident""]",,apparent = 명백한/외관상의.,,,3,8,TOEFL_30x56_FINAL,yes,PASS,95,A,I'll see ...,내가 알아볼게,95,A,,PASS,I'm not clear ...,,I'll see ...,,I'll be sure to ...,,create example,,명백한; 외관상의,Business,10,statement,,,,,,,,VOCAB,,,,,,,,,,,,,,,,,,,,,
TOEFL,T_D01_29,1,29,approach,접근하다; 접근법,"come close, move toward, near, reach; method, way",v./n.,Everyday Essentials,일상에서 바로 쓰는 핵심 표현,72,Core,4,"The way I see it, their approach was too cautious.",내가 보기에는 그들의 접근법이 너무 조심스러웠다.,I think their approach was overly cautious.,그들의 접근법은 지나치게 조심스럽다고 생각한다.,Was their approach cautious?,그들의 접근법은 조심스러웠나요?,approach the problem,"[""approach the problem"",""novel approach"",""different approach""]","[""문제에 접근하다"",""새로운 접근법"",""다른 접근법""]",yes,"[""method"",""approach""]",,approach = 접근(법).,,,18,44,TOEFL_30x56_FINAL,yes,PASS,95,A,"The way I see it, ...",내가 보기에는 / 내 생각에는,95,A,,PASS,There's no way ...,,like the way you ...,,"The way I see it, ...",,create example,,접근하다; 접근법,Daily Life,10,statement,,,,,,,,VOCAB,,,,,,,,,,,,,,,,,,,,,
TOEFL,T_D01_30,1,30,complex,"복잡한; 복합 건물, 복합체","intricate, complicated, elaborate, involved; group of buildings/system",adj./n.,Everyday Essentials,일상에서 바로 쓰는 핵심 표현,72,Core,4,What's the point of making this task so complex?,이 작업을 이렇게 복잡하게 만드는게 무슨 의미가 있나요?,Why make the task so complex?,왜 그 일을 그렇게 복잡하게 만들죠?,Why make it complex?,왜 이걸 복잡하게 만드나요?,complex issue,"[""complex system"",""too complex"",""complex issue""]","[""복잡한 시스템"",""너무 복잡한"",""복잡한 문제""]",yes,"[""complicated"",""intricate""]",,complex = 복잡한.,,,15,3,TOEFL_30x56_FINAL,yes,PASS,95,A,What's the point of ...,~해 봤자 무슨 소용이야?,95,A,,PASS,You of all people ...,,What's the point of ...?,,Which of the / these ... ?,,create example,,복잡한,Shopping & Services,9,question,,,,,,,,VOCAB,,,,,,,,,,,,,,,,,,,,,
TOEFL,T_D02_01,2,1,consume,소비하다; 소멸시키다; 먹다,"expend, use up, exhaust; destroy, devastate, demolish; eat, devour",v.,Everyday Essentials,일상에서 바로 쓰는 핵심 표현,72,Core,4,I don't feel up to consuming another lecture today.,오늘은 강의를 더 소화할 여유가 없다.,I lack the energy to sit through another lecture.,나는 강의를 하나 더 듣고 견딜 힘이 없다.,Why doesn't the speaker want another lecture?,화자는 왜 강의를 하나 더 듣고 싶어하지 않나요?,consume resources,"[""consume resources"",""consume energy"",""consume time""]","[""자원을 소비하다"",""에너지를 소비하다"",""시간을 소모하다""]",consume,"[""use up"",""devour"",""absorb""]",consume resources,"consume = (음식·자원 등을) 소비하다, 소모하다",,,18,9,TOEFL_30x56_FINAL,1,DONE,98,A,I don't feel up to ...,~할 기분이나 상태가 아니다,98,A,,PASS,What's up with ...?,,I'm fed up with ...,,Didn't you use to ... ?,,Create one example sentence using the specified pattern.,,감당할/소화할 여유가 없다,School & Learning,9,statement,,,,,,,,VOCAB,,,,,,,,,,,,,,,,,,,,,
TOEFL,T_D02_02,2,2,dynamic,역동적인; 원동력,"active, energetic, vigorous, robust; energy, power, driving force",adj./n.,Everyday Essentials,일상에서 바로 쓰는 핵심 표현,72,Core,4,How do you like the city's dynamic nightlife?,도시의 역동적인 야간 문화는 어때요?,Do you enjoy how energetic the city's nightlife is?,도시의 야간 문화가 얼마나 활기찬지 즐기나요?,What is being asked about the city?,도시에 대해 무엇을 묻고 있나요?,dynamic nightlife,"[""dynamic city"",""dynamic nightlife"",""dynamic environment""]","[""역동적인 도시"",""역동적인 야간 문화"",""역동적인 환경""]",dynamic,"[""energetic"",""lively"",""vigorous""]",dynamic city,dynamic = 활기차고 에너지가 넘치는,,,17,44,TOEFL_30x56_FINAL,1,DONE,97,A,How do you like ... ?,~이 어때요? / 어떻게 생각하세요?,97,A,,PASS,I'll see ...,,I'll be sure to ...,,I'll let you know ...,,Create one example sentence using the specified pattern.,,"역동적인, 활기찬",Travel,8,question,,,,,,,,VOCAB,,,,,,,,,,,,,,,,,,,,,
TOEFL,T_D02_03,2,3,flexible,"유연한, 융통성 있는","pliable, bendable; adaptable, adjustable",adj.,Everyday Essentials,일상에서 바로 쓰는 핵심 표현,72,Core,4,I'm not used to flexible hours yet.,아직 유연한 근무 시간에 익숙하지 않다.,I haven't adapted to having variable work hours.,변동적인 근무 시간에 적응하지 못했다.,What does the speaker struggle with?,화자는 무엇에 익숙하지 않나요?,flexible hours,"[""flexible hours"",""flexible schedule"",""flexible approach""]","[""유연한 근무시간"",""유연한 일정"",""융통성 있는 접근""]",flexible,"[""adaptable"",""pliable"",""adjustable""]",flexible hours,"flexible = 상황에 맞게 조정 가능한, 유연한",,,6,5,TOEFL_30x56_FINAL,1,DONE,96,A,I'm not used to ...ing,~하는 것에 익숙하지 않다,96,A,,PASS,I'll see ...,,I'll be sure to ...,,I'll let you know ...,,Create one example sentence using the specified pattern.,,"유연한, 융통성 있는",Family & Friends,7,question,,,,,,,,VOCAB,,,,,,,,,,,,,,,,,,,,,
TOEFL,T_D02_04,2,4,regular,"정기적인, 일정한","routine, ordinary; consistent",adj.,Everyday Essentials,일상에서 바로 쓰는 핵심 표현,72,Core,4,I'll be sure to schedule regular check-ins weekly.,정기적인 체크인을 매주 일정에 넣을게요.,I will arrange routine meetings every week.,매주 정기 회의를 잡을 것입니다.,What will the speaker arrange?,화자는 무엇을 일정에 넣을 건가요?,regular check-ins,"[""regular check-ins"",""regular updates"",""regular schedule""]","[""정기적인 체크인"",""정기적인 보고"",""정기적인 일정""]",regular,"[""routine"",""consistent"",""periodic""]",regular check-ins,regular = 규칙적이고 정기적인,,,28,45,TOEFL_30x56_FINAL,1,DONE,98,A,I'll be sure to ...,반드시 ~할게요,98,A,,PASS,I'll see ...,,I'll be sure to ...,,I'll let you know ...,,Create one example sentence using the specified pattern.,,"정기적인, 규칙적인",Business,9,statement,,,,,,,,VOCAB,,,,,,,,,,,,,,,,,,,,,
TOEFL,T_D02_05,2,5,secure,확보하다; 안전한,"obtain, get, acquire, procure; safe",v./adj.,Everyday Essentials,일상에서 바로 쓰는 핵심 표현,72,Core,4,How did you get him to secure the package?,어떻게 그에게 소포를 안전하게 보관하게 했어?,What method did you use to make him ensure the package's safety?,그가 소포를 안전하게 하도록 어떻게 설득했나요?,What is the speaker asking about?,화자는 무엇에 대해 묻고 있나요?,secure the package,"[""secure funding"",""secure the site"",""secure the package""]","[""자금을 확보하다"",""현장을 안전하게 하다"",""소포를 안전하게 하다""]",secure,"[""obtain"",""ensure"",""protect""]",secure funding,"secure = 확보하다, 안전하게 하다",,,17,26,TOEFL_30x56_FINAL,1,DONE,96,A,How did you get ... to?,어떻게 ~하게 했어?,96,A,,PASS,I don't get ...,,How did you get ... to?,,I'll see ...,,Create one example sentence using the specified pattern.,,확보하다; 안전하게 하다,Daily Life,9,question,,,,,,,,VOCAB,,,,,,,,,,,,,,,,,,,,,
TOEFL,T_D02_06,2,6,solid,"확고한, 견고한","substantial, fixed, sturdy, robust",adj.,Everyday Essentials,일상에서 바로 쓰는 핵심 표현,72,Core,5,I'll let you know when we have a solid plan.,확실한 계획이 생기면 알려줄게요.,I'll inform you once the plan is firm and reliable.,계획이 확고해지면 알려주겠습니다.,When will the speaker inform the listener?,화자는 언제 상대에게 알릴 건가요?,solid plan,"[""solid foundation"",""solid plan"",""solid evidence""]","[""견고한 기반"",""확고한 계획"",""확실한 증거""]",solid,"[""sturdy"",""substantial"",""robust""]",solid plan,solid = 단단하고 확고한,,,1,45,TOEFL_30x56_FINAL,1,DONE,97,A,I'll let you know ...,~을 알려줄게요,97,A,,PASS,I'll see ...,,I'll be sure to ...,,I'll let you know ...,,Create one example sentence using the specified pattern.,,"견고한, 확고한",Business,10,question,,,,,,,,VOCAB,,,,,,,,,,,,,,,,,,,,,
TOEFL,T_D02_07,2,7,stress,"강조하다; 중점, 강조","emphasize, highlight, underline; emphasis, accent",v./n.,Everyday Essentials,일상에서 바로 쓰는 핵심 표현,72,Core,4,I'll be sure to stress the deadline in the email.,이메일에 마감일을 꼭 강조할게요.,I will emphasize the due date when I send the email.,이메일을 보낼 때 마감일을 강조하겠습니다.,What will the speaker emphasize?,화자는 무엇을 강조할 건가요?,stress the deadline,"[""stress the deadline"",""stress importance"",""stress the point""]","[""마감일을 강조하다"",""중요성을 강조하다"",""요점을 강조하다""]",stress,"[""emphasize"",""highlight"",""underscore""]",stress the deadline,"stress = 강조하다, 중요하게 말하다",,,18,35,TOEFL_30x56_FINAL,1,DONE,98,A,I'll be sure to ...,반드시 ~할게요,98,A,,PASS,I'll see ...,,I'll be sure to ...,,I'll let you know ...,,Create one example sentence using the specified pattern.,,강조하다,Daily Life,10,request_or_suggestion,,,,,,,,VOCAB,,,,,,,,,,,,,,,,,,,,,
TOEFL,T_D02_08,2,8,ultimate,"최후의, 궁극적인; 근본적인","eventual, final, supreme; fundamental, basic, primary",adj.,Everyday Essentials,일상에서 바로 쓰는 핵심 표현,72,Core,4,"I'll tell you what, visit the ultimate viewpoint at sunset.","내가 말하는데, 일몰에 그 최고의 전망대로 가봐.",Here's an idea: go to the best lookout point at sunset.,아이디어 하나: 최고의 전망대에 일몰 때 가보라.,What suggestion does the speaker give?,화자는 어떤 제안을 하나요?,ultimate viewpoint,"[""ultimate goal"",""ultimate decision"",""ultimate viewpoint""]","[""궁극적인 목표"",""최종 결정"",""최고의 전망대""]",ultimate,"[""final"",""supreme"",""definitive""]",ultimate goal,"ultimate = 최종의, 최고(궁극적인)",,,17,3,TOEFL_30x56_FINAL,1,DONE,97,A,"I'll tell you what, ...","있잖아, 내가 이렇게 할게",97,A,,PASS,I'll see ...,,I'll be sure to ...,,I'll let you know ...,,Create one example sentence using the specified pattern.,,"궁극적인, 최종적인",Travel,10,request_or_suggestion,,,,,,,,VOCAB,,,,,,,,,,,,,,,,,,,,,
TOEFL,T_D02_09,2,9,essential,1. 근본적인 / 2. 필수적인,"1. fundamental / 2. indispensable, required",adj.,Everyday Essentials,일상에서 바로 쓰는 핵심 표현,71,Core,4,I'll be sure to bring essential documents to dinner.,저녁 식사에 필수 서류를 꼭 챙겨갈게요.,I will remember to bring the necessary documents to the dinner.,필요한 서류를 저녁에 꼭 가져가겠다.,What will the speaker bring to dinner?,화자는 저녁에 무엇을 가져갈 건가요?,essential documents,"[""essential items"",""essential documents"",""essential information""]","[""필수 항목"",""필수 서류"",""필수 정보""]",essential,"[""indispensable"",""necessary"",""fundamental""]",essential documents,"essential = 필수적인, 없어서는 안 될",,,20,15,TOEFL_30x56_FINAL,1,DONE,98,A,I'll be sure to ...,반드시 ~할게요,98,A,,PASS,I'll see ...,,I'll be sure to ...,,I'll let you know ...,,Create one example sentence using the specified pattern.,,필수적인,Family & Friends,9,request_or_suggestion,,,,,,,,VOCAB,,,,,,,,,,,,,,,,,,,,,
TOEFL,T_D02_10,2,10,immediate,1. 즉각적인 / 2. 인접한,"1. instant, prompt, on-the-spot / 2. nearest, neighboring, adjacent",adj.,Everyday Essentials,일상에서 바로 쓰는 핵심 표현,71,Core,4,I'd appreciate it if you could provide immediate assistance.,즉각적인 도움을 주실 수 있다면 감사하겠습니다.,Please give help right away; I would be grateful.,지금 바로 도움을 주시면 감사하겠습니다.,What is the speaker requesting?,화자는 무엇을 요청하고 있나요?,immediate assistance,"[""immediate response"",""immediate action"",""immediate assistance""]","[""즉각적인 응답"",""즉각적인 조치"",""즉각적인 도움""]",immediate,"[""instant"",""prompt"",""on-the-spot""]",immediate assistance,"immediate = 즉각적인, 지체 없는",,,23,50,TOEFL_30x56_FINAL,1,DONE,99,A,I'd appreciate it if you could ...,~해 주시면 감사하겠습니다,99,A,,PASS,... to say the least,,like the way you ...,,You're the one who ...,,Create one example sentence using the specified pattern.,,즉각적인,Shopping & Services,9,request_or_suggestion,,,,,,,,VOCAB,,,,,,,,,,,,,,,,,,,,,
TOEFL,T_D02_11,2,11,virtual,"거의 ~와 다름없는, 사실상의",almost complete,adj.,Everyday Essentials,일상에서 바로 쓰는 핵심 표현,54,Bridge,3,I'll let you know when the virtual lecture is uploaded.,가상 강의가 업로드되면 알려줄게요.,I'll inform you once the online lecture becomes available.,온라인 강의가 제공되면 알려드리겠다.,When will the speaker inform the listener?,화자는 언제 상대에게 알릴 건가요?,virtual lecture,"[""virtual meeting"",""virtual classroom"",""virtual lecture""]","[""가상 회의"",""가상 교실"",""가상 강의""]",virtual,"[""almost"",""practically"",""nearly""]",virtual classroom,"virtual = 사실상의, 현실과 거의 같은",,,11,57,TOEFL_30x56_FINAL,1,DONE,96,A,I'll let you know ...,~을 알려줄게요,96,A,,PASS,I'll see ...,,I'll be sure to ...,,I'll let you know ...,,Create one example sentence using the specified pattern.,,"사실상의, 거의 ~와 다름없는",School & Learning,10,request_or_suggestion,,,,,,,,VOCAB,,,,,,,,,,,,,,,,,,,,,
TOEFL,T_D02_12,2,12,visible,"눈에 띄는, 명백한",perceptible,adj.,Everyday Essentials,일상에서 바로 쓰는 핵심 표현,54,Bridge,3,Turns out that the stain was visible under bright light.,밝은 빛 아래에서 그 얼룩이 눈에 띄는 것으로 드러났어요.,It became clear that the mark could be seen in strong light.,강한 빛에서 그 자국이 보인다는 것이 분명해졌다.,What did they discover about the stain?,얼룩에 대해 무엇을 발견했나요?,visible under light,"[""clearly visible"",""visible under light"",""visible evidence""]","[""명확히 보이는"",""빛 아래에서 눈에 띄는"",""명백한 증거""]",visible,"[""noticeable"",""perceptible"",""apparent""]",clearly visible,"visible = 눈에 띄는, 명백한",,,10,57,TOEFL_30x56_FINAL,1,DONE,95,A,Turns out (that) ...,알고 보니 ~였다,95,A,,PASS,I'll see ...,,I'll be sure to ...,,I'll let you know ...,,Create one example sentence using the specified pattern.,,"눈에 띄는, 명백한",Daily Life,10,conditional,,,,,,,,VOCAB,,,,,,,,,,,,,,,,,,,,,
TOEFL,T_D02_13,2,13,wrought,만들어진,"created, formed, manufactured",adj.,Everyday Essentials,일상에서 바로 쓰는 핵심 표현,54,Bridge,3,"I must admit, this design was beautifully wrought by experts.",솔직히 말하면 이 디자인은 전문가들에 의해 정교하게 만들어졌어요.,I confess the design was skillfully created by professionals.,솔직히 그 디자인은 전문가들이 능숙하게 만든 것이다.,What is the speaker admitting about the design?,화자는 디자인에 대해 무엇을 인정하나요?,beautifully wrought,"[""finely wrought"",""beautifully wrought"",""carefully wrought""]","[""정교하게 만들어진"",""아름답게 만들어진"",""세심하게 제작된""]",wrought,"[""crafted"",""created"",""forged""]",finely wrought,"wrought = 만들어진, 정교하게 제작된",,,25,10,TOEFL_30x56_FINAL,1,DONE,96,A,"I must admit, ...",솔직히 인정하자면 ~,96,A,,PASS,I'll see ...,,I'll be sure to ...,,I'll let you know ...,,Create one example sentence using the specified pattern.,,"만들어진, 정교하게 만들어진",Business,10,conditional,,,,,,,,VOCAB,,,,,,,,,,,,,,,,,,,,,
TOEFL,T_D02_14,2,14,abandoned,버려진,"no longer occupied, deserted, vacant",adj.,Everyday Essentials,일상에서 바로 쓰는 핵심 표현,53,Bridge,3,There's no excuse for leaving abandoned devices running overnight.,밤새 방치된 기기를 켜둔 것에 대한 변명은 없다.,Leaving unused devices powered overnight is inexcusable.,사용하지 않는 기기를 밤새 켜두는 것은 용납될 수 없다.,What behavior does the speaker condemn?,화자는 어떤 행동을 비난하나요?,abandoned devices,"[""abandoned building"",""abandoned device"",""abandoned project""]","[""버려진 건물"",""버려진 기기"",""중단된 프로젝트""]",abandoned,"[""deserted"",""vacant"",""left behind""]",abandoned building,"abandoned = 버려진, 방치된",,,13,24,TOEFL_30x56_FINAL,1,DONE,97,A,There's no excuse for ...,~은 변명의 여지가 없다,97,A,,PASS,No one would ...,,There's no way ...,,There's no excuse for ...,,Create one example sentence using the specified pattern.,,"버려진, 방치된",Technology,9,conditional,,,,,,,,VOCAB,,,,,,,,,,,,,,,,,,,,,
TOEFL,T_D02_15,2,15,accompany,동반하다,"occur with, come with",v.,Everyday Essentials,일상에서 바로 쓰는 핵심 표현,53,Bridge,3,What's up with songs that accompany every workout playlist?,모든 운동 재생목록에 함께하는 노래들은 도대체 뭐야?,Why do certain songs always come with every exercise playlist?,왜 특정 노래들이 항상 모든 운동 재생목록에 포함되나요?,What is the speaker questioning about songs?,화자는 노래들에 대해 무엇을 문제 삼고 있나요?,accompany every workout,"[""accompany a meal"",""accompany the music"",""accompany every workout""]","[""식사를 동반하다"",""음악을 동반하다"",""모든 운동을 동반하다""]",accompany,"[""accompany"",""come with"",""occur with""]",accompany a meal,"accompany = 함께 일어나다, 동반하다",,,22,19,TOEFL_30x56_FINAL,1,DONE,95,A,What's up with ...?,~은 어떻게 된 거야? / 무슨 일이야?,95,A,,PASS,What's up with ...?,,... is obsessed with ...,,I'm fed up with ...,,Create one example sentence using the specified pattern.,,"동반하다, 함께 일어나다",Hobbies,9,conditional,,,,,,,,VOCAB,,,,,,,,,,,,,,,,,,,,,
TOEFL,T_D02_16,2,16,aggravate,악화시키다,"make worse, worsen, exacerbate",v.,Everyday Essentials,일상에서 바로 쓰는 핵심 표현,53,Bridge,3,What's worse is that cold weather can aggravate joint pain.,더 나쁜 것은 추운 날씨가 관절 통증을 악화시킬 수 있다는 것이다.,Cold conditions may make joint pain even more severe.,추운 환경은 관절 통증을 더 악화시킬 수 있다.,What effect does cold weather have according to the speaker?,화자에 따르면 추운 날씨가 어떤 영향을 미치나요?,aggravate joint pain,"[""aggravate pain"",""aggravate symptoms"",""aggravate joint pain""]","[""통증을 악화시키다"",""증상을 악화시키다"",""관절 통증을 악화시키다""]",aggravate,"[""worsen"",""exacerbate"",""make worse""]",aggravate symptoms,aggravate = 악화시키다,,,12,38,TOEFL_30x56_FINAL,1,DONE,98,A,What's worse is (that) ...,더 나쁜 것은 ~라는 점이다,98,A,,PASS,Don't make me ...,,What's worse is (that) ...,,I'll see ...,,Create one example sentence using the specified pattern.,,악화시키다,Health,10,reason_or_result,,,,,,,,VOCAB,,,,,,,,,,,,,,,,,,,,,
TOEFL,T_D02_17,2,17,allegedly,전해지는 바에 의하면,"supposedly, reportedly",adv.,Everyday Essentials,일상에서 바로 쓰는 핵심 표현,53,Bridge,3,I'll let you know what he allegedly said about taxes.,그가 세금에 대해 전해지는 말로 뭐라고 했는지 알려줄게요.,I will report the claims about his tax comments when I find out.,그의 세금 발언에 대한 전해지는 이야기를 알게 되면 전하겠다.,What will the speaker report?,화자는 무엇을 보고할 건가요?,allegedly said,"[""allegedly said"",""alleged misconduct"",""allegedly involved""]","[""전해지는 바에 따르면 말했다"",""주장된 위법 행위"",""전해지는 관련""]",allegedly,"[""supposedly"",""reportedly"",""purportedly""]",allegedly said,"allegedly = 전해지는 바에 의하면, 소문에 따르면",,,16,40,TOEFL_30x56_FINAL,1,DONE,95,A,I'll let you know ...,~을 알려줄게요,95,A,,PASS,I'll see ...,,I'll be sure to ...,,I'll let you know ...,,Create one example sentence using the specified pattern.,,전해지는 바에 의하면,Daily Life,10,reason_or_result,,,,,,,,VOCAB,,,,,,,,,,,,,,,,,,,,,
TOEFL,T_D02_18,2,18,alternate,번갈아 일어나다,"take turns, rotate, interchange",v.,Everyday Essentials,일상에서 바로 쓰는 핵심 표현,53,Bridge,3,Turns out that teams alternate weekly to share the workload.,알고 보니 팀들이 부담을 나누기 위해 매주 번갈아 일하더군요.,It was revealed that groups take turns each week to split tasks.,팀들이 매주 교대로 업무를 나눈다는 것이 밝혀졌다.,How do teams manage the workload?,팀들은 어떻게 업무를 관리하나요?,alternate weekly,"[""alternate weekly"",""alternate turns"",""alternate responsibilities""]","[""매주 번갈아 일하다"",""교대로 하다"",""책임을 번갈아 맡다""]",alternate,"[""take turns"",""rotate"",""interchange""]",take turns,"alternate = 번갈아 일어나다, 교대로 하다",,,3,38,TOEFL_30x56_FINAL,1,DONE,96,A,Turns out (that) ...,알고 보니 ~였다,96,A,,PASS,Turns out (that) ...,,I'll see ...,,I'll be sure to ...,,Create one example sentence using the specified pattern.,,번갈아 일어나다,Business,10,reason_or_result,,,,,,,,VOCAB,,,,,,,,,,,,,,,,,,,,,
TOEFL,T_D02_19,2,19,ambiguous,모호한,"open to various interpretations, uncertain, obscure",adj.,Everyday Essentials,일상에서 바로 쓰는 핵심 표현,53,Bridge,3,I have to say the instructions are ambiguous and confusing for first-time travelers.,솔직히 말해서 그 지침은 초행자에게 모호하고 혼란스럽습니다.,The directions are unclear and hard to understand for new travelers.,그 지침은 새로운 여행자에게 불분명하고 이해하기 어렵다.,Who finds the instructions confusing?,누가 그 지침을 혼란스럽게 느끼나요?,ambiguous instructions,"[""ambiguous instructions"",""ambiguous wording"",""ambiguous meaning""]","[""모호한 지침"",""모호한 표현"",""모호한 의미""]",ambiguous,"[""unclear"",""vague"",""obscure""]",ambiguous instructions,"ambiguous = 해석이 여러 가지로 가능한, 모호한",,,29,31,TOEFL_30x56_FINAL,1,DONE,94,A,I have to say ...,솔직히 말하면 ~,94,A,,PASS,I'll be sure to ...,,I'm not used to ...ing,,would hate to ...,,Create one example sentence using the specified pattern.,,모호한,Travel,14,reason_or_result,,,,,,,,VOCAB,,,,,,,,,,,,,,,,,,,,,
TOEFL,T_D02_20,2,20,ambitious,야심 있는,"desiring success, aspiring",adj.,Everyday Essentials,일상에서 바로 쓰는 핵심 표현,53,Bridge,3,I'll see how ambitious your training plan is before committing.,헌신하기 전에 당신의 훈련 계획이 얼마나 야심적인지 볼게요.,I'll check the level of ambition in your program before I decide.,결정하기 전에 당신 계획의 야심 수준을 확인하겠다.,What will the speaker evaluate?,화자는 무엇을 평가할 건가요?,ambitious plan,"[""ambitious plan"",""ambitious goals"",""ambitious project""]","[""야심적인 계획"",""야심 찬 목표"",""야심적인 프로젝트""]",ambitious,"[""aspiring"",""driven"",""ambitious""]",ambitious plan,ambitious = 큰 성공을 바라며 야망 있는,,,15,25,TOEFL_30x56_FINAL,1,DONE,95,A,I'll see ...,내가 알아볼게,95,A,,PASS,I'll see ...,,I'll be sure to ...,,I'll let you know ...,,Create one example sentence using the specified pattern.,,야심 있는,Family & Friends,10,contrast_or_concession,,,,,,,,VOCAB,,,,,,,,,,,,,,,,,,,,,
TOEFL,T_D02_21,2,21,analogous,유사한,"similar, comparable, like, parallel",adj.,Everyday Essentials,일상에서 바로 쓰는 핵심 표현,53,Bridge,3,What's it like to have an analogous example in everyday life?,일상에서 유사한 예를 갖는 건 어떤 기분인가요?,How does it feel to encounter a similar example in daily situations?,일상 상황에서 비슷한 예를 마주하는 것은 어떤가요?,What is being compared to everyday life?,무엇이 일상생활과 비교되고 있나요?,analogous example,"[""analogous situation"",""analogous example"",""analogous case""]","[""유사한 상황"",""유사한 예"",""유사한 사례""]",analogous,"[""similar"",""comparable"",""parallel""]",analogous situation,"analogous = 유사한, 비슷한",,,29,1,TOEFL_30x56_FINAL,1,DONE,95,A,What's it like ... ?,~은 어떤가요?,95,A,,PASS,What's it like ... ?,,There's nothing like ...,,like the way you ...,,Create one example sentence using the specified pattern.,,유사한,Daily Life,11,contrast_or_concession,,,,,,,,VOCAB,,,,,,,,,,,,,,,,,,,,,
TOEFL,T_D02_22,2,22,anonymous,익명의,"unknown, unnamed, unidentified, innominate",adj.,Everyday Essentials,일상에서 바로 쓰는 핵심 표현,53,Bridge,3,"I'm sorry, but the review came from an anonymous customer.",죄송하지만 그 리뷰는 익명의 고객으로부터 온 것입니다.,"Apologies, however the feedback was submitted anonymously.",죄송하지만 그 피드백은 익명으로 제출되었습니다.,What detail does the speaker reveal about the review?,화자는 리뷰에 대해 어떤 세부사항을 밝히나요?,anonymous customer,"[""anonymous donor"",""anonymous tip"",""anonymous customer""]","[""익명의 기부자"",""익명의 제보"",""익명의 고객""]",anonymous,"[""unnamed"",""unidentified"",""unknown""]",anonymous tip,"anonymous = 익명의, 신원이 밝혀지지 않은",,,13,49,TOEFL_30x56_FINAL,1,DONE,96,A,"I'm sorry, but ...",미안하지만 ...,96,A,,PASS,I'll see ...,,I'll be sure to ...,,I'll let you know ...,,Create one example sentence using the specified pattern.,,익명의,Shopping & Services,10,contrast_or_concession,,,,,,,,VOCAB,,,,,,,,,,,,,,,,,,,,,
TOEFL,T_D02_23,2,23,assertive,"자기주장이 강한, 독단적인","forceful, dogmatic",adj.,Everyday Essentials,일상에서 바로 쓰는 핵심 표현,53,Bridge,3,That is quite an assertive presentation for a meeting.,그건 회의에서 꽤 자기주장적인 발표였다.,The speaker spoke firmly and confidently.,발표자가 단호하고 자신감 있게 말했다.,Was the presentation assertive?,발표가 자기주장적이었나요?,assertive presentation,"[""assertive presentation"",""assertive approach"",""assertive behavior""]","[""자기주장적인 발표"",""자기주장적인 접근"",""자기주장적 행동""]",forceful,"[""forceful"",""dominant"",""confident""]",quite an assertive,주장을 강하게 하는 태도,,,16,6,TOEFL_30x56_FINAL,1,PASS,95,A,This/That is quite a ...,꽤 ~다,95,A,,PASS,I'll see ...,,I'll be sure to ...,,I'll let you know ...,,Create example sentence,comment,자기주장이 강한 태도를 나타내는,Business,9,short_narrative,,,,,,,,VOCAB,,,,,,,,,,,,,,,,,,,,,
TOEFL,T_D02_24,2,24,augment,증가시키다,supplement,v.,Everyday Essentials,일상에서 바로 쓰는 핵심 표현,53,Bridge,3,I'll see about augmenting the lecture with examples.,강의에 예시를 추가할지 알아볼게.,I'll check whether I can add examples to the lecture.,강의에 예시를 추가할 수 있는지 확인하겠다.,Will you augment the lecture?,강의에 예시를 추가할 건가요?,augment the lecture,"[""augment resources"",""augment data"",""augment the lecture""]","[""자원을 증가시키다"",""데이터를 늘리다"",""강의를 보충하다""]",supplement,"[""supplement"",""increase"",""boost""]",augmenting the lecture,"augment = 추가하다, 보충하다",,,16,22,TOEFL_30x56_FINAL,1,PASS,95,A,I'll see ...,내가 알아볼게...,95,A,,PASS,I'll see ...,,I'll be sure to ...,,I'll let you know ...,,Create example sentence,offer,추가하여 보충하다,School & Learning,8,short_narrative,,,,,,,,VOCAB,,,,,,,,,,,,,,,,,,,,,
TOEFL,T_D02_25,2,25,mutation,"돌연변이, 변화","change, variation, alteration",n.,Everyday Essentials,일상에서 바로 쓰는 핵심 표현,47,Advanced,2,Which of these mutations should we monitor closely?,이 돌연변이들 중 어느 것을 면밀히 관찰해야 하나요?,Which mutation needs the most monitoring?,어떤 돌연변이가 가장 관찰이 필요한가요?,Which mutation should we monitor?,어떤 돌연변이를 관찰해야 하나요?,genetic mutation,"[""genetic mutation"",""mutation rate"",""harmful mutation""]","[""유전적 돌연변이"",""돌연변이율"",""해로운 돌연변이""]",variation,"[""variation"",""alteration"",""change""]",these mutations,"mutation = 돌연변이, 갑작스런 변화",,,21,51,TOEFL_30x56_FINAL,1,PASS,95,A,Which of the / these ... ?,이 중 어느 ~?,95,A,,PASS,I'll see ...,,I'll be sure to ...,,I'll let you know ...,,Create example sentence,question,유전적 또는 상태상의 변화,Daily Life,8,short_narrative,,,,,,,,VOCAB,,,,,,,,,,,,,,,,,,,,,
TOEFL,T_D02_26,2,26,nevertheless,그럼에도 불구하고,"in spite of that, however, still, yet, nonetheless",adv.,Everyday Essentials,일상에서 바로 쓰는 핵심 표현,47,Advanced,2,"Except that it rained, nevertheless the trip was surprisingly fun.","비가 왔다는 점을 제외하면, 그 여행은 놀랍게도 즐거웠다.","Although it rained, the trip was still enjoyable.",비가 왔지만 여행은 여전히 즐거웠다.,What contrast does the speaker note about the trip?,화자는 여행에 대해 어떤 대조를 언급하나요?,nevertheless the trip,"[""nevertheless the trip"",""nevertheless we enjoyed"",""nevertheless it was fun""]","[""그럼에도 불구하고 여행은"",""그럼에도 우리가 즐겼다"",""그럼에도 불구하고 재미있었다""]",nevertheless,"[""however"",""nonetheless"",""still""]",nevertheless enjoyable,nevertheless = 그럼에도 불구하고,,,11,4,TOEFL_30x56_FINAL,1,DONE,96,A,Except (that) ...,~라는 점만 제외하면 / 다만 ~라는 점은,96,A,,PASS,I'm in the middle of ...,,That's where ...,,Except (that) ...,,Create one example sentence using the specified pattern.,,그럼에도 불구하고,Travel,10,comparison,,,,,,,,VOCAB,,,,,,,,,,,,,,,,,,,,,
TOEFL,T_D02_27,2,27,adapt,적응하다,"adjust, acclimate, conform",v.,Expressing Opinions,생각과 선호 말하기,69,Core,3,I'm not used to adapting to sudden changes.,나는 갑작스러운 변화에 적응하는 데 익숙하지 않다.,I have difficulty adjusting to sudden changes.,갑작스러운 변화에 적응하는 데 어려움이 있다.,Are you used to sudden changes?,갑작스러운 변화에 익숙하나요?,adapt to change,"[""adapt to"",""adapt quickly"",""adapt to change""]","[""~에 적응하다"",""빠르게 적응하다"",""변화에 적응하다""]",adjust,"[""adjust"",""acclimate"",""conform""]",adapting to sudden changes,adapt = 환경에 맞게 조정하다,,,18,46,TOEFL_30x56_FINAL,1,PASS,95,A,I'm not used to ...ing,익숙하지 않다,95,A,,PASS,I'll see ...,,I'll be sure to ...,,I'll let you know ...,,Create example sentence,habit,새 상황에 적응하다,Family & Friends,8,comparison,,,,,,,,VOCAB,,,,,,,,,,,,,,,,,,,,,
TOEFL,T_D02_28,2,28,adequate,충분한,"sufficient, satisfactory",adj.,Expressing Opinions,생각과 선호 말하기,69,Core,3,I have to say the food was adequate but not exceptional for a business dinner.,솔직히 말하면 그 음식은 비즈니스 만찬으로는 충분했지만 뛰어나지는 않았어요.,The meal met basic expectations but lacked excellence for a formal dinner.,그 식사는 기본 기대는 충족했지만 공식 만찬에 어울리는 수준은 아니었다.,How does the speaker evaluate the food?,화자는 음식을 어떻게 평가하나요?,adequate but not exceptional,"[""adequate performance"",""adequate resources"",""adequate but not exceptional""]","[""충분한 성과"",""충분한 자원"",""충분하지만 뛰어나지는 않은""]",adequate,"[""sufficient"",""satisfactory"",""enough""]",adequate resources,"adequate = 충분한, 만족스러운 수준의",,,27,6,TOEFL_30x56_FINAL,1,DONE,95,A,I have to say ...,솔직히 말하면 ~,95,A,,PASS,I'll see ...,,I'll be sure to ...,,I'll let you know ...,,Create one example sentence using the specified pattern.,,충분한,Business,15,comparison,,,,,,,,VOCAB,,,,,,,,,,,,,,,,,,,,,
TOEFL,T_D02_29,2,29,exclude,"제외하다, 배제하다","keep out, leave out",v.,Expressing Opinions,생각과 선호 말하기,69,Core,4,Turns out that the club will exclude members who repeatedly ignore the safety rules.,알고 보니 그 동호회는 안전 규칙을 반복해서 무시하는 회원들을 제외할 거래요.,It was revealed the club plans to remove members who break safety rules repeatedly.,동호회가 안전 규칙을 반복해서 위반하는 회원들을 제외할 계획이라는 것이 드러났다.,Who will the club exclude?,클럽은 누구를 제외할 건가요?,exclude members,"[""exclude members"",""exclude from consideration"",""exclude certain items""]","[""구성원을 제외하다"",""검토에서 제외하다"",""특정 항목을 제외하다""]",exclude,"[""leave out"",""keep out"",""bar""]",exclude from consideration,"exclude = 제외하다, 배제하다",,,1,53,TOEFL_30x56_FINAL,1,DONE,97,A,Turns out (that) ...,알고 보니 ~였다,97,A,,PASS,Turns out (that) ...,,I'm not cut out for /to ...,,I'll see ...,,Create one example sentence using the specified pattern.,,"제외하다, 배제하다",Daily Life,14,statement,,,,,,,,VOCAB,,,,,,,,,,,,,,,,,,,,,
TOEFL,T_D02_30,2,30,initial,최초의,"first, original, earliest",adj.,Expressing Opinions,생각과 선호 말하기,69,Core,3,I don't get the initial setup process at all.,초기 설치 과정이 전혀 이해가 안 돼.,I can't understand the first setup steps.,처음 설치 단계들을 이해할 수 없다.,Do you understand the initial setup?,초기 설치를 이해하나요?,initial setup,"[""initial setup"",""initial release"",""initial version""]","[""초기 설치"",""초기 출시"",""초기 버전""]",first,"[""first"",""primary"",""original""]",initial setup process,"initial = 처음의, 최초의",,,20,14,TOEFL_30x56_FINAL,1,PASS,95,A,I don't get ...,이해가 안 된다,95,A,,PASS,I'll see ...,,I'll be sure to ...,,I'll let you know ...,,Create example sentence,frustration,"처음의, 최초의",Technology,9,statement,,,,,,,,VOCAB,,,,,,,,,,,,,,,,,,,,,
TOEFL,T_D03_01,3,1,manage to,간신히 ~하다,be able to,phr.,Expressing Opinions,생각과 선호 말하기,69,Core,3,I just can't seem to manage to relax.,도무지 긴장을 풀 수가 없어.,I can't seem to calm down.,진정할 수 없는 것 같다.,,,,,,,,,,,,14,59,TOEFL_30x56_FINAL,,PASS,95,A,(just) can't seem to ...,도무지 ~하지 못하는 것 같다,95,A,,PASS,I'll be sure to ...,,There's going to / gonna be ...,,I'm not used to ...ing,,Create a natural example sentence using the selected pattern.,,간신히 ~하다,Hobbies,8,statement,,,,,,,,VOCAB,,,,,,,,,,,,,,,,,,,,,
TOEFL,T_D03_02,3,2,mature,성숙해지다,"get older, grow up, age",v.,Expressing Opinions,생각과 선호 말하기,69,Core,4,I don't get why he won't mature.,난 그가 왜 성숙해지지 않는지 이해가 안 돼.,I don't understand why he won't grow up.,그가 왜 어른처럼 행동하지 않는지 이해하지 못하겠다.,,,,,,,,,,,,1,54,TOEFL_30x56_FINAL,,PASS,95,A,I don't get ...,이해가 안 된다,95,A,,PASS,I don't get ...,,What's up with ...?,,I'm fed up with ...,,Create a natural example sentence using the selected pattern.,,성숙해지다,Health,7,statement,,,,,,,,VOCAB,,,,,,,,,,,,,,,,,,,,,
TOEFL,T_D03_03,3,3,overall,전반적인,"general, total, comprehensive",adj.,Expressing Opinions,생각과 선호 말하기,69,Core,3,"I'll tell you what, overall it's not worth it.","내가 말하자면, 전반적으로 그건 가치가 없어.","All in all, it's not worth it.",결국 전반적으로 보면 그건 가치가 없다.,,,,,,,,,,,,18,10,TOEFL_30x56_FINAL,,PASS,95,A,"I'll tell you what, ...","있잖아, 내가 이렇게 할게",95,A,,PASS,I'll see ...,,I'll be sure to ...,,I'll let you know ...,,Create a natural example sentence using the selected pattern.,,전반적인,Business,9,statement,,,,,,,,VOCAB,,,,,,,,,,,,,,,,,,,,,
TOEFL,T_D03_04,3,4,overlook,간과하다,"miss, fail to notice",v.,Expressing Opinions,생각과 선호 말하기,69,Core,3,I would hate to overlook that important detail.,그 중요한 세부사항을 간과하게 된다면 싫을 거예요.,I wouldn't want to miss that important detail.,그 중요한 세부사항을 놓치고 싶지 않다.,,,,,,,,,,,,17,45,TOEFL_30x56_FINAL,,PASS,95,A,would hate to ...,~하고 싶지 않다 / ~하면 정말 싫다,95,A,,PASS,I'll be sure to ...,,I'm not used to ...ing,,would hate to ...,,Create a natural example sentence using the selected pattern.,,간과하다,Daily Life,8,statement,,,,,,,,VOCAB,,,,,,,,,,,,,,,,,,,,,
TOEFL,T_D03_05,3,5,primary,기본적인,"fundamental, elementary, basic",adj.,Expressing Opinions,생각과 선호 말하기,69,Core,3,I'll let you know the primary goal tomorrow.,내일 기본적인 목표를 알려줄게.,I'll inform you of the main goal tomorrow.,내일 그 주요 목표를 알려드리겠다.,,,,,,,,,,,,26,17,TOEFL_30x56_FINAL,,PASS,95,A,I'll let you know ...,~을 알려줄게요,95,A,,PASS,I'll see ...,,I'll be sure to ...,,I'll let you know ...,,Create a natural example sentence using the selected pattern.,,기본적인,Shopping & Services,8,statement,,,,,,,,VOCAB,,,,,,,,,,,,,,,,,,,,,
TOEFL,T_D03_06,3,6,promote,촉진하다,"encourage, advance, further, forward",v.,Expressing Opinions,생각과 선호 말하기,69,Core,3,I don't know how to promote our new workshop.,우리의 새 워크숍을 어떻게 홍보해야 할지 모르겠어.,I don't know the best way to advertise the workshop.,워크숍을 홍보하는 최선의 방법을 모르겠다.,,,,,,,,,,,,18,11,TOEFL_30x56_FINAL,,PASS,95,A,I don't know how ...,어떻게 ~하는지 모르겠다,95,A,,PASS,I'll see ...,,I'll be sure to ...,,I'll let you know ...,,Create a natural example sentence using the selected pattern.,,촉진하다,School & Learning,9,statement,,,,,,,,VOCAB,,,,,,,,,,,,,,,,,,,,,
TOEFL,T_D03_07,3,7,rapid,빠른,"fast, quick, speedy, swift",adj.,Expressing Opinions,생각과 선호 말하기,69,Core,3,You're gonna have to accept rapid changes here.,여기선 빠른 변화들을 받아들여야 할 거야.,You must adapt to quick changes here.,여기서는 빠른 변화에 적응해야 한다.,,,,,,,,,,,,18,39,TOEFL_30x56_FINAL,,PASS,95,A,You're gonna have to ...,너는 ~해야 할 거야,95,A,,PASS,I'll see ...,,I'll be sure to ...,,I'll let you know ...,,Create a natural example sentence using the selected pattern.,,빠른,Travel,8,statement,,,,,,,,VOCAB,,,,,,,,,,,,,,,,,,,,,
TOEFL,T_D03_08,3,8,relative,상대적인,comparable,adj.,Expressing Opinions,생각과 선호 말하기,69,Core,3,"I'll tell you what, it's all relative anyway.","내가 말하자면, 결국 다 상대적이야.",Things are relative in any case.,어떤 면에서는 모든 것이 상대적이다.,,,,,,,,,,,,17,2,TOEFL_30x56_FINAL,,PASS,95,A,"I'll tell you what, ...","있잖아, 내가 이렇게 할게",95,A,,PASS,I'll see ...,,I'll be sure to ...,,I'll let you know ...,,Create a natural example sentence using the selected pattern.,,상대적인,Family & Friends,8,statement,,,,,,,,VOCAB,,,,,,,,,,,,,,,,,,,,,
TOEFL,T_D03_09,3,9,relevant,"관련된, 적절한","applicable, pertinent, germane",adj.,Expressing Opinions,생각과 선호 말하기,69,Core,3,I'll let you know if anything relevant comes up.,관련된 일이 생기면 알려줄게.,I'll inform you when relevant information appears.,관련 정보가 나타나면 알려드리겠습니다.,,,,,,,,,,,,15,22,TOEFL_30x56_FINAL,,PASS,95,A,I'll let you know ...,~을 알려줄게요,95,A,,PASS,I'll see ...,,I'll be sure to ...,,I'll let you know ...,,Create a natural example sentence using the selected pattern.,,"관련된, 적절한",Business,9,statement,,,,,,,,VOCAB,,,,,,,,,,,,,,,,,,,,,
TOEFL,T_D03_10,3,10,state,명시하다,"indicate, specify, express",v.,Expressing Opinions,생각과 선호 말하기,69,Core,3,I'll be sure to state our requirements clearly.,요구 사항을 분명히 명시할게.,I'll clearly state what we need.,우리가 필요한 것을 분명히 말하겠다.,,,,,,,,,,,,17,35,TOEFL_30x56_FINAL,,PASS,95,A,I'll be sure to ...,반드시 ~할게요,95,A,,PASS,I'll see ...,,I'll be sure to ...,,I'll let you know ...,,Create a natural example sentence using the selected pattern.,,명시하다,Daily Life,8,statement,,,,,,,,VOCAB,,,,,,,,,,,,,,,,,,,,,
TOEFL,T_D03_11,3,11,tolerate,"용인하다, 참다","accept, allow, permit",v.,Expressing Opinions,생각과 선호 말하기,69,Core,3,I'll see whether I can tolerate that noise.,그 소음을 참을 수 있는지 알아볼게.,I'll check if I can put up with the noise.,그 소음을 견딜 수 있는지 확인하겠다.,,,,,,,,,,,,17,56,TOEFL_30x56_FINAL,,PASS,95,A,I'll see ...,내가 알아볼게,95,A,,PASS,I'll see ...,,I'll be sure to ...,,I'll let you know ...,,Create a natural example sentence using the selected pattern.,,"용인하다, 참다",Business,8,statement,,,,,,,,VOCAB,,,,,,,,,,,,,,,,,,,,,
TOEFL,T_D03_12,3,12,typical of,~을 대표하는,"characteristic of, representative of",phr.,Expressing Opinions,생각과 선호 말하기,69,Core,3,You of all people know that's typical of him.,여러 사람 중에서도 네가 그가 전형적이라는 걸 알잖아.,"Of all people, you know that's characteristic of him.",여러 사람 중에서도 네가 그에게 전형적이라는 것을 알 것이다.,,,,,,,,,,,,7,20,TOEFL_30x56_FINAL,,PASS,95,A,You of all people ...,다른 누구도 아닌 네가 ~,95,A,,PASS,You of all people ...,,What's the point of ...?,,Which of the / these ... ?,,Create a natural example sentence using the selected pattern.,,~을 대표하는,Daily Life,9,statement,,,,,,,,VOCAB,,,,,,,,,,,,,,,,,,,,,
TOEFL,T_D03_13,3,13,anticipate,예상하다,"expect, foresee, predict, forecast",v.,Expressing Opinions,생각과 선호 말하기,68,Core,3,I'll see if we can anticipate any schedule delays.,일정 지연을 예측할 수 있는지 알아보겠다.,I'll check whether we can predict schedule delays.,일정 지연을 예측할 수 있는지 확인하겠다.,,,,,,,,,,,,17,36,TOEFL_30x56_FINAL,,PASS,95,A,I'll see ...,내가 알아볼게,95,A,,PASS,I'll see ...,,I'll be sure to ...,,I'll let you know ...,,Create a natural example sentence using the selected pattern.,,예상하다,Travel,9,statement,,,,,,,,VOCAB,,,,,,,,,,,,,,,,,,,,,
TOEFL,T_D03_14,3,14,compatible,"일치하는, 양립할 수 있는","consistent, congruous, consonant",adj.,Expressing Opinions,생각과 선호 말하기,68,Core,3,I'll let you know if they're compatible with ours.,그들이 우리 것과 호환되는지 알려줄게.,I'll tell you whether they match our requirements.,그것들이 우리 요구 사항과 일치하는지 알려주겠다.,,,,,,,,,,,,18,33,TOEFL_30x56_FINAL,,PASS,95,A,I'll let you know ...,~을 알려줄게요,95,A,,PASS,I'll see ...,,I'll be sure to ...,,I'll let you know ...,,Create a natural example sentence using the selected pattern.,,"일치하는, 양립할 수 있는",Family & Friends,9,statement,,,,,,,,VOCAB,,,,,,,,,,,,,,,,,,,,,
TOEFL,T_D03_15,3,15,competent,유능한,"adept, skilled, capable",adj.,Expressing Opinions,생각과 선호 말하기,68,Core,3,I'll be sure to hire a competent manager.,유능한 매니저를 꼭 고용할게.,I'll make sure we hire a capable manager.,우리가 능력 있는 매니저를 고용하도록 하겠다.,,,,,,,,,,,,18,51,TOEFL_30x56_FINAL,,PASS,95,A,I'll be sure to ...,반드시 ~할게요,95,A,,PASS,I'll see ...,,I'll be sure to ...,,I'll let you know ...,,Create a natural example sentence using the selected pattern.,,유능한,Shopping & Services,8,statement,,,,,,,,VOCAB,,,,,,,,,,,,,,,,,,,,,
TOEFL,T_D03_16,3,16,incredible,믿기 힘든,"unbelievable, inconceivable, unimaginable",adj.,Expressing Opinions,생각과 선호 말하기,68,Core,3,I'm not used to seeing incredible results in experiments.,실험에서 믿기 힘든 결과를 보는 것에 익숙하지 않다.,I rarely see such unbelievable experimental outcomes.,나는 그런 믿기 힘든 실험 결과를 거의 보지 못한다.,Have you seen amazing experimental results?,이전에 놀라운 실험 결과를 본 적 있나요?,incredible results,"['incredible results', 'incredible discovery']","['믿기 힘든 결과', '믿기 힘든 발견']",no,[],incredible results,incredible = 믿기 힘든,,,18,52,TOEFL_30x56_FINAL,yes,PASS,96,A,I'm not used to ...ing,나는 ...하는 것에 익숙하지 않다,95,A,,Final,I'll see ...,,I'll be sure to ...,,I'll let you know ...,,example_generation,Adaptation,"믿기 힘든, 매우 놀라운",School & Learning,9,simple_statement,,,,,,,,VOCAB,,,,,,,,,,,,,,,,,,,,,
TOEFL,T_D03_17,3,17,respective,"각각의, 개별적인","particular, individual",adj.,Expressing Opinions,생각과 선호 말하기,68,Core,3,I'll be sure to check their respective schedules.,각자의 일정을 꼭 확인할게.,I'll verify each person's schedule.,각 사람의 일정을 확인하겠다.,,,,,,,,,,,,18,36,TOEFL_30x56_FINAL,,PASS,95,A,I'll be sure to ...,반드시 ~할게요,95,A,,PASS,I'll see ...,,I'll be sure to ...,,I'll let you know ...,,Create a natural example sentence using the selected pattern.,,"각각의, 개별적인",Daily Life,8,statement,,,,,,,,VOCAB,,,,,,,,,,,,,,,,,,,,,
TOEFL,T_D03_18,3,18,routinely,일상적으로,"commonly, regularly, habitually",adv.,Expressing Opinions,생각과 선호 말하기,68,Core,3,"I'm sorry, but it's not something I do routinely.",죄송하지만 그건 제가 일상적으로 하는 일이 아닙니다.,I usually don't do that as a routine.,나는 보통 그것을 일상적으로 하지 않습니다.,,,,,,,,,,,,18,45,TOEFL_30x56_FINAL,,PASS,95,A,"I'm sorry, but ...",미안하지만 ...,95,A,,PASS,I'll see ...,,I'll be sure to ...,,I'll let you know ...,,Create a natural example sentence using the selected pattern.,,일상적으로,Business,9,statement,,,,,,,,VOCAB,,,,,,,,,,,,,,,,,,,,,
TOEFL,T_D03_19,3,19,subsequent,그 다음의,"succeeding, following, later",adj.,Expressing Opinions,생각과 선호 말하기,68,Core,3,I said I'd handle the subsequent tasks.,내가 그 다음 작업들을 처리하겠다고 말했어.,I promised I'd take care of the following tasks.,나는 다음 작업들을 처리하겠다고 약속했다.,,,,,,,,,,,,7,13,TOEFL_30x56_FINAL,,PASS,95,A,I said I'd ...,내가 ~하겠다고 말했어,95,A,,PASS,I'll see ...,,I'll be sure to ...,,I'll let you know ...,,Create a natural example sentence using the selected pattern.,,그 다음의,Technology,7,statement,,,,,,,,VOCAB,,,,,,,,,,,,,,,,,,,,,
TOEFL,T_D03_20,3,20,temporary,일시적인,"short-lived, makeshift, for a limited time, transitory",adj.,Expressing Opinions,생각과 선호 말하기,68,Core,3,I'm having a hard time accepting this temporary change.,이 일시적인 변화를 받아들이기 힘들어.,I find it difficult to accept the short-term change.,나는 그 단기 변화를 받아들이기 어렵다고 느낀다.,,,,,,,,,,,,10,32,TOEFL_30x56_FINAL,,PASS,95,A,I'm having a hard time ...ing,~하는 데 어려움을 겪고 있다,95,A,,PASS,I'm having a hard time ...ing,,Every time (that) ...,,I'd kill for/to ...,,Create a natural example sentence using the selected pattern.,,일시적인,Hobbies,9,statement,,,,,,,,VOCAB,,,,,,,,,,,,,,,,,,,,,
TOEFL,T_D03_21,3,21,assume,1. (책임·임무를) 떠맡다 / 2. 생각하다,"1. undertake, take on, adopt / 2. believe, think, suppose, presume",v.,Expressing Opinions,생각과 선호 말하기,67,Core,3,Who do you think will assume leadership?,누가 지도자 역할을 맡을 것 같니?,Who is expected to take on leadership?,누가 책임자 역할을 맡을 것으로 예상되나요?,,,,,,,,,,,,26,2,TOEFL_30x56_FINAL,,PASS,95,A,Who do you think ...?,누가/무엇이 ~라고 생각해?,95,A,,PASS,I think you deserve ...,,You won't believe ...,,Who do you think ...?,,Create a natural example sentence using the selected pattern.,,떠맡다 (책임을 맡다),Health,7,question,,,,,,,,VOCAB,,,,,,,,,,,,,,,,,,,,,
TOEFL,T_D03_22,3,22,clear,1. 분명한 / 2. 치우다,"1. apparent, obvious, lucid / 2. remove, clean",adj./v.,Expressing Opinions,생각과 선호 말하기,67,Core,3,I'm not clear what you mean by clear.,네가 '분명하다'고 할 때 무슨 뜻인지 잘 모르겠어.,I don't understand your use of the word clear.,당신이 '분명하다'라는 단어를 어떻게 쓰는지 이해하지 못하겠다.,,,,,,,,,,,,29,9,TOEFL_30x56_FINAL,,PASS,95,A,I'm not clear ...,~을 잘 모르겠다 / 분명하지 않다,95,A,,PASS,I'm not clear ...,,I'll see ...,,I'll be sure to ...,,Create a natural example sentence using the selected pattern.,,분명한,Daily Life,8,statement,,,,,,,,VOCAB,,,,,,,,,,,,,,,,,,,,,
TOEFL,T_D03_23,3,23,appropriate,적절한,"suitable, proper, applicable",adj.,Expressing Opinions,생각과 선호 말하기,66,Core,3,"I must admit, the timing seems appropriate for launch.",솔직히 말하면 출시 시점이 적절해 보인다.,"Honestly, the launch timing looks suitable.",솔직히 말하면 출시 시점이 적합해 보인다.,Do you agree with this timing?,이 시점에 동의하나요?,appropriate timing,"['appropriate timing', 'appropriate measure']","['적절한 시점', '적절한 조치']",no,[],appropriate for,appropriate = 적절한,,,6,34,TOEFL_30x56_FINAL,yes,PASS,95,A,"I must admit, ...","솔직히 말하면,",94,A,,Final,I'll see ...,,I'll be sure to ...,,I'll let you know ...,,example_generation,Opinion/Admission,"적절한, 상황에 맞는",Business,9,opinion_statement,,,,,,,,VOCAB,,,,,,,,,,,,,,,,,,,,,
TOEFL,T_D03_24,3,24,assess,평가하다,"evaluate, estimate, judge, appraise",v.,Expressing Opinions,생각과 선호 말하기,66,Core,3,I can't afford to assess every itinerary before booking.,예약 전에 모든 일정표를 평가할 여유가 없다.,There isn't time to evaluate each itinerary before booking.,예약 전에 각 일정표를 평가할 시간이 없다.,Can you quickly evaluate important routes?,중요한 경로를 빨리 평가할 수 있나요?,assess an itinerary,"['assess an itinerary', 'assess risk', 'assess damage']","['일정표 평가하다', '위험을 평가하다', '손해를 평가하다']",no,[],assess an itinerary,assess = 평가하다,,,8,3,TOEFL_30x56_FINAL,yes,PASS,96,A,I can't afford to ...,나는 ...할 여유가 없다,95,A,,Final,I'll see ...,,I'll be sure to ...,,I'll let you know ...,,example_generation,Ability/Constraint,"평가하다, 판단하다",Travel,9,constraint_statement,,,,,,,,VOCAB,,,,,,,,,,,,,,,,,,,,,
TOEFL,T_D03_25,3,25,detect,"발견하다, 탐지하다","discover, find, identify, recognize, sense",v.,Expressing Opinions,생각과 선호 말하기,66,Core,3,You can never tell when she'll detect a hidden message.,그녀가 숨겨진 메시지를 언제 발견할지 알 수 없다.,It's impossible to predict when she'll notice secret notes.,그녀가 비밀 쪽지를 언제 알아차릴지 예측할 수 없다.,Did she ever find a hidden note before?,그녀가 전에 숨은 쪽지를 찾은 적 있나요?,detect a hidden message,"['detect a hidden message', 'detect a signal', 'detect a problem']","['숨겨진 메시지를 발견하다', '신호를 감지하다', '문제를 감지하다']",no,[],detect a hidden message,"detect = 탐지하다, 발견하다",,,6,4,TOEFL_30x56_FINAL,yes,PASS,96,A,You can never tell ...,예측할 수 없다,95,A,,Final,I'll see ...,,I'll be sure to ...,,I'll let you know ...,,example_generation,Uncertainty,"발견하다, 찾아내다",Family & Friends,10,uncertainty_statement,,,,,,,,VOCAB,,,,,,,,,,,,,,,,,,,,,
TOEFL,T_D03_26,3,26,determine,1. 결정하다 / 2. 측정하다,"1. decide, resolve, conclude / 2. figure out, calculate",v.,Expressing Opinions,생각과 선호 말하기,66,Core,3,Turns out that data will determine our next step.,데이터가 우리 다음 단계를 결정할 것이라는 것이 드러났어.,It turned out the data decides what we do next.,데이터가 우리가 다음에 할 일을 결정하는 것으로 밝혀졌다.,,,,,,,,,,,,23,18,TOEFL_30x56_FINAL,,PASS,95,A,Turns out (that) ...,알고 보니 ~였다,95,A,,PASS,Turns out (that) ...,,I'm not cut out for /to ...,,I'll see ...,,Create a natural example sentence using the selected pattern.,,결정하다,Daily Life,9,statement,,,,,,,,VOCAB,,,,,,,,,,,,,,,,,,,,,
TOEFL,T_D03_27,3,27,incorporate,통합하다,"include, combine, integrate",v.,Expressing Opinions,생각과 선호 말하기,66,Core,3,You're supposed to incorporate the warranty into the total price.,보증을 총 가격에 포함시키도록 되어 있다.,The warranty should be included in the overall price.,보증은 전체 가격에 포함되어야 한다.,Did they include the warranty in the bill?,청구서에 보증이 포함되었나요?,incorporate into,"['incorporate into the price', 'incorporate feedback', 'incorporate changes']","['가격에 포함시키다', '피드백을 통합하다', '변경사항을 합치다']",no,[],incorporate into the total,"incorporate = 통합하다, 포함시키다",,,17,40,TOEFL_30x56_FINAL,yes,PASS,95,A,You're supposed to ...,당신은 ...하기로 되어 있다,94,A,,Final,I'll see ...,,I'll be sure to ...,,I'll let you know ...,,example_generation,Obligation/Expectation,"통합하다, 포함시키다",Shopping & Services,10,obligation_statement,,,,,,,,VOCAB,,,,,,,,,,,,,,,,,,,,,
TOEFL,T_D03_28,3,28,reduce,감소시키다,"decrease, diminish, cut",v.,Expressing Opinions,생각과 선호 말하기,66,Core,3,I'm not cut out for reducing budgets every quarter anymore.,나는 더 이상 분기마다 예산을 줄이는 일에 적합하지 않다.,I'm unsuitable for cutting budgets every quarter now.,나는 이제 분기마다 예산을 삭감하는 데 적합하지 않다.,Do you prefer strategic planning over cuts?,삭감보다 전략적 기획을 선호하나요?,reduce budgets,"['reduce budgets', 'reduce costs', 'reduce emissions']","['예산을 줄이다', '비용을 줄이다', '배출량을 줄이다']",no,[],reduce budgets,reduce = 감소시키다,,,7,52,TOEFL_30x56_FINAL,yes,PASS,94,A,I'm not cut out for /to ...,나는 ...에 적합하지 않다,94,A,,Final,I'm not cut out for /to ...,,I'll see ...,,I'll be sure to ...,,example_generation,Ability/Unsuitability,감소시키다,Business,10,personal_limit_statement,,,,,,,,VOCAB,,,,,,,,,,,,,,,,,,,,,
TOEFL,T_D03_29,3,29,substantial,상당한,"fairly large, considerable, significant, noticeable",adj.,Expressing Opinions,생각과 선호 말하기,66,Core,3,You're gonna have to provide substantial proof.,상당한 증거를 제시해야 할 거야.,You'll need to give significant evidence.,상당한 증거를 제시해야 한다.,,,,,,,,,,,,15,12,TOEFL_30x56_FINAL,,PASS,95,A,You're gonna have to ...,너는 ~해야 할 거야,95,A,,PASS,I'll see ...,,I'll be sure to ...,,I'll let you know ...,,Create a natural example sentence using the selected pattern.,,상당한,School & Learning,7,statement,,,,,,,,VOCAB,,,,,,,,,,,,,,,,,,,,,
TOEFL,T_D03_30,3,30,transparent,"투명한, 명백한","clear, obvious, lucid, limpid",adj.,Expressing Opinions,생각과 선호 말하기,66,Core,3,I'm not clear why the process needs to be transparent.,그 과정이 왜 투명해야 하는지 나는 잘 모르겠다.,I don't understand the need for openness in the process.,그 과정에서 투명성의 필요성을 이해하지 못하겠다.,,,,,,,,,,,,17,38,TOEFL_30x56_FINAL,,PASS,95,A,I'm not clear ...,~을 잘 모르겠다 / 분명하지 않다,95,A,,PASS,I'm not clear ...,,I'll see ...,,I'll be sure to ...,,Create a natural example sentence using the selected pattern.,,"투명한, 명백한",Daily Life,10,statement,,,,,,,,VOCAB,,,,,,,,,,,,,,,,,,,,,
TOEFL,T_D04_01,4,1,verify,검증하다,"confirm, establish the truth of, validate",v.,Expressing Opinions,생각과 선호 말하기,66,Core,3,I'm in the middle of verifying our reservation details.,나는 예약 세부 사항을 확인하는 중이다.,Checking our reservation information now.,지금 예약 정보를 확인하고 있다.,,,verify reservation; verify details,"[""verify reservation"",""verify details""]","[""예약을 확인하다"",""세부 사항을 확인하다""]",confirm,"[""confirm""]",,예약 확인할 때 verify 사용,,,15,13,TOEFL_30x56_FINAL,1,APPROVED,95,A,I'm in the middle of ...,나는 …하는 중이다,95,A,,PASS,What's the point of ...?,,Which of the / these ... ?,,I'm in the middle of ...,,Create one example sentence using the target word with selected pattern.,statement,사실인지 확인하다,Travel,9,statement,,,,,,,,VOCAB,,,,,,,,,,,,,,,,,,,,,
TOEFL,T_D04_02,4,2,maintain,유지하다; 주장하다,"preserve, continue, sustain, keep; claim, assert, contend",v.,Expressing Opinions,생각과 선호 말하기,65,Core,3,I guess that he maintains his innocence despite evidence.,증거가 있음에도 그는 무죄를 주장한다고 나는 생각한다.,He insists he's not guilty.,그는 무죄라고 주장한다.,,,maintain innocence; maintain that,"[""maintain innocence"",""maintain that""]","[""무죄를 주장하다"",""~라고 주장하다""]",assert,"[""assert"",""claim""]",,주장할 때 maintain 사용,,,16,43,TOEFL_30x56_FINAL,1,APPROVED,95,A,I guess (that) ...,내 생각엔 ...,95,A,,PASS,I'll see ...,,I'll be sure to ...,,I'll let you know ...,,Create one example sentence using the target word with selected pattern.,statement,주장하다,Family & Friends,9,statement,,,,,,,,VOCAB,,,,,,,,,,,,,,,,,,,,,
TOEFL,T_D04_03,4,3,or so,~정도,roughly,phr.,Expressing Opinions,생각과 선호 말하기,65,Core,3,"Like it or not, it costs fifty dollars or so.","좋든 싫든, 그것은 대략 50달러 정도 든다.",It costs about fifty dollars.,약 50달러가 든다.,,,or so; about,"[""or so"",""about""]","[""~정도"",""약""]",about,"[""approximately"",""about""]",,대략을 말할 때 or so 사용,,,21,36,TOEFL_30x56_FINAL,1,APPROVED,95,A,"Like/Believe it or not, ...",믿기 어렵겠지만,95,A,,PASS,"Like/Believe it or not, ...",,I'll see ...,,I'll be sure to ...,,Create one example sentence using the target word with selected pattern.,statement,~정도,Business,10,statement,,,,,,,,VOCAB,,,,,,,,,,,,,,,,,,,,,
TOEFL,T_D04_04,4,4,objective,"1. 목적, 목표 / 2. 편견 없는","1. purpose, aim, goal / 2. unbiased, impartial",n./adj.,Expressing Opinions,생각과 선호 말하기,64,Core,3,"His objective feedback was helpful, to say the least.",그의 객관적인 피드백은 말할 것도 없이 도움이 됐다.,His unbiased comments were very helpful.,그의 편견 없는 의견은 매우 도움이 됐다.,,,objective feedback; objective viewpoint,"[""objective feedback"",""objective viewpoint""]","[""객관적인 피드백"",""객관적인 관점""]",unbiased,"[""unbiased"",""impartial""]",,편견 없는 뜻의 objective,,,19,6,TOEFL_30x56_FINAL,1,APPROVED,95,A,... to say the least,... 말할 것도 없이,95,A,,PASS,I'll see ...,,I'll be sure to ...,,I'll let you know ...,,Create one example sentence using the target word with selected pattern.,statement,편견 없는,Daily Life,9,statement,,,,,,,,VOCAB,,,,,,,,,,,,,,,,,,,,,
TOEFL,T_D04_05,4,5,entail,수반하다; 필요로 하다,"1. involve; cause / 2. require, demand",v.,Expressing Opinions,생각과 선호 말하기,63,Core,3,I'll see what this project will entail next week.,이 프로젝트가 무엇을 수반하는지 다음 주에 알아볼게.,I'll find out what the project requires.,프로젝트에 무엇이 필요한지 알아보겠다.,,,entail costs; entail risks,"[""entail costs"",""entail risks"",""entail work""]","[""비용을 수반하다"",""위험을 수반하다"",""작업을 수반하다""]",require,"[""require"",""involve""]",,~을 수반한다는 뜻의 entail,,,2,42,TOEFL_30x56_FINAL,1,APPROVED,95,A,I'll see ...,내가 알아볼게,95,A,,PASS,I'll see ...,,I'll be sure to ...,,I'll let you know ...,,Create one example sentence using the target word with selected pattern.,statement,필요로 하다; 수반하다,Technology,9,statement,,,,,,,,VOCAB,,,,,,,,,,,,,,,,,,,,,
TOEFL,T_D04_06,4,6,key,중요한; 음조,"important, central, essential; tone",adj./n.,Expressing Opinions,생각과 선호 말하기,63,Core,3,You're gonna have to focus on what is key.,당신은 지금 중요한 것에 집중해야 할 거예요.,You must concentrate on the important thing.,중요한 것에 집중해야 한다.,,,key factor; key point,"[""key factor"",""key point""]","[""핵심 요인"",""요점""]",important,"[""important"",""essential""]",,핵심을 뜻하는 key,,,12,9,TOEFL_30x56_FINAL,1,APPROVED,95,A,You're gonna have to ...,너는 ...해야 할 거야,95,A,,PASS,I'll see ...,,I'll be sure to ...,,I'll let you know ...,,Create one example sentence using the target word with selected pattern.,suggestion,중요한,Hobbies,9,statement,,,,,,,,VOCAB,,,,,,,,,,,,,,,,,,,,,
TOEFL,T_D04_07,4,7,authentic,진짜의,"genuine, true, real",adj.,Expressing Opinions,생각과 선호 말하기,53,Bridge,3,"I'll tell you what, this soup tastes authentic and comforting.","내가 말하는데, 이 수프는 진짜 맛이 나고 편안하다.",This soup genuinely tastes traditional.,이 수프는 진짜 전통적인 맛이 난다.,,,authentic flavor; authentic cuisine,"[""authentic flavor"",""authentic cuisine""]","[""진짜 맛"",""정통 요리""]",genuine,"[""genuine"",""real""]",,진짜의 뜻 authentic,,,8,28,TOEFL_30x56_FINAL,1,APPROVED,95,A,"I'll tell you what, ...","내가 말하는데, ...",95,A,,PASS,I'll see ...,,I'll be sure to ...,,I'll let you know ...,,Create one example sentence using the target word with selected pattern.,statement,진짜의,Health,10,statement,,,,,,,,VOCAB,,,,,,,,,,,,,,,,,,,,,
TOEFL,T_D04_08,4,8,available,구할 수 있는,"accessible, obtainable",adj.,Expressing Opinions,생각과 선호 말하기,53,Bridge,3,I'll let you know when the product becomes available.,제품이 사용 가능해지면 알려줄게.,I'll inform you when it's in stock.,재고가 생기면 알려주겠다.,,,available online; available for purchase,"[""available online"",""available for purchase""]","[""온라인으로 이용 가능"",""구매 가능""]",obtainable,"[""obtainable"",""accessible""]",,구할 수 있는 available,,,10,51,TOEFL_30x56_FINAL,1,APPROVED,95,A,I'll let you know ...,알려줄게,95,A,,PASS,I'll see ...,,I'll be sure to ...,,I'll let you know ...,,Create one example sentence using the target word with selected pattern.,statement,구할 수 있는,Business,9,statement,,,,,,,,VOCAB,,,,,,,,,,,,,,,,,,,,,
TOEFL,T_D04_09,4,9,bountiful,풍부한,"abundant, plentiful, ample, prolific",adj.,Expressing Opinions,생각과 선호 말하기,53,Bridge,3,I'll be sure to pick bountiful produce at the market.,시장에 갈 때 풍부한 농산물을 꼭 골라올게.,I'll choose plentiful produce at the market.,시장에서 풍부한 농산물을 고를 것이다.,,,bountiful harvest; bountiful supply,"[""bountiful harvest"",""bountiful supply""]","[""풍성한 수확"",""풍부한 공급""]",plentiful,"[""plentiful"",""abundant""]",,풍부한 bountiful,,,30,39,TOEFL_30x56_FINAL,1,APPROVED,95,A,I'll be sure to ...,꼭 ~할게,95,A,,PASS,I'll see ...,,I'll be sure to ...,,I'll let you know ...,,Create one example sentence using the target word with selected pattern.,statement,풍부한,Daily Life,10,statement,,,,,,,,VOCAB,,,,,,,,,,,,,,,,,,,,,
TOEFL,T_D04_10,4,10,bulk,"큰 규모, 대량; 대부분","1. mass, large quantity, great quantity / 2. majority, main part",n.,Expressing Opinions,생각과 선호 말하기,53,Bridge,3,I'll be sure to inspect the bulk shipment for damage.,대량 배송품에 손상 여부를 꼭 확인할게.,I'll check the large shipment for damage.,큰 배송품의 손상을 확인하겠다.,,,bulk order; bulk shipment,"[""bulk order"",""bulk shipment""]","[""대량 주문"",""대량 배송""]",majority,"[""majority"",""mass"",""large quantity""]",,대량을 뜻하는 bulk,,,5,3,TOEFL_30x56_FINAL,1,APPROVED,95,A,I'll be sure to ...,꼭 ~할게,95,A,,PASS,I'll see ...,,I'll be sure to ...,,I'll let you know ...,,Create one example sentence using the target word with selected pattern.,statement,대량; 대부분,Shopping & Services,10,statement,,,,,,,,VOCAB,,,,,,,,,,,,,,,,,,,,,
TOEFL,T_D04_11,4,11,cognitive,"인지적인, 정신적 작용의",mental,adj.,Expressing Opinions,생각과 선호 말하기,53,Bridge,3,I'll see how cognitive load affects student performance tomorrow.,인지 부하가 학생들의 수행에 어떤 영향을 미치는지 내일 알아보겠다.,I'll observe cognitive load's effect on performance.,인지 부하가 수행에 미치는 영향을 관찰하겠다.,,,cognitive load; cognitive development,"[""cognitive load"",""cognitive development""]","[""인지 부하"",""인지 발달""]",mental,"[""mental""]",,인지 관련 단어 cognitive,,,24,46,TOEFL_30x56_FINAL,1,APPROVED,95,A,I'll see ...,내가 알아볼게,95,A,,PASS,I'll see ...,,I'll be sure to ...,,I'll let you know ...,,Create one example sentence using the target word with selected pattern.,statement,인지적인,School & Learning,9,statement,,,,,,,,VOCAB,,,,,,,,,,,,,,,,,,,,,
TOEFL,T_D04_12,4,12,continual,끊임없는,"constant, incessant, ceaseless",adj.,Expressing Opinions,생각과 선호 말하기,53,Bridge,3,I'll be sure to report the continual delays to management.,지속적인 지연을 경영진에게 꼭 보고하겠다.,I'll report ongoing delays to management.,지속되는 지연을 보고하겠다.,,,continual delays; continual problem,"[""continual delays"",""continual problem""]","[""지속적인 지연"",""끊임없는 문제""]",ongoing,"[""ongoing"",""constant"",""incessant""]",,끊임없는 뜻 continual,,,14,30,TOEFL_30x56_FINAL,1,APPROVED,95,A,I'll be sure to ...,꼭 ~할게,95,A,,PASS,I'll see ...,,I'll be sure to ...,,I'll let you know ...,,Create one example sentence using the target word with selected pattern.,statement,끊임없는,Travel,10,statement,,,,,,,,VOCAB,,,,,,,,,,,,,,,,,,,,,
TOEFL,T_D04_13,4,13,continued,계속적인,"ongoing, constant, incessant, ceaseless",adj.,Expressing Opinions,생각과 선호 말하기,53,Bridge,3,I'll let you know if the continued support is available.,지속적인 지원이 가능한지 알려줄게.,I'll inform you whether the ongoing support exists.,지속적인 지원이 있는지 알려주겠다.,,,continued support; continued effort,"[""continued support"",""continued effort""]","[""지속적인 지원"",""지속적인 노력""]",ongoing,"[""ongoing"",""persistent""]",,계속적인 뜻 continued,,,3,41,TOEFL_30x56_FINAL,1,APPROVED,95,A,I'll let you know ...,알려줄게,95,A,,PASS,I'll see ...,,I'll be sure to ...,,I'll let you know ...,,Create one example sentence using the target word with selected pattern.,statement,계속적인,Family & Friends,10,conditional,,,,,,,,VOCAB,,,,,,,,,,,,,,,,,,,,,
TOEFL,T_D04_14,4,14,correlate,(서로) 연관시키다,"match, connect, link",v.,Expressing Opinions,생각과 선호 말하기,53,Bridge,3,I'll see how sales correlate with our new marketing campaign.,매출이 새 마케팅 캠페인과 어떻게 연관되는지 알아볼게.,I'll check the link between sales and marketing.,매출과 마케팅 간의 연관을 확인하겠다.,,,correlate with; positively correlate,"[""correlate with"",""positively correlate""]","[""~와 연관되다"",""정(+)의 상관관계가 있다""]",relate,"[""relate"",""connect"",""link""]",,연관시키다 correlate,,,25,50,TOEFL_30x56_FINAL,1,APPROVED,95,A,I'll see ...,내가 알아볼게,95,A,,PASS,I'll see ...,,I'll be sure to ...,,I'll let you know ...,,Create one example sentence using the target word with selected pattern.,statement,(서로) 연관시키다,Business,10,statement,,,,,,,,VOCAB,,,,,,,,,,,,,,,,,,,,,
TOEFL,T_D04_15,4,15,criticize,비판하다,"find fault with, blame, condemn, censure",v.,Expressing Opinions,생각과 선호 말하기,53,Bridge,3,I'm fed up with colleagues who constantly criticize my ideas.,나는 내 아이디어를 계속 비판하는 동료들이 지긋지긋하다.,I'm tired of coworkers blaming my ideas.,동료들이 내 아이디어를 비난하는 것에 지쳤다.,,,criticize harshly; criticize constructively,"[""criticize harshly"",""criticize constructively""]","[""심하게 비판하다"",""건설적으로 비판하다""]",condemn,"[""condemn"",""blame"",""criticize""]",,비판하다 criticize,,,21,41,TOEFL_30x56_FINAL,1,APPROVED,95,A,I'm fed up with ...,나는 ...에 지쳤다,95,A,,PASS,What's up with ...?,,... is obsessed with ...,,I'm fed up with ...,,Create one example sentence using the target word with selected pattern.,statement,비판하다,Daily Life,10,statement,,,,,,,,VOCAB,,,,,,,,,,,,,,,,,,,,,
TOEFL,T_D04_16,4,16,currently,"현재는, 지금은",at the present time,adv.,Expressing Opinions,생각과 선호 말하기,53,Bridge,3,"Business is slow currently, to say the least.","현재 사업이 매우 부진하다, 그야말로.",The business is very slow right now.,지금 사업이 매우 부진하다.,,,currently available; currently undergoing,"[""currently available"",""currently undergoing""]","[""현재 이용 가능"",""현재 진행 중""]",right now,"[""right now"",""at present"",""presently""]",,지금을 뜻하는 currently,,,30,59,TOEFL_30x56_FINAL,1,APPROVED,95,A,... to say the least,... 말할 것도 없이,95,A,,PASS,Every time (that) ...,,... to say the least,,like the way you ...,,Create one example sentence using the target word with selected pattern.,statement,현재는,Business,8,statement,,,,,,,,VOCAB,,,,,,,,,,,,,,,,,,,,,
TOEFL,T_D04_17,4,17,customary,"습관적인, 관례적인","habitual, traditional, typical, accustomed",adj.,Expressing Opinions,생각과 선호 말하기,53,Bridge,3,Turns out that the customary greeting varies by region.,알고 보니 지역마다 관례적인 인사가 다르다.,It appears traditional greetings differ by region.,전통적인 인사가 지역마다 다른 것으로 보인다.,,,customary practice; customary greeting,"[""customary practice"",""customary greeting""]","[""관례적인 관행"",""관례적인 인사""]",traditional,"[""traditional"",""habitual"",""typical""]",,습관적인 뜻 customary,,,9,34,TOEFL_30x56_FINAL,1,APPROVED,95,A,Turns out (that) ...,알고 보니 ...,95,A,,PASS,I'll see ...,,I'll be sure to ...,,I'll let you know ...,,Create one example sentence using the target word with selected pattern.,statement,습관적인; 관례적인,Daily Life,9,statement,,,,,,,,VOCAB,,,,,,,,,,,,,,,,,,,,,
TOEFL,T_D04_18,4,18,decompose,부패하다,"decay, rot",v.,Expressing Opinions,생각과 선호 말하기,53,Bridge,3,I'll see when the fruit will decompose if left outside.,과일을 밖에 두면 언제 부패하는지 알아볼게.,I'll check how long fruit takes to decay.,과일이 썩는 데 얼마나 걸리는지 확인하겠다.,,,decompose quickly; decompose naturally,"[""decompose quickly"",""decompose naturally""]","[""빠르게 부패하다"",""자연스럽게 분해되다""]",decay,"[""decay"",""rot""]",,부패하다 뜻 decompose,,,18,54,TOEFL_30x56_FINAL,1,APPROVED,95,A,I'll see ...,내가 알아볼게,95,A,,PASS,I'll see ...,,I'll be sure to ...,,I'll let you know ...,,Create one example sentence using the target word with selected pattern.,statement,부패하다,Travel,10,statement,,,,,,,,VOCAB,,,,,,,,,,,,,,,,,,,,,
TOEFL,T_D04_19,4,19,deficient,부족한,"not enough, insufficient, inadequate",adj.,Expressing Opinions,생각과 선호 말하기,53,Bridge,3,"It's not that the equipment is deficient, just outdated.","장비가 부족한 것은 아니고, 단지 구식일 뿐이다.",The equipment isn't inadequate; it's merely outdated.,장비가 부족한 것이 아니라 단지 구식이다.,,,deficient in; vitamin deficient,"[""deficient in"",""vitamin deficient""]","[""~가 부족하다"",""비타민 결핍""]",inadequate,"[""inadequate"",""insufficient""]",,부족한 뜻 deficient,,,19,54,TOEFL_30x56_FINAL,1,APPROVED,95,A,It's not that ...,그렇다고 ...인 것은 아니다,95,A,,PASS,I'm not used to ...ing,,I'm not clear ...,,It's not that ...,,Create one example sentence using the target word with selected pattern.,statement,부족한,Family & Friends,9,statement,,,,,,,,VOCAB,,,,,,,,,,,,,,,,,,,,,
TOEFL,T_D04_20,4,20,delineate,윤곽을 그리다,"outline, trace",v.,Expressing Opinions,생각과 선호 말하기,53,Bridge,3,"The brochure delineates sizes, except that it lacks colors.",브로셔에는 사이즈는 표시되어 있지만 색상은 빠져 있습니다.,The brochure outlines sizes but omits color options.,브로셔가 사이즈를 정리하지만 색상 선택은 생략합니다.,What does the brochure delineate?,브로셔는 무엇을 설명하나요?,delineate boundaries,"[""delineate boundaries"",""delineate roles""]","[""경계를 그리다"",""역할을 규정하다""]",outline,"[""outline"",""describe"",""trace""]",delineate sizes,delineate = 선으로 윤곽을 그리다,,,22,52,TOEFL_30x56_FINAL,yes,PASS,95,A,Except (that) ...,~라는 점만 제외하면 / 다만 ~라는 점은,95,A,,PASS,I'll see ...,,I'll be sure to ...,,I'll let you know ...,,example_generation,,윤곽을 그리다,Shopping & Services,9,contrast_or_concession,,,,,,,,VOCAB,,,,,,,,,,,,,,,,,,,,,
TOEFL,T_D04_21,4,21,occasionally,가끔,"once in a while, now and then, sometimes",adv.,Expressing Opinions,생각과 선호 말하기,47,Advanced,2,It's a shame that I can only visit occasionally.,가끔밖에 방문할 수 없다는 것이 안타깝다.,I'm sorry I can visit only sometimes.,가끔만 방문할 수 있어서 유감이다.,,,occasionally visit; occasionally check,"[""occasionally visit"",""occasionally check""]","[""가끔 방문하다"",""가끔 확인하다""]",sometimes,"[""sometimes"",""now and then""]",,가끔을 뜻하는 occasionally,,,13,32,TOEFL_30x56_FINAL,1,APPROVED,95,A,It's a shame (that) ...,안타깝다 (that) ...,95,A,,PASS,It's a shame (that) ...,,I'm a big fan of ...,,I'm in the middle of ...,,Create one example sentence using the target word with selected pattern.,statement,가끔,School & Learning,9,statement,,,,,,,,VOCAB,,,,,,,,,,,,,,,,,,,,,
TOEFL,T_D04_22,4,22,orchestrate,조직하다,"coordinate, organize",v.,Expressing Opinions,생각과 선호 말하기,47,Advanced,2,When are you going to orchestrate the team meeting?,언제 팀 회의를 조직할 건가요?,When will you organize the team meeting?,언제 팀 회의를 조직할 것인가요?,Who will orchestrate the meeting?,누가 그 회의를 조직할 건가요?,orchestrate an event,"[""orchestrate an event"",""orchestrate a plan"",""orchestrate a campaign""]","[""행사를 조직하다"",""계획을 조정하다"",""캠페인을 조직하다""]",coordinate,"[""coordinate"",""organize"",""arrange""]",orchestrate the meeting,orchestrate = 오케스트라처럼 조정하고 조직하다,,,17,10,TOEFL_30x56_FINAL,yes,PASS,96,A,When are you going to/gonna ...,언제 ~할 거야?,96,A,,PASS,I'll see ...,,I'll be sure to ...,,I'll let you know ...,,example_generation,,"조직하다, 조정하다",Daily Life,9,planning_question,,,,,,,,VOCAB,,,,,,,,,,,,,,,,,,,,,
TOEFL,T_D04_23,4,23,evaluate,평가하다,"judge, assess, gauge, appraise",v.,Reasons & Explanations,이유와 배경 설명하기,62,Core,3,"Believe it or not, we evaluated every resume personally.",믿기 어렵겠지만 우리는 모든 이력서를 직접 평가했다.,"Surprisingly, we assessed all resumes ourselves.",놀랍게도 우리는 모든 이력서를 직접 평가했다.,,,evaluate performance; evaluate candidates,"[""evaluate performance"",""evaluate candidates""]","[""성과를 평가하다"",""지원자를 평가하다""]",assess,"[""assess"",""judge"",""appraise""]",,평가하다 evaluate,,,2,16,TOEFL_30x56_FINAL,1,APPROVED,95,A,"Like/Believe it or not, ...",믿기 어렵겠지만,95,A,,PASS,I'll see ...,,I'll be sure to ...,,I'll let you know ...,,Create one example sentence using the target word with selected pattern.,statement,평가하다,Business,9,statement,,,,,,,,VOCAB,,,,,,,,,,,,,,,,,,,,,
TOEFL,T_D04_24,4,24,optimize,"최적화하다, 최상으로 만들다",make the best use of,v.,Reasons & Explanations,이유와 배경 설명하기,62,Core,3,What's the point of optimizing the interface now?,지금 인터페이스를 최적화하는 게 무슨 의미가 있나?,Why bother optimizing the interface now?,지금 인터페이스를 최적화할 필요가 있나?,,,optimize performance; optimize settings,"[""optimize performance"",""optimize settings""]","[""성능을 최적화하다"",""설정을 최적화하다""]",improve,"[""improve"",""tune"",""refine""]",,최적화하다 optimize,,,2,23,TOEFL_30x56_FINAL,1,APPROVED,95,A,What's the point of ...?,...의 요점이 뭐야?,95,A,,PASS,What's the point of ...?,,Which of the / these ... ?,,I'm in the middle of ...,,Create one example sentence using the target word with selected pattern.,question,최적화하다,Technology,8,question,,,,,,,,VOCAB,,,,,,,,,,,,,,,,,,,,,
TOEFL,T_D04_25,4,25,prevent,"막다, 방해하다","preclude, avoid, impede, avert",v.,Reasons & Explanations,이유와 배경 설명하기,62,Core,3,I don't know anything about preventing rust on tools.,나는 도구의 녹을 방지하는 것에 대해 전혀 모릅니다.,I'm unfamiliar with how to prevent rust on tools.,도구의 녹을 예방하는 방법에 익숙하지 않습니다.,What does the speaker not know how to do?,화자는 무엇을 할 줄 모른다고 말하나요?,prevent rust,"[""prevent rust"",""prevent damage"",""prevent corrosion""]","[""녹을 예방하다"",""손상을 막다"",""부식을 방지하다""]",avoid,"[""avoid"",""stop"",""preclude"",""block""]",prevent rust on tools,"prevent = 막다, 문제 발생을 미리 막다",,,8,27,TOEFL_30x56_FINAL,yes,PASS,95,A,I don't know anything about ...,~에 대해 아무것도 모른다,95,A,,PASS,I'll see ...,,I'll be sure to ...,,I'll let you know ...,,example_generation,,"막다, 방지하다",Hobbies,9,short_narrative,,,,,,,,VOCAB,,,,,,,,,,,,,,,,,,,,,
TOEFL,T_D04_26,4,26,aim,"1. 목적, 목표 / 2. 목표하다, 겨냥하다","1. goal, objective, purpose / 2. attempt",n./v.,Reasons & Explanations,이유와 배경 설명하기,61,Core,3,I don't know how to aim my workouts at weight loss.,운동을 체중 감량에 맞춰 목표로 삼는 방법을 모르겠어요.,I'm unsure how to target my workouts toward losing weight.,운동을 체중 감량을 목표로 하도록 조정하는 방법이 확실치 않습니다.,What goal does the speaker mention for workouts?,화자는 운동의 어떤 목표를 언급하나요?,aim at weight loss,"[""aim at weight loss"",""aim for improvement"",""aim to strengthen core""]","[""체중 감량을 목표로 삼다"",""향상을 목표로 하다"",""코어 강화를 목표로 하다""]",target,"[""target"",""aim for"",""set a goal""]",aim my workouts at weight loss,"aim = 겨냥하다, 목표로 삼다",,,29,47,TOEFL_30x56_FINAL,yes,PASS,95,A,I don't know how ...,어떻게 ~하는지 모르겠다,95,A,,PASS,I'll see ...,,I'll be sure to ...,,I'll let you know ...,,example_generation,,"목표로 삼다, 겨냥하다",Health,11,uncertainty,,,,,,,,VOCAB,,,,,,,,,,,,,,,,,,,,,
TOEFL,T_D04_27,4,27,akin to,~와 유사한,"similar to, like",phr.,Reasons & Explanations,이유와 배경 설명하기,61,Core,3,I'd just like to say that this result is akin to previous findings.,이 결과는 이전 발견들과 유사하다고 말씀드리고 싶다.,This result is similar to earlier findings.,이 결과는 이전의 발견과 비슷하다.,,,akin to; similar to,"[""akin to"",""similar to""]","[""~와 유사한"",""~와 비슷한""]",similar to,"[""similar to"",""like""]",,~와 유사한 akin to,,,11,24,TOEFL_30x56_FINAL,1,APPROVED,95,A,I'd just like to say (that) ...,말하고 싶다 (that) ...,95,A,,PASS,I'd just like to say (that) ...,,I'll be sure to ...,,I'm not used to ...ing,,Create one example sentence using the target word with selected pattern.,statement,~와 유사한,Daily Life,13,statement,,,,,,,,VOCAB,,,,,,,,,,,,,,,,,,,,,
TOEFL,T_D04_28,4,28,alarm,1. 공포 / 2. 놀라게 하다,"1. fear, fright, terror / 2. surprise, startle, dismay",n./v.,Reasons & Explanations,이유와 배경 설명하기,61,Core,3,Good thing the alarm warned us about the leak.,경보기가 누수를 경고해줘서 다행이다.,Thankfully the alarm alerted us to the leak.,다행히 경보가 누수를 알려주었다.,,,fire alarm; alarm sounded,"[""fire alarm"",""alarm sounded""]","[""화재 경보"",""경보가 울렸다""]",alert,"[""alarm"",""alert"",""startle""]",,놀라게 하다; 경고하다 alarm,,,30,44,TOEFL_30x56_FINAL,1,APPROVED,95,A,Good thing (that) ...,다행히도 (that) ...,95,A,,PASS,I'll see ...,,I'll be sure to ...,,I'll let you know ...,,Create one example sentence using the target word with selected pattern.,statement,놀라게 하다; 경고하다,Business,9,statement,,,,,,,,VOCAB,,,,,,,,,,,,,,,,,,,,,
TOEFL,T_D04_29,4,29,allude to,~을 넌지시 언급하다,"suggest, refer to, imply, indicate",phr.,Reasons & Explanations,이유와 배경 설명하기,61,Core,3,"I have to say, she alluded to the issue indirectly.",솔직히 말하자면 그녀는 그 문제를 넌지시 언급했다.,She hinted at the issue indirectly.,그녀는 그 문제를 넌지시 암시했다.,,,allude to; allude indirectly,"[""allude to"",""allude indirectly""]","[""~을 넌지시 언급하다"",""간접적으로 언급하다""]",hint,"[""hint at"",""refer to"",""suggest""]",,넌지시 언급하다 allude to,,,16,5,TOEFL_30x56_FINAL,1,APPROVED,95,A,I have to say ...,솔직히 말하자면 ...,95,A,,PASS,I'll be sure to ...,,I'm not used to ...ing,,would hate to ...,,Create one example sentence using the target word with selected pattern.,statement,~을 넌지시 언급하다,Travel,10,statement,,,,,,,,VOCAB,,,,,,,,,,,,,,,,,,,,,
TOEFL,T_D04_30,4,30,ample,넓은; 풍부한,"sizable, large, spacious, vast; plentiful, abundant, more than enough",adj.,Reasons & Explanations,이유와 배경 설명하기,61,Core,3,You will have ample time to prepare before you know it.,눈 깜짝할 사이에 준비할 충분한 시간이 있을 것이다.,There will soon be plenty of time to prepare.,곧 준비할 충분한 시간이 있을 것이다.,,,ample time; ample space,"[""ample time"",""ample space""]","[""충분한 시간"",""넉넉한 공간""]",plentiful,"[""plentiful"",""sufficient"",""more than enough""]",,충분한 뜻 ample,,,6,16,TOEFL_30x56_FINAL,1,APPROVED,95,A,... before you know it,순식간에,95,A,,PASS,I'll see ...,,I'll be sure to ...,,I'll let you know ...,,Create one example sentence using the target word with selected pattern.,statement,풍부한; 충분한,Family & Friends,11,statement,,,,,,,,VOCAB,,,,,,,,,,,,,,,,,,,,,
TOEFL,T_D05_01,5,1,assure,"확신시키다, 보장하다","convince, persuade, satisfy; guarantee",v.,Reasons & Explanations,이유와 배경 설명하기,61,Core,4,"I'll let you know, and I assure you it's fixed.","알려줄게요, 확실히 고쳐졌다고 장담해요.",I will inform you and promise the problem is fixed.,문제가 해결되었다고 알려주고 약속하겠다.,What will I assure you about?,무엇에 대해 확신시켜 주겠다고 했나요?,assure someone,"[""assure someone"",""assure that""]","[""~에게 확신시키다"",""~라고 장담하다""]",ensure,"[""ensure"",""guarantee""]",,장담하면 상대가 안심한다.,,,1,11,TOEFL_30x56_FINAL,1,PASS,96,A,I'll let you know ...,알려줄게요...,96,A,,PASS,I'll see ...,,I'll be sure to ...,,I'll let you know ...,,Create natural example sentence using target word and specified pattern.,promise,"확신시키다, 안심시키다",Daily Life,10,statement,,,,,,,,VOCAB,,,,,,,,,,,,,,,,,,,,,
TOEFL,T_D05_02,5,2,astute,"통찰력 있는, 영리한","insightful, shrewd; clever, sharp",adj.,Reasons & Explanations,이유와 배경 설명하기,61,Core,3,I'll see if that astute buyer returns.,그 영리한 구매자가 돌아오는지 제가 알아볼게요.,I'll check whether that clever buyer comes back.,그 영리한 구매자가 돌아오는지 확인해 보겠다.,Who will I check on?,누구를 확인해 볼 것인가요?,astute buyer,"[""astute observer"",""astute buyer""]","[""통찰력 있는 관찰자"",""영리한 구매자""]",shrewd,"[""shrewd"",""clever""]",,astute는 상황을 잘 파악하는 사람.,,,9,51,TOEFL_30x56_FINAL,1,PASS,96,A,I'll see ...,제가 알아볼게요...,96,A,,PASS,I'll see ...,,I'll be sure to ...,,I'll let you know ...,,Create natural example sentence using target word and specified pattern.,offer,"통찰력 있는, 영리한",Shopping & Services,7,question,,,,,,,,VOCAB,,,,,,,,,,,,,,,,,,,,,
TOEFL,T_D05_03,5,3,attain,"1. (목적지·고령 등에) 도달하다 / 2. 성취하다, 얻다","1. reach, arrive at / 2. achieve, accomplish, realize",v.,Reasons & Explanations,이유와 배경 설명하기,61,Core,3,How am I supposed to attain our goal?,어떻게 우리의 목표를 달성하라는 건가요?,How should I achieve the goal?,어떻게 그 목표를 성취해야 하나요?,What is being questioned?,무엇을 어떻게 해야 할지 묻고 있나요?,attain a goal,"[""attain a goal"",""attain success""]","[""목표를 달성하다"",""성공을 이루다""]",achieve,"[""achieve"",""accomplish""]",,attain은 목표나 수준에 도달하거나 성취하다.,,,23,3,TOEFL_30x56_FINAL,1,PASS,96,A,How am I supposed to ...?,제가 어떻게 ~해야 하죠?,96,A,,PASS,You could at least ...,,I'll see ...,,I'll be sure to ...,,Create natural example sentence using target word and specified pattern.,question,"성취하다, 달성하다",Business,8,question,,,,,,,,VOCAB,,,,,,,,,,,,,,,,,,,,,
TOEFL,T_D05_04,5,4,back up,"지지하다, 지원하다","support, stand by, aid, assist",phr.,Reasons & Explanations,이유와 배경 설명하기,61,Core,3,What's up with him not backing you up?,그가 널 지지하지 않는 건 무슨 일이야?,Why isn't he supporting you?,그가 왜 너를 지지하지 않는 거야?,Who isn't backing you up?,누가 너를 지지하지 않고 있나요?,back someone up,"[""back someone up"",""back up a claim""]","[""~를 지지하다"",""주장(증거)을 지지하다""]",support,"[""support"",""stand by""]",,back up은 사람을 지지하거나 지원해 준다.,,,22,41,TOEFL_30x56_FINAL,1,PASS,96,A,What's up with ...?,무슨 일이야?,96,A,,PASS,What's up with ...?,,I'm fed up with ...,,I don't feel up to ...,,Create natural example sentence using target word and specified pattern.,question,"지지하다, 지원하다",School & Learning,8,question,,,,,,,,VOCAB,,,,,,,,,,,,,,,,,,,,,
TOEFL,T_D05_05,5,5,barely,거의 ~않게; 간신히,"hardly, scarcely, almost not; just, only just",adv.,Reasons & Explanations,이유와 배경 설명하기,61,Core,3,It's not that I barely passed class.,내가 간신히 수업을 통과했다는 건 아니야.,I didn't just barely pass the class.,나는 단지 간신히 수업을 통과한 것이 아니다.,Did I just barely pass?,내가 간신히 통과했나요?,barely passed,"[""barely pass"",""barely manage""]","[""간신히 통과하다"",""간신히 해내다""]",hardly,"[""hardly"",""scarcely""]",,barely는 거의~않다는 뜻으로 '간신히'라고 기억.,,,7,5,TOEFL_30x56_FINAL,1,PASS,96,A,It's not that ...,그렇다고 ...한 건 아니야,96,A,,PASS,I'm not used to ...ing,,I'm not clear ...,,It's not that ...,,Create natural example sentence using target word and specified pattern.,contrast,거의 ~않다; 간신히,Daily Life,7,statement,,,,,,,,VOCAB,,,,,,,,,,,,,,,,,,,,,
TOEFL,T_D05_06,5,6,boast,자랑하다; 자랑스럽게 가지고 있다,"show off, brag, swagger, pride oneself on; proudly possess",v.,Reasons & Explanations,이유와 배경 설명하기,61,Core,3,I think you deserve to boast about that achievement.,그 성과에 대해 자랑할 자격이 있다고 생각해요.,You have the right to proudly talk about that achievement.,당신은 그 성과를 자랑스럽게 말할 자격이 있다.,What do I think you deserve to do?,내가 네가 무엇을 할 자격이 있다고 생각하나요?,boast about,"[""boast about"",""boast of""]","[""~을 자랑하다"",""~을 떠벌리다""]",brag,"[""brag"",""show off""]",,boast는 자랑하거나 과시하다라는 의미.,,,12,19,TOEFL_30x56_FINAL,1,PASS,96,A,I think you deserve ...,내 생각에 넌 ...할 자격이 있어,96,A,,PASS,I'll see ...,,I'll be sure to ...,,I'll let you know ...,,Create natural example sentence using target word and specified pattern.,compliment,"자랑하다, 떠벌리다",Travel,9,question,,,,,,,,VOCAB,,,,,,,,,,,,,,,,,,,,,
TOEFL,T_D05_07,5,7,bound for,"~행인, ~을 향한","going to, destined for",phr.,Reasons & Explanations,이유와 배경 설명하기,61,Core,3,There's going to be a bus bound for downtown.,시내행 버스가 곧 있을 거예요.,A bus headed downtown will arrive.,시내로 향하는 버스가 도착할 것이다.,Where is the bus bound for?,그 버스는 어디로 향하나요?,bound for,"[""bound for"",""bound for Boston""]","[""~행인"",""~로 향하는""]",headed for,"[""headed for"",""destined for""]",,"bound for는 ~행의, ~로 향하는 뜻.",,,30,33,TOEFL_30x56_FINAL,1,PASS,96,A,There's going to / gonna be ...,곧 ...가 있을 거예요,96,A,,PASS,I'd kill for/to ...,,think I'm going to/gonna ...,,There's going to / gonna be ...,,Create natural example sentence using target word and specified pattern.,future event,"~행인, ~을 향한",Family & Friends,9,statement,,,,,,,,VOCAB,,,,,,,,,,,,,,,,,,,,,
TOEFL,T_D05_08,5,8,cling to,~에 달라붙다,"stick to, hold tightly, adhere to",phr.,Reasons & Explanations,이유와 배경 설명하기,61,Core,3,I'm not used to clinging to old procedures.,나는 오래된 절차에 매달리는 데 익숙하지 않다.,I'm unfamiliar with holding on to outdated procedures.,나는 구식 절차에 집착하는 것에 익숙하지 않다.,What am I not used to doing?,나는 무엇을 하는 데 익숙하지 않나요?,cling to beliefs,"[""cling to"",""cling to beliefs""]","[""~에 달라붙다"",""~에 집착하다""]",hold on to,"[""stick to"",""hold on to""]",,cling to는 ~에 집착하거나 붙잡힌다는 의미.,,,20,29,TOEFL_30x56_FINAL,1,PASS,96,A,I'm not used to ...ing,…하는 데 익숙하지 않다,96,A,,PASS,I'll be sure to ...,,I'm not used to ...ing,,would hate to ...,,Create natural example sentence using target word and specified pattern.,habit/state,"달라붙다, 집착하다",Business,8,statement,,,,,,,,VOCAB,,,,,,,,,,,,,,,,,,,,,
TOEFL,T_D05_09,5,9,cope with,~에 대처하다,"deal with, manage, handle",phr.,Reasons & Explanations,이유와 배경 설명하기,61,Core,3,I'm fed up with trying to cope with noise.,소음에 대처하려는 것에 진절머리가 난다.,I'm tired of dealing with the noise.,그 소음을 다루는 것에 지쳤다.,What am I fed up with?,나는 무엇에 진절머리가 났나요?,cope with stress,"[""cope with"",""cope with stress""]","[""~에 대처하다"",""스트레스에 대처하다""]",manage,"[""manage"",""handle""]",,cope with는 문제나 상황을 잘 처리하는 것.,,,9,4,TOEFL_30x56_FINAL,1,PASS,96,A,I'm fed up with ...,…에 진절머리 난다,96,A,,PASS,What's up with ...?,,... is obsessed with ...,,I'm fed up with ...,,Create natural example sentence using target word and specified pattern.,complaint,"대처하다, 처리하다",Daily Life,9,statement,,,,,,,,VOCAB,,,,,,,,,,,,,,,,,,,,,
TOEFL,T_D05_10,5,10,derive,유래하다; 얻다,"originate, trace; obtain, gain",v.,Reasons & Explanations,이유와 배경 설명하기,61,Core,3,I'll be sure to derive the data from logs.,로그에서 데이터를 추출하도록 확실히 할게요.,I'll make sure to obtain the data from logs.,로그에서 데이터를 얻도록 확실히 하겠다.,Where will I derive the data from?,나는 어디에서 데이터를 얻을 것인가요?,derive from,"[""derive from"",""derive benefit from""]","[""~에서 유래하다"",""~에서 이득을 얻다""]",obtain,"[""obtain"",""gain""]",,derive는 ~에서 얻다 또는 유래하다의 뜻.,,,9,22,TOEFL_30x56_FINAL,1,PASS,96,A,I'll be sure to ...,확실히 ~할게요,96,A,,PASS,I'll see ...,,I'll be sure to ...,,I'll let you know ...,,Create natural example sentence using target word and specified pattern.,promise,"얻다, 도출하다",Technology,9,request_or_suggestion,,,,,,,,VOCAB,,,,,,,,,,,,,,,,,,,,,
TOEFL,T_D05_11,5,11,devoid of,"~이 없는, 결여된","lacking in, destitute of",phr.,Reasons & Explanations,이유와 배경 설명하기,61,Core,3,What's the point of a hobby devoid of challenge?,도전이 결여된 취미는 무슨 의미가 있나요?,Why have a hobby that lacks any challenge?,도전이 전혀 없는 취미가 왜 필요하죠?,What is being criticized about the hobby?,그 취미에 대해 무엇을 비판하고 있나요?,devoid of meaning,"[""devoid of"",""devoid of meaning""]","[""~이 없는"",""의미가 없는""]",lacking,"[""lacking"",""without""]",,devoid of는 ~이 전혀 없는 상태를 뜻한다.,,,29,52,TOEFL_30x56_FINAL,1,PASS,96,A,What's the point of ...?,…의 요점이 뭐야?,96,A,,PASS,I'm in the middle of ...,,You of all people ...,,What's the point of ...?,,Create natural example sentence using target word and specified pattern.,question,"~이 없는, 결여된",Hobbies,9,request_or_suggestion,,,,,,,,VOCAB,,,,,,,,,,,,,,,,,,,,,
TOEFL,T_D05_12,5,12,drive,몰아가다; 추진력·진취성; 조직적인 운동,"propel, force, push, impel, compel; ambition; campaign, effort",v./n.,Reasons & Explanations,이유와 배경 설명하기,61,Core,3,What do you say we drive the project forward?,프로젝트를 추진하는 게 어때요?,Shall we push the project ahead?,프로젝트를 앞으로 밀고 나가자고 어때요?,What action is being proposed?,어떤 행동을 제안하고 있나요?,drive a project,"[""drive change"",""drive a project""]","[""변화를 촉진하다"",""프로젝트를 추진하다""]",propel,"[""propel"",""push""]",,drive는 무언가를 추진하거나 몰아가는 의미.,,,16,38,TOEFL_30x56_FINAL,1,PASS,96,A,What do you say ... ?,…하는 게 어때요?,96,A,,PASS,I'll see ...,,I'll be sure to ...,,I'll let you know ...,,Create natural example sentence using target word and specified pattern.,suggestion,"추진하다, 몰아가다",Technology,9,request_or_suggestion,,,,,,,,VOCAB,,,,,,,,,,,,,,,,,,,,,
TOEFL,T_D05_13,5,13,eager to,~을 몹시 하고 싶어하는,"anxious to, keen to, impatient to",phr.,Reasons & Explanations,이유와 배경 설명하기,61,Core,3,I'm looking to hire someone eager to learn quickly.,저는 빠르게 배우고 싶어하는 사람을 고용하려고 합니다.,I want to employ a quick learner.,저는 배우는 속도가 빠른 사람을 고용하고 싶습니다.,Who is the speaker trying to hire?,발화자는 누구를 고용하려고 합니까?,eager to learn,"[""eager to learn""]","[""배우고 싶어하는""]",keen to,"[""keen to"",""anxious to"",""impatient to""]",eager to,무엇을 빨리 하고 싶어하는 마음을 표현,briefcase,office_hiring,22,31,TOEFL_30x56_FINAL,yes,COMPLETE,96,A,I'm looking to ...,~하려고 합니다,96,A,,ACCEPTED,I'll be sure to ...,,I'm not used to ...ing,,would hate to ...,,create example sentence and metadata,Intention,배우기를 몹시 원하거나 열심인,Business,9,statement,,,,,,,,VOCAB,,,,,,,,,,,,,,,,,,,,,
TOEFL,T_D05_14,5,14,echo,메아리치다; 흉내 내다,"reflect, resound, resonate; imitate, repeat, reiterate",v.,Reasons & Explanations,이유와 배경 설명하기,61,Core,3,"The way I see it, her words echo in my mind.",내가 보기에는 그녀의 말이 내 마음에 울려 퍼진다.,"In my opinion, her words keep resonating with me.",내 생각에 그녀의 말이 계속 나에게 울려 퍼진다.,How do I perceive her words?,나는 그녀의 말을 어떻게 인식하나요?,echo in,"[""echo in"",""echo through""]","[""~에 메아리치다"",""~을 통해 울리다""]",resonate,"[""resonate"",""reverberate""]",,echo는 소리나 생각이 되풀이되어 울려 퍼지는 느낌.,,,8,46,TOEFL_30x56_FINAL,1,PASS,96,A,"The way I see it, ...",내가 보기엔...,96,A,,PASS,I'll see ...,,I'll be sure to ...,,I'll let you know ...,,Create natural example sentence using target word and specified pattern.,opinion,메아리치다; 반향을 일으키다,Daily Life,11,conditional,,,,,,,,VOCAB,,,,,,,,,,,,,,,,,,,,,
TOEFL,T_D05_15,5,15,embark on,시작하다,"start (on), begin, commence",phr.,Reasons & Explanations,이유와 배경 설명하기,61,Core,3,I'll be sure to embark on that training next week.,다음 주에 그 교육을 시작하도록 확실히 하겠습니다.,I'll make sure to begin that training next week.,다음 주에 그 교육을 시작하도록 확실히 하겠다.,When will I embark on the training?,언제 그 교육을 시작할 건가요?,embark on a project,"[""embark on"",""embark on a journey""]","[""시작하다"",""여정을 시작하다""]",begin,"[""begin"",""commence""]",,embark on은 어떤 일을 시작한다는 뜻.,,,26,11,TOEFL_30x56_FINAL,1,PASS,96,A,I'll be sure to ...,확실히 ~할게요,96,A,,PASS,I'll see ...,,I'll be sure to ...,,I'll let you know ...,,Create natural example sentence using target word and specified pattern.,promise,시작하다,Shopping & Services,10,conditional,,,,,,,,VOCAB,,,,,,,,,,,,,,,,,,,,,
TOEFL,T_D05_16,5,16,endow,1. 기부하다 / 2. (능력 등을) 부여하다,"1. donate / 2. grant, provide, endue",v.,Reasons & Explanations,이유와 배경 설명하기,61,Core,3,I can't afford to endow a scholarship this year.,올해는 장학금을 기부할 여유가 없다.,I'm unable to donate funds for a scholarship this year.,올해는 장학금에 기부할 수 없다.,What can't I afford to do this year?,올해 무엇을 할 여유가 없나요?,endow a chair,"[""endow a scholarship"",""endow a chair""]","[""장학금을 기부하다"",""교수직에 기부하다""]",donate,"[""donate"",""grant""]",,endow는 기금을 기부하거나 무언가를 부여한다는 뜻.,,,20,30,TOEFL_30x56_FINAL,1,PASS,96,A,I can't afford to ...,…할 여유가 없다,96,A,,PASS,I'll see ...,,I'll be sure to ...,,I'll let you know ...,,Create natural example sentence using target word and specified pattern.,inability,기부하다 (기금 등을),School & Learning,9,reason_or_result,,,,,,,,VOCAB,,,,,,,,,,,,,,,,,,,,,
TOEFL,T_D05_17,5,17,endure,견디다; 지속하다,"1. tolerate, survive, suffer, persevere / 2. last, continue, persist",v.,Reasons & Explanations,이유와 배경 설명하기,61,Core,3,I can't see us endure another long delay.,우리가 또 다른 긴 지연을 견디리라 보지 못하겠다.,I don't think we can tolerate one more long delay.,우리는 한 번 더 긴 지연을 견딜 수 없을 것 같다.,What can't I see us enduring?,우리가 무엇을 견디리라 보지 못하나요?,endure hardship,"[""endure"",""endure hardship""]","[""견디다"",""고난을 견디다""]",tolerate,"[""tolerate"",""survive""]",,endure는 힘든 상황을 견디거나 오래 지속된다는 뜻.,,,2,39,TOEFL_30x56_FINAL,1,PASS,96,A,I can't see ...,…할 것 같지 않다,96,A,,PASS,I'll see ...,,I'll be sure to ...,,I'll let you know ...,,Create natural example sentence using target word and specified pattern.,opinion/prediction,"견디다, 버티다",Travel,8,reason_or_result,,,,,,,,VOCAB,,,,,,,,,,,,,,,,,,,,,
TOEFL,T_D05_18,5,18,engage,"1. 참여시키다, 일에 끌어들이다 / 2. 예약하다 / 3. 고용하다","1. involve / 2. reserve, book / 3. hire",v.,Reasons & Explanations,이유와 배경 설명하기,61,Core,3,"I'll tell you what, engage her and I'll arrive early.","그럼 이걸로 하자, 그녀를 고용해 놓으면 내가 일찍 도착할게.",Here's my offer: hire her and I'll come early.,제안인데 그녀를 고용하면 내가 일찍 도착하겠다.,What do I offer if you engage her?,그녀를 고용하면 내가 무엇을 하겠다고 제안하나요?,engage staff,"[""engage"",""engage staff"",""engage participants""]","[""고용하다"",""직원을 고용하다"",""참여자를 끌어들이다""]",hire,"[""hire"",""involve""]",,engage는 사람을 고용하거나 참여시키는 뜻으로 쓰인다.,,,20,13,TOEFL_30x56_FINAL,1,PASS,96,A,"I'll tell you what, ...","그럼 이건 어때요, ...",96,A,,PASS,I'll see ...,,I'll be sure to ...,,I'll let you know ...,,Create natural example sentence using target word and specified pattern.,offer/arrangement,"고용하다, 참여시키다",Family & Friends,10,reason_or_result,,,,,,,,VOCAB,,,,,,,,,,,,,,,,,,,,,
TOEFL,T_D05_19,5,19,enlist,"입대하다, 사람을 모집하다","enroll, join, sign up; recruit",v.,Reasons & Explanations,이유와 배경 설명하기,61,Core,3,I said I'd enlist volunteers to help with the fundraiser next week.,다음 주에 기금 모금 행사를 돕기 위해 자원봉사자를 모집하겠다고 말했어요.,I promised to recruit volunteers for the fundraiser next week.,다음 주 기금 모금을 위해 자원봉사자를 모집하겠다고 약속했다.,What did I say I'd do?,내가 무엇을 하겠다고 말했나요?,enlist volunteers,"[""enlist volunteers"",""enlist in the army""]","[""자원봉사자를 모집하다"",""입대하다""]",recruit,"[""recruit"",""sign up""]",,enlist는 사람을 모집하거나 입대시키는 뜻.,,,27,45,TOEFL_30x56_FINAL,1,PASS,96,A,I said I'd ...,내가 ~하겠다고 했어,96,A,,PASS,What's up with ...?,,I'm fed up with ...,,I don't feel up to ...,,Create natural example sentence using target word and specified pattern.,statement/promise,사람을 모집하다,Business,12,reason_or_result,,,,,,,,VOCAB,,,,,,,,,,,,,,,,,,,,,
TOEFL,T_D05_20,5,20,fairly,꽤; 공정하게,"reasonably, moderately, pretty; impartially",adv.,Reasons & Explanations,이유와 배경 설명하기,61,Core,3,You'll be sorry you were fairly careless today.,오늘 꽤 부주의했음을 나중에 후회하게 될 거예요.,You will regret being quite careless today.,오늘 꽤 부주의했던 것을 후회하게 될 것이다.,What will you likely regret?,무엇을 후회하게 될까요?,fairly careful,"[""fairly"",""fairly common"",""fairly careful""]","[""꽤"",""꽤 흔한"",""꽤 신중한""]",quite,"[""quite"",""reasonably""]",,fairly는 '꽤' 또는 '공정하게'라는 뜻으로 상황에 따라 다르게 번역.,,,12,57,TOEFL_30x56_FINAL,1,PASS,96,A,You'll be sorry ...,나중에 후회할 거야,96,A,,PASS,I'll see ...,,I'll be sure to ...,,I'll let you know ...,,Create natural example sentence using target word and specified pattern.,warning,"꽤, 상당히",Daily Life,8,contrast_or_concession,,,,,,,,VOCAB,,,,,,,,,,,,,,,,,,,,,
TOEFL,T_D05_21,5,21,fine-tune,미세하게 조정하다,adjust slightly,v.,Reasons & Explanations,이유와 배경 설명하기,61,Core,3,I'll see how to fine-tune the campaign before launch.,출시 전에 캠페인을 어떻게 미세 조정할지 제가 알아볼게요.,I'll check ways to adjust the campaign slightly before launch.,출시 전에 캠페인을 약간 조정할 방법을 확인하겠다.,What will I see how to do?,무엇을 어떻게 할지 알아볼 건가요?,fine-tune settings,"[""fine-tune"",""fine-tune settings""]","[""미세 조정하다"",""설정을 미세 조정하다""]",adjust slightly,"[""adjust slightly"",""tweak""]",,fine-tune는 세부를 조정하여 더 잘 맞게 한다는 뜻.,,,3,52,TOEFL_30x56_FINAL,1,PASS,96,A,I'll see ...,제가 알아볼게요...,96,A,,PASS,I'll see ...,,I'll be sure to ...,,I'll let you know ...,,Create natural example sentence using target word and specified pattern.,offer/arrangement,미세하게 조정하다,Business,10,statement,,,,,,,,VOCAB,,,,,,,,,,,,,,,,,,,,,
TOEFL,T_D05_22,5,22,for all,~에도 불구하고,"in spite of, with all, despite",phr.,Reasons & Explanations,이유와 배경 설명하기,61,Core,3,"You of all people, for all your experience, made that mistake.","너 같은 사람이, 그 많은 경험에도 불구하고, 그 실수를 했구나.","Despite your experience, you were the one who made that mistake.",네 경험에도 불구하고 네가 그 실수를 한 사람이었다.,Who made the mistake despite experience?,누가 경험에도 불구하고 그 실수를 했나요?,for all his effort,"[""for all"",""for all its merits""]","[""~에도 불구하고"",""~의 장점에도 불구하고""]",despite,"[""despite"",""in spite of""]",,for all은 '~에도 불구하고'로 반대를 나타낸다.,,,21,39,TOEFL_30x56_FINAL,1,PASS,96,A,You of all people ...,너 같은 사람이...,96,A,,PASS,You of all people ...,,I'm in the middle of ...,,What's up with ...?,,Create natural example sentence using target word and specified pattern.,surprise/criticism,~에도 불구하고,Daily Life,11,contrast_or_concession,,,,,,,,VOCAB,,,,,,,,,,,,,,,,,,,,,
TOEFL,T_D05_23,5,23,forage,"1. 먹을 것을 찾아다니다 / 2. 사료, 먹이","1. seek for food, search, hunt, rummage / 2. feed, fodder, food",v./n.,Reasons & Explanations,이유와 배경 설명하기,61,Core,3,I feel sorry for birds forced to forage in polluted urban parks.,오염된 도시 공원에서 먹이를 찾아다니는 새들이 안타깝다.,I pity birds that have to search for food in polluted parks.,오염된 공원에서 먹이를 찾아야 하는 새들이 안타깝다.,Who do I feel sorry for?,누구를 안타깝게 여기나요?,forage for food,"[""forage for food"",""forage in the woods""]","[""먹이를 찾아다니다"",""숲에서 먹이를 찾다""]",search for food,"[""search for food"",""seek food""]",,forage는 먹이를 찾아 헤매다라는 뜻.,,,19,1,TOEFL_30x56_FINAL,1,PASS,96,A,I feel sorry for ...,안타깝다,96,A,,PASS,I'd kill for/to ...,,I feel sorry for ...,,There's no excuse for ...,,Create natural example sentence using target word and specified pattern.,empathy,먹이를 찾아다니다,Travel,12,short_narrative,,,,,,,,VOCAB,,,,,,,,,,,,,,,,,,,,,
TOEFL,T_D05_24,5,24,fuel,"연료를 공급하다, 자극하다",give energy to; encourage,v.,Reasons & Explanations,이유와 배경 설명하기,61,Core,3,I'm looking to fuel our team's enthusiasm with small rewards this month.,이번 달에 소소한 보상으로 우리 팀의 열정을 자극하려고 합니다.,I plan to encourage team enthusiasm using small rewards this month.,이번 달에 작은 보상으로 팀의 열정을 북돋울 계획이다.,What am I looking to do for the team?,팀을 위해 무엇을 하려고 하나요?,fuel enthusiasm,"[""fuel enthusiasm"",""fuel speculation""]","[""열정을 자극하다"",""추측을 부추기다""]",encourage,"[""encourage"",""stimulate""]",,fuel는 에너지를 더해주거나 자극한다는 의미로 외우자.,,,7,45,TOEFL_30x56_FINAL,1,PASS,96,A,I'm looking to ...,…하려고 한다,96,A,,PASS,I'll be sure to ...,,I'm not used to ...ing,,would hate to ...,,Create natural example sentence using target word and specified pattern.,intention,"자극하다, 부추기다",Family & Friends,12,short_narrative,,,,,,,,VOCAB,,,,,,,,,,,,,,,,,,,,,
TOEFL,T_D05_25,5,25,fuse,"녹다, 녹이다; 융합하다","melt, dissolve; combine, merge",v.,Reasons & Explanations,이유와 배경 설명하기,61,Core,3,"I know artists fuse styles often, but this blend feels fresh.","알다시피 예술가들은 자주 스타일을 융합하지만, 이 조합은 신선하게 느껴진다.","Although artists commonly merge styles, this particular mix seems new.",예술가들이 흔히 스타일을 결합하지만 이 조합은 새롭게 느껴진다.,What do I acknowledge about artists?,예술가들에 대해 내가 인정하는 것은 무엇인가요?,fuse cultures,"[""fuse"",""fuse cultures"",""fuse ideas""]","[""융합하다"",""문화를 융합하다"",""아이디어를 융합하다""]",merge,"[""merge"",""combine""]",,fuse는 녹여 합치거나 결합한다는 뜻이다.,,,16,7,TOEFL_30x56_FINAL,1,PASS,96,A,"I know ..., but ...","알긴 하지만, ...",96,A,,PASS,I'll see ...,,I'll be sure to ...,,I'll let you know ...,,Create natural example sentence using target word and specified pattern.,contrast,"녹이다, 융합하다",Shopping & Services,11,short_narrative,,,,,,,,VOCAB,,,,,,,,,,,,,,,,,,,,,
TOEFL,T_D05_26,5,26,induce,"1. 야기하다, 유발하다 / 2. 설득하다","1. bring about, cause, stimulate / 2. persuade, convince",v.,Reasons & Explanations,이유와 배경 설명하기,61,Core,3,Let's talk about how inducing curiosity can significantly improve student engagement.,호기심을 유발하는 방식이 학생 참여를 크게 향상시킬 수 있는지 이야기해 봅시다.,Discuss how causing curiosity can boost how much students participate.,호기심을 불러일으키는 것이 학생 참여를 높이는 방법에 대해 논의하자.,What should we talk about?,우리는 무엇에 대해 이야기해야 하나요?,induce curiosity,"[""induce curiosity"",""induce vomiting""]","[""호기심을 유발하다"",""구토를 유발하다""]",bring about,"[""bring about"",""cause""]",,induce는 어떤 결과를 야기하거나 설득한다는 의미.,,,23,2,TOEFL_30x56_FINAL,1,PASS,96,A,... talk about how ...,...에 대해 어떻게 이야기해 보자,96,A,,PASS,How about if ...?,,... talk about how ...,,It's about time (that) ...,,Create natural example sentence using target word and specified pattern.,discussion,"야기하다, 유발하다",School & Learning,11,comparison,,,,,,,,VOCAB,,,,,,,,,,,,,,,,,,,,,
TOEFL,T_D05_27,5,27,invade,침입하다,"trespass, enter; intrude, raid",v.,Reasons & Explanations,이유와 배경 설명하기,61,Core,3,Why can't you stop invasive species from invading our garden?,왜 침입성 종들이 우리 정원을 침범하지 못하게 막지 못하나요?,Why are you unable to prevent invasive species entering our garden?,왜 침입성 종들이 우리 정원에 들어오는 것을 막지 못하나요?,What am I asking you to stop?,내가 무엇을 막으라고 부탁하고 있나요?,invade privacy,"[""invade"",""invade privacy"",""invade territory""]","[""침입하다"",""사생활을 침해하다"",""영역을 침범하다""]",intrude,"[""intrude"",""raid""]",,invade는 무단으로 들어오거나 침범한다는 뜻.,,,22,25,TOEFL_30x56_FINAL,1,PASS,96,A,Why can't you ... ?,왜 ~할 수 없니?,96,A,,PASS,I'll see ...,,I'll be sure to ...,,I'll let you know ...,,Create natural example sentence using target word and specified pattern.,complaint/question,"침입하다, 침략하다",Daily Life,10,comparison,,,,,,,,VOCAB,,,,,,,,,,,,,,,,,,,,,
TOEFL,T_D05_28,5,28,liken to,~에 비유하다,compare to,phr.,Reasons & Explanations,이유와 배경 설명하기,61,Core,3,"I have to say, critics often liken new startups to veteran companies.","솔직히 말하면, 비평가들은 신생 기업을 종종 노련한 회사들에 비유한다.","Honestly, reviewers frequently compare new startups with established firms.",솔직히 비평가들은 신생 기업을 자주 기존 기업에 비유한다.,What do critics liken new startups to?,비평가들은 신생 기업을 무엇에 비유하나요?,liken to,"[""liken to"",""liken A to B""]","[""~에 비유하다"",""A를 B에 비유하다""]",compare to,"[""compare to"",""compare with""]",,liken to는 ~에 비유한다는 의미로 외우자.,,,28,39,TOEFL_30x56_FINAL,1,PASS,96,A,I have to say ...,"솔직히 말하면, ...",96,A,,PASS,I'll be sure to ...,,I'm not used to ...ing,,would hate to ...,,Create natural example sentence using target word and specified pattern.,opinion,"비유하다, 비교하다",Business,12,comparison,,,,,,,,VOCAB,,,,,,,,,,,,,,,,,,,,,
TOEFL,T_D05_29,5,29,link,"관계, 유대; 관련짓다","connection, bond, tie; connect, relate, associate",n./v.,Reasons & Explanations,이유와 배경 설명하기,61,Core,3,I've got a problem with servers failing to link user accounts across platforms.,플랫폼 간에 사용자 계정을 연결하지 못하는 서버들에 문제가 있어요.,I am troubled by servers that don't connect user accounts across platforms.,플랫폼 간 사용자 계정을 연결하지 못하는 서버들 때문에 문제가 있다.,What problem have I got?,어떤 문제가 있나요?,link accounts,"[""link to"",""link accounts"",""link with""]","[""연결하다"",""계정을 연결하다"",""~와 연결하다""]",connect,"[""connect"",""associate""]",,link는 관계를 만들거나 연결한다는 뜻으로 쓰인다.,,,12,6,TOEFL_30x56_FINAL,1,PASS,96,A,I've got a problem with ...,~에 문제가 있다,96,A,,PASS,I'll see ...,,I'll be sure to ...,,I'll let you know ...,,Create natural example sentence using target word and specified pattern.,complaint,"관련짓다, 연결하다",Technology,13,statement,,,,,,,,VOCAB,,,,,,,,,,,,,,,,,,,,,
TOEFL,T_D05_30,5,30,locate,"1. (위치 등을) 찾아내다, 발견하다 / 2. (장소·위치에) 두다","1. find, detect, discover / 2. position, situate, place",v.,Reasons & Explanations,이유와 배경 설명하기,61,Core,3,I'll let you know once I locate the nearest trailhead for tomorrow's hike.,내일 하이킹을 위해 가장 가까운 등산 입구를 찾으면 알려줄게요.,I'll inform you after I find the nearest trailhead for the hike.,하이킹에 가장 가까운 등산 입구를 찾은 후 알려주겠다.,When will I let you know?,언제를 알려주겠다고 했나요?,locate the trailhead,"[""locate"",""locate the source"",""locate the trailhead""]","[""찾아내다"",""출처를 찾아내다"",""등산 입구를 찾아내다""]",find,"[""find"",""discover""]",,locate는 위치를 찾아내거나 어떤 장소에 두는 뜻.,,,26,6,TOEFL_30x56_FINAL,1,PASS,96,A,I'll let you know ...,알려줄게요...,96,A,,PASS,I'll see ...,,I'll be sure to ...,,I'll let you know ...,,Create natural example sentence using target word and specified pattern.,promise,"찾아내다, 위치를 확인하다",Hobbies,13,statement,,,,,,,,VOCAB,,,,,,,,,,,,,,,,,,,,,
TOEFL,T_D06_01,6,1,make it,머지않아 도착하다,arrive,phr.,Reasons & Explanations,이유와 배경 설명하기,61,Core,3,You'll make it before you know it.,곧 도착할 거예요.,You'll arrive very soon.,매우 곧 도착할 거예요.,When will you arrive?,언제 도착하나요?,make it on time,"[""make it on time"",""make it to the meeting""]","[""제 시간에 도착하다"",""회의에 참석하다""]",arrive,"[""arrive"",""get there""]",make it on time,금방 도착할 때 쓰는 표현,,,10,38,TOEFL_30x56_FINAL,Y,PASS,96,A,... before you know it,눈 깜짝할 사이에,96,A,,PASS,It's ... how ...,,Don't make me ...,,It's not that ...,,Create example sentence and translations,time_expression,도착하다,Travel,7,statement,,,,,,,,VOCAB,,,,,,,,,,,,,,,,,,,,,
TOEFL,T_D06_02,6,2,designate,명시하다,"indicate, identify, specify, define",v.,Reasons & Explanations,이유와 배경 설명하기,53,Bridge,3,Do you think I should designate her leader?,그녀를 리더로 지명해야 할까요?,Should I officially name her team leader?,그녀를 공식적으로 팀장으로 임명해야 할까요?,Is she the right choice?,그녀가 적합한 선택인가요?,designate as,"[""designate as"",""designate for a role""]","[""~로 지정하다"",""~ 역할로 지명하다""]",appoint,"[""appoint"",""assign"",""name""]",designate as leader,공식적으로 지정하거나 지명할 때,,,13,6,TOEFL_30x56_FINAL,Y,PASS,96,A,Do you think I should ... ?,제가 ... 해야 할까요?,96,A,,PASS,I'll see ...,,I'll be sure to ...,,I'll let you know ...,,Create example sentence and translations,question,"지정하다, 지명하다",Daily Life,8,question,,,,,,,,VOCAB,,,,,,,,,,,,,,,,,,,,,
TOEFL,T_D06_03,6,3,devastate,완전히 파괴하다,"destroy, demolish, ravage, ruin",v.,Reasons & Explanations,이유와 배경 설명하기,53,Bridge,3,"I'll tell you what, that virus could devastate hospitals.","내가 말하는데, 그 바이러스는 병원을 황폐화시킬 수 있어요.",That virus might completely destroy hospital capacity.,그 바이러스는 병원의 역량을 완전히 무너뜨릴 수 있어요.,How bad could the damage be?,피해가 얼마나 심할까요?,devastate completely,"[""devastate completely"",""devastate communities""]","[""완전히 파괴하다"",""공동체를 황폐화하다""]",destroy,"[""destroy"",""ruin"",""ravage""]",devastate hospitals,완전히 파괴하거나 망가뜨릴 때,,,10,39,TOEFL_30x56_FINAL,Y,PASS,96,A,"I'll tell you what, ...","내가 말하는데, ...",96,A,,PASS,I'll see ...,,I'll be sure to ...,,I'll let you know ...,,Create example sentence and translations,expression,완전히 파괴하다,Health,9,question,,,,,,,,VOCAB,,,,,,,,,,,,,,,,,,,,,
TOEFL,T_D06_04,6,4,discharge,방출하다,"release, emit, excrete",v.,Reasons & Explanations,이유와 배경 설명하기,53,Bridge,3,I'll let you know when they discharge it.,그들이 그것을 방출할 때 알려줄게요.,I'll inform you once they release it.,그들이 그것을 방출하면 알려드리겠습니다.,Will the release be safe?,그 방출은 안전할까요?,discharge waste,"[""discharge waste"",""discharge into the river""]","[""폐기물을 배출하다"",""강으로 배출하다""]",release,"[""release"",""emit"",""expel""]",discharge into,무언가를 밖으로 배출할 때,,,27,55,TOEFL_30x56_FINAL,Y,PASS,96,A,I'll let you know ...,알려줄게요,96,A,,PASS,I'll see ...,,I'll be sure to ...,,I'll let you know ...,,Create example sentence and translations,commitment,방출하다,Business,8,question,,,,,,,,VOCAB,,,,,,,,,,,,,,,,,,,,,
TOEFL,T_D06_05,6,5,dismantle,분해하다,"take apart, disassemble, break down",v.,Reasons & Explanations,이유와 배경 설명하기,53,Bridge,3,I'll be sure to dismantle this before moving.,이사하기 전에 이걸 분해할게요.,I'll take this apart prior to moving.,이사 전에 이것을 분해하겠습니다.,Do you need my help disassembling?,분해하는 데 제 도움이 필요하세요?,dismantle the machine,"[""dismantle the machine"",""dismantle furniture""]","[""기계를 분해하다"",""가구를 해체하다""]",take apart,"[""take apart"",""disassemble""]",dismantle before moving,부품을 나누어 분해할 때,,,17,42,TOEFL_30x56_FINAL,Y,PASS,96,A,I'll be sure to ...,반드시 ...할게요,96,A,,PASS,I'll see ...,,I'll be sure to ...,,I'll let you know ...,,Create example sentence and translations,commitment,분해하다,Travel,8,question,,,,,,,,VOCAB,,,,,,,,,,,,,,,,,,,,,
TOEFL,T_D06_06,6,6,dissipate,"흩어지다, 사라지다","disperse, scatter",v.,Reasons & Explanations,이유와 배경 설명하기,53,Bridge,3,"Believe it or not, the fog will dissipate.","믿기지 않겠지만, 안개가 사라질 거예요.","Surprisingly, the fog will soon disappear.",놀랍게도 그 안개가 곧 사라질 것입니다.,When will visibility improve?,언제 시야가 좋아질까요?,dissipate quickly,"[""dissipate quickly"",""dissipate over time""]","[""빠르게 흩어지다"",""시간이 지나며 사라지다""]",disperse,"[""disperse"",""scatter""]",dissipate soon,흩어지거나 사라질 때,,,21,2,TOEFL_30x56_FINAL,Y,PASS,96,A,"Like/Believe it or not, ...","믿기 어렵겠지만, ...",96,A,,PASS,I'll see ...,,I'll be sure to ...,,I'll let you know ...,,Create example sentence and translations,expression,"흩어지다, 사라지다",Family & Friends,8,question,,,,,,,,VOCAB,,,,,,,,,,,,,,,,,,,,,
TOEFL,T_D06_07,6,7,divergent,"여러 색의 다른, 갈라지는","varying, different, dissimilar",adj.,Reasons & Explanations,이유와 배경 설명하기,53,Bridge,3,I'll let you know if opinions turn divergent.,의견이 분화되면 알려줄게요.,I'll inform you when views start to differ.,견해가 달라지기 시작하면 알려드리겠습니다.,Do you expect disagreement?,이견이 생길 것으로 예상하나요?,divergent opinions,"[""divergent opinions"",""divergent paths""]","[""갈라진 의견"",""분기되는 경로""]",different,"[""different"",""varying"",""dissimilar""]",opinions turn divergent,서로 달라지거나 갈라질 때,,,11,40,TOEFL_30x56_FINAL,Y,PASS,96,A,I'll let you know ...,알려줄게요,96,A,,PASS,I'll see ...,,I'll be sure to ...,,I'll let you know ...,,Create example sentence and translations,commitment,"서로 다른, 갈라지는",Daily Life,8,request_or_suggestion,,,,,,,,VOCAB,,,,,,,,,,,,,,,,,,,,,
TOEFL,T_D06_08,6,8,eccentric,"별난, 특이한","unusual, bizarre, peculiar, odd",adj.,Reasons & Explanations,이유와 배경 설명하기,53,Bridge,3,I'll be sure to invite the eccentric artist.,그 특이한 예술가를 꼭 초대할게요.,I'll make sure the unusual artist gets invited.,그 독특한 예술가가 초대되도록 확실히 하겠습니다.,Do you think they'll accept?,그들이 수락할 것 같나요?,eccentric artist,"[""eccentric artist"",""eccentric behavior""]","[""별난 예술가"",""기이한 행동""]",peculiar,"[""peculiar"",""odd"",""unusual""]",eccentric artist,특이하거나 별난 사람을 묘사할 때,,,11,14,TOEFL_30x56_FINAL,Y,PASS,96,A,I'll be sure to ...,반드시 ...할게요,96,A,,PASS,I'll see ...,,I'll be sure to ...,,I'll let you know ...,,Create example sentence and translations,commitment,"별난, 특이한",Business,8,request_or_suggestion,,,,,,,,VOCAB,,,,,,,,,,,,,,,,,,,,,
TOEFL,T_D06_09,6,9,embellish,장식하다,"decorate, make attractive, adorn, beautify, ornament",v.,Reasons & Explanations,이유와 배경 설명하기,53,Bridge,3,Don't make me embellish that plain wedding cake.,그 밋밋한 웨딩케이크를 과장해서 꾸미게 만들지 마세요.,Please don't force me to decorate that plain cake.,제발 그 평범한 케이크를 꾸미게 하지 마세요.,Do you want extra decorations?,추가 장식을 원하시나요?,embellish with icing,"[""embellish with icing"",""embellish details""]","[""아이싱으로 장식하다"",""세부를 장식하다""]",decorate,"[""decorate"",""adorn"",""ornament""]",embellish the cake,더 아름답게 꾸밀 때 쓰는 표현,,,9,24,TOEFL_30x56_FINAL,Y,PASS,96,A,Don't make me ...,제발 ...하게 하지 마,96,A,,PASS,Don't make me ...,,I'll see ...,,I'll be sure to ...,,Create example sentence and translations,command,장식하다,Shopping & Services,8,request_or_suggestion,,,,,,,,VOCAB,,,,,,,,,,,,,,,,,,,,,
TOEFL,T_D06_10,6,10,eminently,"대단히, 현저히","exceptionally, highly, extremely",adv.,Reasons & Explanations,이유와 배경 설명하기,53,Bridge,3,I'll be sure to explain why it's eminently suitable.,그것이 대단히 적합한 이유를 꼭 설명할게요.,I'll definitely describe why it's highly appropriate.,왜 아주 적절한지 확실히 설명하겠습니다.,Should I prepare examples?,예시를 준비할까요?,eminently suitable,"[""eminently suitable"",""eminently qualified""]","[""대단히 적합한"",""매우 자격이 있는""]",extremely,"[""extremely"",""highly"",""exceptionally""]",eminently suitable,매우 뛰어나거나 적합하다고 말할 때,,,10,40,TOEFL_30x56_FINAL,Y,PASS,96,A,I'll be sure to ...,반드시 ...할게요,96,A,,PASS,I'll see ...,,I'll be sure to ...,,I'll let you know ...,,Create example sentence and translations,commitment,"대단히, 현저히",School & Learning,9,request_or_suggestion,,,,,,,,VOCAB,,,,,,,,,,,,,,,,,,,,,
TOEFL,T_D06_11,6,11,emphasize,강조하다,"stress, highlight, underline",v.,Reasons & Explanations,이유와 배경 설명하기,53,Bridge,3,"I must admit, I emphasized her effort to management.",솔직히 말하면 저는 경영진에게 그녀의 노력을 강조했습니다.,I openly highlighted her contributions for the managers.,저는 경영진에게 그녀의 기여를 공개적으로 강조했습니다.,Who did you emphasize her effort to?,그녀의 노력을 누구에게 강조했나요?,emphasize the importance / emphasize effort,"[""emphasize the importance"",""emphasize effort"",""emphasize to management""]","[""중요성을 강조하다"",""노력을 강조하다"",""경영진에게 강조하다""]",highlight,"[""highlight"",""stress"",""underscore""]",emphasize the importance,중요한 부분을 크게 드러내는 이미지로 기억하세요.,,,3,28,TOEFL_30x56_FINAL,1,COMPLETE,95,A,"I must admit, ...","솔직히 말하면, ...",95,A,,PASS,I'll see ...,,I'll be sure to ...,,I'll let you know ...,,example_sentence_generation,opening,중요성·가치를 강조함,Business,9,admission,,,,,,,,VOCAB,,,,,,,,,,,,,,,,,,,,,
TOEFL,T_D06_12,6,12,empirical,"실험상의, 경험에 의한","based on observation, experimental",adj.,Reasons & Explanations,이유와 배경 설명하기,53,Bridge,3,I'll let you know if empirical data supports it.,실험적 데이터가 그것을 지지하면 알려줄게요.,I'll inform you when observational data confirms it.,관찰 데이터가 그것을 확인하면 알려드리겠습니다.,Have you collected any data yet?,이미 데이터를 수집하셨나요?,empirical evidence,"[""empirical evidence"",""empirical study""]","[""경험적 증거"",""실험적 연구""]",observational,"[""observational"",""experimental""]",empirical data,경험이나 관찰에 근거한 것을 말할 때,,,7,22,TOEFL_30x56_FINAL,Y,PASS,96,A,I'll let you know ...,알려줄게요,96,A,,PASS,I'll see ...,,I'll be sure to ...,,I'll let you know ...,,Create example sentence and translations,commitment,"실험상의, 경험에 의한",Travel,9,conditional,,,,,,,,VOCAB,,,,,,,,,,,,,,,,,,,,,
TOEFL,T_D06_13,6,13,encompass,포함하다,"include, contain, embrace",v.,Reasons & Explanations,이유와 배경 설명하기,53,Bridge,3,That explains why his job encompasses childcare and errands.,"그렇군요, 그래서 그의 업무에 육아와 심부름이 포함되네요.",Now I see his job includes childcare and errands.,이제 그의 업무가 육아와 심부름을 포함한다는 것을 알겠어요.,What does his job encompass?,그의 업무는 무엇을 포함하나요?,encompass responsibilities / encompass the area,"[""encompass responsibilities"",""encompass the area"",""encompass childcare""]","[""책임을 포함하다"",""범위를 포함하다"",""육아를 포함하다""]",include,"[""include"",""contain"",""cover""]",encompass the area,넓은 영역을 감싸듯 포함한다는 이미지로 기억하세요.,,,27,12,TOEFL_30x56_FINAL,1,COMPLETE,95,A,That explains why ...,"그렇군요, 그래서 ...",95,A,,PASS,I'll see ...,,I'll be sure to ...,,I'll let you know ...,,example_sentence_generation,explanation,"포함하다, 범위에 들다",Family & Friends,9,explanation,,,,,,,,VOCAB,,,,,,,,,,,,,,,,,,,,,
TOEFL,T_D06_14,6,14,encounter,마주치다,"meet (with), experience, confront, face",v.,Reasons & Explanations,이유와 배경 설명하기,53,Bridge,3,I'm fed up with how often I encounter delays.,지연을 얼마나 자주 겪는지 정말 지긋지긋해요.,I'm tired of repeatedly running into delays.,반복적으로 지연을 겪는 것이 지쳤어요.,Has your schedule been affected?,일정에 영향이 있었나요?,encounter problems,"[""encounter delays"",""encounter problems""]","[""지연을 겪다"",""문제를 마주치다""]",meet,"[""meet"",""experience"",""face""]",encounter delays,우연히 맞닥뜨리거나 경험할 때,,,5,9,TOEFL_30x56_FINAL,Y,PASS,96,A,I'm fed up with ...,정말 지긋지긋해요,96,A,,PASS,What's up with ...?,,... is obsessed with ...,,I'm fed up with ...,,Create example sentence and translations,complaint,마주치다,Business,9,conditional,,,,,,,,VOCAB,,,,,,,,,,,,,,,,,,,,,
TOEFL,T_D06_15,6,15,enigmatic,"불가사의한, 이해할 수 없는","mysterious, puzzling",adj.,Reasons & Explanations,이유와 배경 설명하기,53,Bridge,3,You can't just ignore that enigmatic note on my desk.,그 수수께끼 같은 쪽지를 내 책상 위에서 그냥 무시할 수는 없어요.,That mysterious note on my desk can't be ignored.,내 책상 위에 있는 그 수상한 쪽지는 무시할 수 없습니다.,Why is the note enigmatic?,왜 그 쪽지가 불가사의한가요?,enigmatic smile / enigmatic message,"[""enigmatic smile"",""enigmatic message"",""enigmatic note""]","[""불가사의한 미소"",""수수께끼 같은 메시지"",""수수께끼 쪽지""]",mysterious,"[""mysterious"",""puzzling"",""cryptic""]",enigmatic message,수수께끼 퍼즐처럼 이해가 안 되는 이미지로 기억하세요.,,,25,7,TOEFL_30x56_FINAL,1,COMPLETE,95,A,You can't (just) ...,그냥 ...할 수는 없다,95,A,,PASS,I'll see ...,,I'll be sure to ...,,I'll let you know ...,,example_sentence_generation,restriction,"이해하기 어려운, 불가사의한",Daily Life,10,prohibition,,,,,,,,VOCAB,,,,,,,,,,,,,,,,,,,,,
TOEFL,T_D06_16,6,16,ostentatious,과시하는,showy,adj.,Reasons & Explanations,이유와 배경 설명하기,47,Advanced,2,I'll see those ostentatious designs at the fair.,박람회에서 그 화려한 디자인들을 보게 될 거예요.,I'll check out those showy designs during the fair.,박람회 동안 그 과시적인 디자인들을 살펴보겠습니다.,Do you like showy styles?,화려한 스타일을 좋아하나요?,ostentatious display,"[""ostentatious display"",""ostentatious jewelry""]","[""과시적인 전시"",""과시적인 보석""]",showy,"[""showy"",""flashy""]",ostentatious designs,과시하거나 눈에 띄게 꾸밀 때,,,27,48,TOEFL_30x56_FINAL,Y,PASS,96,A,I'll see ...,내가 볼게요,96,A,,PASS,I'll see ...,,I'll be sure to ...,,I'll let you know ...,,Create example sentence and translations,observation,과시하는,Hobbies,8,reason_or_result,,,,,,,,VOCAB,,,,,,,,,,,,,,,,,,,,,
TOEFL,T_D06_17,6,17,overwhelming,압도적인,"powerful, enormous, compelling, tremendous",adj.,Reasons & Explanations,이유와 배경 설명하기,47,Advanced,2,I have to say the pain was overwhelming after surgery.,솔직히 말하면 수술 후 통증이 압도적이었어요.,"Honestly, the pain after the operation felt overpowering.",솔직히 말해 수술 후 통증이 강하게 느껴졌습니다.,How did the pain feel after surgery?,수술 후 통증은 어땠나요?,overwhelming feeling / overwhelmingly strong,"[""overwhelming feeling"",""overwhelming majority"",""overwhelming evidence""]","[""압도적인 감정"",""압도적으로 강한"",""압도적인 증거""]",overpowering,"[""overpowering"",""tremendous"",""enormous""]",overwhelming majority,감당할 수 없을 만큼 무거운 느낌을 상상하세요.,,,6,11,TOEFL_30x56_FINAL,1,COMPLETE,95,A,I have to say ...,솔직히 말하면 ...,95,A,,PASS,I'll see ...,,I'll be sure to ...,,I'll let you know ...,,example_sentence_generation,opening,감당할 수 없을 만큼 강한,Health,10,statement,,,,,,,,VOCAB,,,,,,,,,,,,,,,,,,,,,
TOEFL,T_D06_18,6,18,paradoxical,역설적인,"seemingly contradictory, ironic",adj.,Reasons & Explanations,이유와 배경 설명하기,47,Advanced,2,"I hate to say this, but that result seems paradoxical.",이런 말 하기 싫지만 그 결과는 역설적으로 보입니다.,"Unfortunately, the outcome appears contradictory to expectations.",유감스럽게도 그 결과는 기대와 모순되는 것처럼 보입니다.,Why does the result seem paradoxical?,왜 그 결과가 역설적으로 보이나요?,paradoxical situation / paradoxical outcome,"[""paradoxical situation"",""paradoxical outcome"",""seem paradoxical""]","[""역설적인 상황"",""역설적인 결과"",""역설적으로 보이다""]",contradictory,"[""contradictory"",""ironic"",""self-contradictory""]",paradoxical result,겉보기에는 모순되는 상황을 떠올려 기억하세요.,,,10,48,TOEFL_30x56_FINAL,1,COMPLETE,95,A,"I hate to say this, but ...","이런 말 하기 싫지만, ...",95,A,,PASS,I'll see ...,,I'll be sure to ...,,I'll let you know ...,,example_sentence_generation,opening,겉으로 보기에 모순되는,Business,10,cautious_statement,,,,,,,,VOCAB,,,,,,,,,,,,,,,,,,,,,
TOEFL,T_D06_19,6,19,master,습득하다; 지배하다,"learn thoroughly, learn, acquire; control, manage",v.,Choices & Decisions,선택과 결정 말하기,61,Core,3,You might want to master the basics before applying.,지원하기 전에 기본을 익히는 것이 좋을 수 있어요.,It may help to thoroughly learn fundamentals first.,먼저 기초를 철저히 배우는 것이 도움이 될 수 있습니다.,How long will mastery take?,숙달하는 데 얼마나 걸릴까요?,master a skill,"[""master a skill"",""master the technique""]","[""기술을 숙달하다"",""기법을 익히다""]",learn thoroughly,"[""learn thoroughly"",""acquire"",""dominate""]",master the basics,완전히 익히거나 통달할 때,,,6,9,TOEFL_30x56_FINAL,Y,PASS,96,A,You might want to/wanna ...,~하는 게 어떨까요,96,A,,PASS,I'll see ...,,I'll be sure to ...,,I'll let you know ...,,Create example sentence and translations,suggestion,습득하다; 지배하다,Choices & Decisions,9,reason_or_result,,,,,,,,VOCAB,,,,,,,,,,,,,,,,,,,,,
TOEFL,T_D06_20,6,20,mode,"방식, 형태","method, form, fashion, style",n.,Choices & Decisions,선택과 결정 말하기,61,Core,3,"I'll tell you what, this new mode suits our workflow.","내가 말하는데, 이 새로운 방식이 우리의 워크플로에 맞아요.","Frankly, the new method fits how we work.",솔직히 그 새로운 방식이 우리의 작업 방식에 맞습니다.,Should we adopt it company-wide?,회사 전체에 도입해야 할까요?,mode of operation,"[""mode of operation"",""operating mode""]","[""작동 방식"",""운영 모드""]",method,"[""method"",""style"",""fashion""]",new mode,방식이나 형태를 말할 때,,,17,32,TOEFL_30x56_FINAL,Y,PASS,96,A,"I'll tell you what, ...","내가 말하는데, ...",96,A,,PASS,I'll see ...,,I'll be sure to ...,,I'll let you know ...,,Create example sentence and translations,expression,"방식, 형태",Shopping & Services,10,contrast_or_concession,,,,,,,,VOCAB,,,,,,,,,,,,,,,,,,,,,
TOEFL,T_D06_21,6,21,modest,"그리 크지 않은, 소박한","small, not large, limited; simple",adj.,Choices & Decisions,선택과 결정 말하기,61,Core,3,"It's not that modest, but it fits our budget.",그렇게 크진 않지만 우리 예산에 맞아요.,"It's somewhat modest, yet appropriate for our budget.",약간 소박하지만 우리 예산에 적절합니다.,Can we afford upgrades later?,나중에 업그레이드할 수 있을까요?,modest price,"[""modest price"",""modest size""]","[""적당한 가격"",""소박한 크기""]",simple,"[""simple"",""small"",""unassuming""]",not that modest,크지 않고 소박한 상태를 표현,,,14,2,TOEFL_30x56_FINAL,Y,PASS,96,A,It's not that ...,그렇게 ...한 건 아니다,96,A,,PASS,I'm not used to ...ing,,I'm not clear ...,,It's not that ...,,Create example sentence and translations,contrast,"그리 크지 않은, 소박한",School & Learning,9,contrast_or_concession,,,,,,,,VOCAB,,,,,,,,,,,,,,,,,,,,,
TOEFL,T_D06_22,6,22,myriad,1. 무수히 많음 / 2. 무수한,"1. multitude, millions / 2. countless, innumerable, numerous",n./adj.,Choices & Decisions,선택과 결정 말하기,61,Core,3,I just can't seem to choose among myriad tour options.,수많은 여행 옵션들 가운데 선택할 수가 없어요.,I find it impossible to pick from the countless tours.,셀 수 없이 많은 투어 중에서 고르기가 불가능해요.,Which tour option seems best?,어떤 여행 옵션이 가장 좋아 보이나요?,myriad options / myriad possibilities,"[""myriad options"",""myriad possibilities"",""a myriad of""]","[""무수한 옵션"",""무수한 가능성"",""수많은""]",countless,"[""countless"",""innumerable"",""numerous""]",a myriad of options,무수히 많은 별들을 떠올려 수없이 많음을 기억하세요.,,,29,16,TOEFL_30x56_FINAL,1,COMPLETE,95,A,(just) can't seem to ...,도무지 ...하는 것 같지 않다,95,A,,PASS,I'll see ...,,I'll be sure to ...,,I'll let you know ...,,example_sentence_generation,difficulty,무수히 많다,Travel,10,difficulty_statement,,,,,,,,VOCAB,,,,,,,,,,,,,,,,,,,,,
TOEFL,T_D06_23,6,23,opaque,1. 불분명한 / 2. 불투명한,"1. unclear, obscure / 2. impenetrable",adj.,Choices & Decisions,선택과 결정 말하기,61,Core,3,I could never understand his opaque explanations at parties.,나는 파티에서 그의 불분명한 설명을 결코 이해할 수 없었어.,His explanations at social events were always unclear to me.,사교 모임에서 그의 설명은 항상 나에게 불분명했어.,Why are his explanations opaque?,왜 그의 설명들은 불분명한가요?,opaque language / opaque explanation,"[""opaque language"",""opaque explanation"",""remain opaque""]","[""불분명한 언어"",""불분명한 설명"",""불분명하게 남다""]",unclear,"[""unclear"",""obscure"",""impenetrable""]",opaque explanation,유리를 통해 흐릿하게 보이는 이미지로 불분명함을 연상하세요.,,,25,15,TOEFL_30x56_FINAL,1,COMPLETE,95,A,I could never ...,나는 결코 ...할 수 없다,95,A,,PASS,I'll see ...,,I'll be sure to ...,,I'll let you know ...,,example_sentence_generation,ability,"불분명한, 이해하기 어려운",Family & Friends,9,personal_opinion,,,,,,,,VOCAB,,,,,,,,,,,,,,,,,,,,,
TOEFL,T_D06_24,6,24,point out,"지적하다, 언급하다","state, indicate, show",phr.,Choices & Decisions,선택과 결정 말하기,61,Core,3,I'm not cut out to point out every small mistake.,모든 사소한 실수를 지적하기에는 적합하지 않아요.,I'm not suited to calling out every minor error.,사소한 오류마다 지적하는 데 적합하지 않습니다.,Do you prefer constructive feedback?,건설적인 피드백을 선호하시나요?,point out flaws,"[""point out flaws"",""point out errors""]","[""결점을 지적하다"",""오류를 지적하다""]",indicate,"[""indicate"",""mention"",""note""]",point out every mistake,문제나 실수를 지적할 때,,,20,55,TOEFL_30x56_FINAL,Y,PASS,96,A,I'm not cut out for /to ...,~에 적합하지 않다,96,A,,PASS,Turns out (that) ...,,What's the point of ...?,,I'm not cut out for /to ...,,Create example sentence and translations,self-assessment,"지적하다, 언급하다",Business,10,short_narrative,,,,,,,,VOCAB,,,,,,,,,,,,,,,,,,,,,
TOEFL,T_D06_25,6,25,pool,모으다; 기업·연합,"combine, put together; combination, group",v./n.,Choices & Decisions,선택과 결정 말하기,61,Core,3,I can see that we should pool our resources for rent.,우리가 집세를 위해 자원을 모아야겠다는 것을 알겠어요.,I realize we need to combine our money for rent.,집세를 위해 돈을 합쳐야 한다는 것을 깨달았어요.,What should we pool our resources for?,우리는 무엇을 위해 자원을 모아야 하나요?,pool resources / pool funds,"[""pool resources"",""pool funds"",""pool together""]","[""자원을 모으다"",""자금을 모으다"",""함께 모으다""]",combine,"[""combine"",""aggregate"",""consolidate""]",pool our resources,여러 사람이 한 곳에 물을 모으듯 자원을 모으는 이미지로 기억하세요.,,,18,18,TOEFL_30x56_FINAL,1,COMPLETE,95,A,I can see (that) ...,알겠다(즉) ...,95,A,,PASS,I'll see ...,,I'll be sure to ...,,I'll let you know ...,,example_sentence_generation,realization,"자원을 모으다, 합치다",Daily Life,11,realization,,,,,,,,VOCAB,,,,,,,,,,,,,,,,,,,,,
TOEFL,T_D06_26,6,26,pore,"작은 구멍; 자세히 보다, 응시하다","1. hole / 2. stare, gaze",n./v.,Choices & Decisions,선택과 결정 말하기,61,Core,3,Good thing I pored over the contract last night.,다행히도 제가 어젯밤 계약서를 꼼꼼히 살펴봤어요.,"Luckily, I examined the contract in detail yesterday evening.",운 좋게도 저는 어젯밤 계약서를 자세히 검토했어요.,What did you pore over last night?,어젯밤에 무엇을 자세히 살펴보았나요?,pore over the text / pore over documents,"[""pore over the text"",""pore over documents"",""pore over details""]","[""자세히 살피다"",""문서를 꼼꼼히 보다"",""세부사항을 살피다""]",study closely,"[""study closely"",""examine"",""scrutinize""]",pore over,돋보기를 들고 자세히 들여다보는 이미지로 기억하세요.,,,3,37,TOEFL_30x56_FINAL,1,COMPLETE,95,A,Good thing (that) ...,다행이다(는 것) ...,95,A,,PASS,I'll see ...,,I'll be sure to ...,,I'll let you know ...,,example_sentence_generation,remark,"자세히 보다, 꼼꼼히 살피다",Business,9,consequence,,,,,,,,VOCAB,,,,,,,,,,,,,,,,,,,,,
TOEFL,T_D06_27,6,27,probe,"1. 조사하다, 찾다 / 2. 탐구, 탐사","1. investigate, search, examine, explore / 2. exploration, inquiry",v./n.,Choices & Decisions,선택과 결정 말하기,61,Core,3,"I'll tell you what, probe the data before deciding.","이렇게 하자, 결정하기 전에 데이터를 조사해 봐.",Here's an idea: investigate the data before making a decision.,제안인데요: 결정을 내리기 전에 데이터를 조사하세요.,Who should probe the data?,누가 데이터를 조사해야 하나요?,probe the issue / probe deeper,"[""probe the issue"",""probe deeper"",""probe the data""]","[""문제를 조사하다"",""더 깊이 탐사하다"",""데이터를 조사하다""]",investigate,"[""investigate"",""examine"",""explore""]",probe the data,현미경으로 파고드는 이미지로 조사하는 것을 기억하세요.,,,26,12,TOEFL_30x56_FINAL,1,COMPLETE,95,A,"I'll tell you what, ...","그럼 이거 해봐, ...",95,A,,PASS,I'll see ...,,I'll be sure to ...,,I'll let you know ...,,example_sentence_generation,suggestion,"조사하다, 탐색하다",Daily Life,9,suggestion,,,,,,,,VOCAB,,,,,,,,,,,,,,,,,,,,,
TOEFL,T_D06_28,6,28,prompt,"유발하다, 자극하다","cause, bring about, induce; stimulate",v.,Choices & Decisions,선택과 결정 말하기,61,Core,3,How about if we prompt a staff meeting tomorrow?,내일 직원 회의를 요청하는 게 어때요?,Shall we cause a staff meeting to happen tomorrow?,내일 직원 회의를 열도록 촉발할까요?,Does tomorrow work for everyone?,내일 모두 가능한가요?,prompt action,"[""prompt action"",""prompt a response""]","[""조치를 촉구하다"",""응답을 촉발하다""]",induce,"[""induce"",""cause"",""bring about""]",prompt a meeting,무언가를 유발하거나 촉발할 때,,,21,19,TOEFL_30x56_FINAL,Y,PASS,96,A,How about if ...?,~하면 어때요?,96,A,,PASS,How about if ...?,,... talk about how ...,,It's about time (that) ...,,Create example sentence and translations,suggestion,"유발하다, 자극하다",Travel,9,comparison,,,,,,,,VOCAB,,,,,,,,,,,,,,,,,,,,,
TOEFL,T_D06_29,6,29,prone to,~하기 쉬운,"susceptible to, likely to get",phr.,Choices & Decisions,선택과 결정 말하기,61,Core,3,I'm not used to being so prone to errors.,이렇게 실수가 잦은 것에 익숙하지 않아요.,I'm unfamiliar with being this susceptible to mistakes.,이처럼 실수에 취약한 상태에 익숙하지 않습니다.,Have you changed your process?,과정을 바꾸셨나요?,prone to errors,"[""prone to errors"",""prone to illness""]","[""실수하기 쉽다"",""병에 취약하다""]",susceptible,"[""susceptible"",""likely to get""]",prone to errors,~하기 쉬운 성향을 말할 때,,,5,37,TOEFL_30x56_FINAL,Y,PASS,96,A,I'm not used to ...ing,~하는 것에 익숙하지 않다,96,A,,PASS,How did you get ... to?,,I'll be sure to ...,,I'm not used to ...ing,,Create example sentence and translations,habit,~하기 쉬운,Family & Friends,9,statement,,,,,,,,VOCAB,,,,,,,,,,,,,,,,,,,,,
TOEFL,T_D06_30,6,30,rather,오히려; 다소,"instead; somewhat, slightly",adv.,Choices & Decisions,선택과 결정 말하기,61,Core,3,Good thing the shirt was rather affordable and fit well.,다행히 그 셔츠는 꽤 저렴했고 잘 맞았어요.,"Fortunately, the shirt was fairly inexpensive and it fit nicely.",다행히 그 셔츠는 다소 저렴했고 잘 맞았어요.,Was the shirt expensive?,그 셔츠는 비쌌나요?,rather affordable / rather expensive,"[""rather affordable"",""rather expensive"",""rather good""]","[""꽤 저렴한"",""다소 비싼"",""꽤 좋은""]",somewhat,"[""somewhat"",""fairly"",""quite""]",rather affordable,조금 더한 느낌으로 '다소'라는 의미를 떠올리세요.,,,17,49,TOEFL_30x56_FINAL,1,COMPLETE,95,A,Good thing (that) ...,다행이다(는 것) ...,95,A,,PASS,I'll see ...,,I'll be sure to ...,,I'll let you know ...,,example_sentence_generation,remark,"다소, 꽤",Shopping & Services,10,remark,,,,,,,,VOCAB,,,,,,,,,,,,,,,,,,,,,
TOEFL,T_D07_01,7,1,reform,개혁; 개혁하다,"betterment; amend, improve, ameliorate",n./v.,Choices & Decisions,선택과 결정 말하기,61,Core,3,You can't just reform systems overnight without consensus.,합의 없이 제도를 당장 개혁할 수는 없어.,Systemic change requires community agreement and time.,제도적 변화에는 공동체의 합의와 시간이 필요하다.,How can we build consensus for reform?,개혁을 위해 어떻게 합의를 형성할 수 있을까?,reform policy,"[""reform policy"", ""institutional reform""]","[""정책을 개혁하다"", ""제도 개혁""]",improve,"[""improve"",""amend"",""overhaul""]",reform,reform = 다시 형성하여 개선하다,,,8,36,TOEFL_30x56_FINAL,1,PASS,95,A,You can't (just) ...,그냥 ...할 수는 없다,95,A,,PASS,I'll see ...,,I'll be sure to ...,,I'll let you know ...,,Create a natural sentence using the pattern and target word.,statement,제도나 정책을 개선하다,Daily Life,8,statement,,,,,,,,VOCAB,,,,,,,,,,,,,,,,,,,,,
TOEFL,T_D07_02,7,2,regard,"생각하다, 간주하다; 관심","1. consider, think of, see / 2. attention, notice",v./n.,Choices & Decisions,선택과 결정 말하기,61,Core,3,I see many people regard exercise as optional.,나는 많은 사람들이 운동을 선택사항으로 여긴다는 것을 안다.,I notice people often consider exercise nonessential.,사람들이 종종 운동을 필수가 아니라고 여긴다는 것을 알아차린다.,Do you regard exercise as essential?,당신은 운동을 필수라고 여기나요?,regard as,"[""regard as"", ""regard highly""]","[""~로 간주하다"", ""높이 평가하다""]",consider,"[""consider"",""view"",""see as""]",regard,"regard = ~로 여기다, 간주하다",,,2,21,TOEFL_30x56_FINAL,1,PASS,95,A,I see ...,나는 ...라고 본다,95,A,,PASS,"Come to think of it, ...",,I'll see ...,,I think you deserve ...,,Create a natural sentence using the pattern and target word.,statement,~을 ~로 간주하다,Health,8,statement,,,,,,,,VOCAB,,,,,,,,,,,,,,,,,,,,,
TOEFL,T_D07_03,7,3,rely upon,~에 의존하다,"depend upon, resort to",phr.,Choices & Decisions,선택과 결정 말하기,61,Core,3,I'm looking to rely upon teammates for this project.,이번 프로젝트에서는 팀원들에게 의존하려고 합니다.,I plan to depend on colleagues during the project.,프로젝트 동안 동료들에게 의존할 계획이다.,Can you rely upon your team?,팀에 의존할 수 있나요?,rely upon,"[""rely upon"", ""rely on""]","[""~에 의존하다"", ""~에 기대다""]",depend on,"[""depend on"",""count on"",""lean on""]",rely upon,rely upon = ~에 의지하다,,,18,38,TOEFL_30x56_FINAL,1,PASS,95,A,I'm looking to ...,...하려고 한다,95,A,,PASS,I'll be sure to ...,,I'm not used to ...ing,,would hate to ...,,Create a natural sentence using the pattern and target word.,statement,~에 의존하다,Daily Life,9,statement,,,,,,,,VOCAB,,,,,,,,,,,,,,,,,,,,,
TOEFL,T_D07_04,7,4,rigid,엄격한; 굳은,"strict, exact, severe, rigorous; stiff, hard, firm",adj.,Choices & Decisions,선택과 결정 말하기,61,Core,3,I'm having a hard time accepting rigid grading standards.,나는 엄격한 채점 기준을 받아들이기 어렵다.,I struggle with very strict evaluation criteria.,매우 엄격한 평가 기준을 견디기 어렵다.,Why are the grading standards so rigid?,왜 채점 기준이 그렇게 엄격한가요?,rigid standards,"[""rigid standards"", ""rigid rules""]","[""엄격한 기준"", ""경직된 규칙""]",strict,"[""strict"",""inflexible"",""severe""]",rigid,rigid = 굳고 융통성 없는,,,7,17,TOEFL_30x56_FINAL,1,PASS,95,A,I'm having a hard time ...ing,나는 ...하는 데 어려움을 겪고 있다,95,A,,PASS,I'm having a hard time ...ing,,I'll see ...,,I'll be sure to ...,,Create a natural sentence using the pattern and target word.,statement,엄격하고 융통성 없는,School & Learning,9,statement,,,,,,,,VOCAB,,,,,,,,,,,,,,,,,,,,,
TOEFL,T_D07_05,7,5,rival,1. 경쟁하는 / 2. 경쟁자 / 3. ~와 경쟁하다,"1. competing, competitive, conflicting / 2. competitor, antagonist, opponent / 3. compete with, match",adj./n./v.,Choices & Decisions,선택과 결정 말하기,61,Core,3,I'm fed up with my rival constantly bragging about wins.,나는 경쟁자가 계속 승리를 자랑하는 것에 지쳤다.,I'm tired of my competitor's nonstop boasting.,경쟁자의 끊임없는 자랑에 지쳤다.,How do you handle a competitive rival?,경쟁자를 어떻게 다루나요?,rival team,"[""rival"", ""rival team""]","[""경쟁자"", ""경쟁 팀""]",competitor,"[""competitor"",""opponent"",""adversary""]",rival,"rival = 경쟁자, 상대",,,25,34,TOEFL_30x56_FINAL,1,PASS,95,A,I'm fed up with ...,나는 ...에 지쳤다,95,A,,PASS,What's up with ...?,,... is obsessed with ...,,I'm fed up with ...,,Create a natural sentence using the pattern and target word.,statement,"경쟁자, 상대",Daily Life,10,statement,,,,,,,,VOCAB,,,,,,,,,,,,,,,,,,,,,
TOEFL,T_D07_06,7,6,scarce,"부족한, 희귀한","limited, short in supply, not readily available; rare",adj.,Choices & Decisions,선택과 결정 말하기,61,Core,3,"It's not that supplies are scarce, they're misallocated.",보급품이 부족한 게 아니라 배분이 잘못된 것이다.,The issue isn't scarcity but poor allocation.,문제는 부족함이 아니라 부적절한 배분이다.,Are resources truly scarce here?,여기 자원이 정말 부족한가요?,scarce resources,"[""scarce resources"", ""scarce supply""]","[""부족한 자원"", ""공급 부족""]",limited,"[""limited"",""rare"",""insufficient""]",scarce,scarce = 부족하거나 희귀한,,,29,8,TOEFL_30x56_FINAL,1,PASS,95,A,It's not that ...,그렇다고 ...인 것은 아니다,95,A,,PASS,I'm not used to ...ing,,I'm not clear ...,,It's not that ...,,Create a natural sentence using the pattern and target word.,statement,부족하거나 제한된,Technology,8,statement,,,,,,,,VOCAB,,,,,,,,,,,,,,,,,,,,,
TOEFL,T_D07_07,7,7,seek,"찾다, 조사하다; 시도하다","1. look for, search for, pursue / 2. attempt, try, essay",v.,Choices & Decisions,선택과 결정 말하기,61,Core,3,There's no excuse for not seeking professional help.,전문적인 도움을 구하지 않는 것은 변명의 여지가 없다.,Failing to look for expert help is unjustifiable.,전문가의 도움을 구하지 않는 것은 정당화될 수 없다.,Who should seek professional help?,누가 전문가의 도움을 받아야 할까?,seek help,"[""seek help"", ""seek information""]","[""도움을 구하다"", ""정보를 찾다""]",look for,"[""look for"",""search for"",""pursue""]",seek,"seek = 찾다, 구하다, 시도하다",,,5,6,TOEFL_30x56_FINAL,1,PASS,95,A,There's no excuse for ...,...은 변명의 여지가 없다,95,A,,PASS,I'd kill for/to ...,,I feel sorry for ...,,There's no excuse for ...,,Create a natural sentence using the pattern and target word.,statement,"~을 찾다, 구하다",Daily Life,8,statement,,,,,,,,VOCAB,,,,,,,,,,,,,,,,,,,,,
TOEFL,T_D07_08,7,8,set,고정된; 놓다,"fixed, settled; situate, place, put",adj./v.,Choices & Decisions,선택과 결정 말하기,61,Core,3,Your routine will be set before you know it.,네 루틴은 금방 자리잡을 거야.,Your habits will become established quickly.,너의 습관은 금방 확립될 것이다.,When will my schedule be fully set?,언제 내 스케줄이 완전히 정해질까?,set schedule,"[""set time"", ""set routine""]","[""정해진 시간"", ""정착된 루틴""]",establish,"[""fix"",""establish"",""place""]",set,"set = 정해진, 고정된; 놓다",,,7,25,TOEFL_30x56_FINAL,1,PASS,95,A,... before you know it,금세 ...할 것이다,95,A,,PASS,I'll see ...,,I'll be sure to ...,,I'll let you know ...,,Create a natural sentence using the pattern and target word.,statement,정착되다; 자리잡다,Hobbies,9,statement,,,,,,,,VOCAB,,,,,,,,,,,,,,,,,,,,,
TOEFL,T_D07_09,7,9,size up,평가하다,"evaluate, measure, assess, appraise",phr.,Choices & Decisions,선택과 결정 말하기,61,Core,3,There's no way to size up the client without meeting them.,그들을 만나지 않고는 고객을 평가할 방법이 없다.,You can't evaluate a client properly without a meeting.,회의 없이 고객을 제대로 평가할 수 없다.,How should we size up new clients?,신규 고객을 어떻게 평가해야 할까?,size up the situation,"[""size up"", ""size somebody up""]","[""평가하다"", ""평가하다, 재다""]",evaluate,"[""evaluate"",""assess"",""appraise""]",size up,"size up = 평가하다, 재다",,,20,10,TOEFL_30x56_FINAL,1,PASS,95,A,There's no way ...,방법이 없다,95,A,,PASS,What's up with ...?,,I'm fed up with ...,,I don't feel up to ...,,Create a natural sentence using the pattern and target word.,statement,"평가하다, 판단하다",Business,11,statement,,,,,,,,VOCAB,,,,,,,,,,,,,,,,,,,,,
TOEFL,T_D07_10,7,10,slight,"미미한, 경미한","minor, small, trivial; mild",adj.,Choices & Decisions,선택과 결정 말하기,61,Core,3,I'll be sure to mention the slight side effects.,경미한 부작용은 꼭 언급하겠습니다.,I'll make sure to report the minor side effects.,경미한 부작용들을 보고하도록 하겠다.,Are the side effects slight or severe?,부작용이 경미한가 심각한가요?,slight chance,"[""slight change"", ""slight chance""]","[""약간의 변화"", ""가능성이 적음""]",minor,"[""minor"",""small"",""trivial""]",slight,"slight = 미미한, 경미한",,,2,19,TOEFL_30x56_FINAL,1,PASS,95,A,I'll be sure to ...,확실히 ...할게요,95,A,,PASS,I'll see ...,,I'll be sure to ...,,I'll let you know ...,,Create a natural sentence using the pattern and target word.,statement,"작고 중요하지 않은, 경미한",Health,9,statement,,,,,,,,VOCAB,,,,,,,,,,,,,,,,,,,,,
TOEFL,T_D07_11,7,11,span,기간; 걸치다,"duration, period, length; extend across, cover, cross",n./v.,Choices & Decisions,선택과 결정 말하기,61,Core,3,I'll let you know the span of the visit.,방문 기간을 알려줄게.,I'll inform you of how long the visit will last.,방문이 얼마나 지속되는지 알려드리겠다.,What is the expected span of the event?,행사의 예상 기간은 얼마인가요?,time span,"[""time span"", ""span years""]","[""기간"", ""~년에 걸치다""]",duration,"[""duration"",""period"",""length""]",span,span = 기간; 걸치다,,,14,53,TOEFL_30x56_FINAL,1,PASS,95,A,I'll let you know ...,알려줄게,95,A,,PASS,I'll see ...,,I'll be sure to ...,,I'll let you know ...,,Create a natural sentence using the pattern and target word.,statement,"기간, 지속기간",Family & Friends,9,statement,,,,,,,,VOCAB,,,,,,,,,,,,,,,,,,,,,
TOEFL,T_D07_12,7,12,sparse,드문드문한; 부족한,"scattered, thinly distributed; scanty, meager, scarce, limited",adj.,Choices & Decisions,선택과 결정 말하기,61,Core,3,I'll be sure to check why posts are so sparse.,게시물이 왜 이렇게 드문지 꼭 확인할게.,I'll investigate why content appears so thinly distributed.,왜 콘텐츠가 이렇게 드문드문한지 조사하겠다.,Why are posts so sparse lately?,최근에 게시물이 왜 이렇게 드문가요?,sparse population,"[""sparse population"", ""sparse vegetation""]","[""드문 인구분포"", ""드문드문한 식생""]",scanty,"[""scattered"",""thin"",""scarce""]",sparse,"sparse = 드문드문한, 부족한",,,13,31,TOEFL_30x56_FINAL,1,PASS,95,A,I'll be sure to ...,확실히 ...할 것이다,95,A,,PASS,I'll see ...,,I'll be sure to ...,,I'll let you know ...,,Create a natural sentence using the pattern and target word.,statement,"드문드문한, 적은",Daily Life,10,statement,,,,,,,,VOCAB,,,,,,,,,,,,,,,,,,,,,
TOEFL,T_D07_13,7,13,spur,자극; 자극하다,"stimulus, incitement, incentive; stimulate, prompt",n./v.,Choices & Decisions,선택과 결정 말하기,61,Core,3,I'll let you know if the incentive spurs sales.,인센티브가 판매를 촉진하는지 알려줄게.,I'll report whether the incentive stimulates increased sales.,그 인센티브가 판매를 증가시키는지 보고하겠다.,What will spur customer purchases?,무엇이 고객의 구매를 촉진할까?,spur growth,"[""spur growth"", ""spur action""]","[""성장을 촉진하다"", ""행동을 촉구하다""]",stimulate,"[""stimulate"",""prompt"",""encourage""]",spur,"spur = 자극하다, 촉진하다",,,8,4,TOEFL_30x56_FINAL,1,PASS,95,A,I'll let you know ...,알려줄게,95,A,,PASS,I'll see ...,,I'll be sure to ...,,I'll let you know ...,,Create a natural sentence using the pattern and target word.,statement,"자극하다, 촉진하다",Business,9,statement,,,,,,,,VOCAB,,,,,,,,,,,,,,,,,,,,,
TOEFL,T_D07_14,7,14,stamp out,근절하다,"eliminate, eradicate, extirpate",phr.,Choices & Decisions,선택과 결정 말하기,61,Core,3,I'm not cut out to stamp out fraud alone.,혼자서 사기를 근절할 자질은 없다.,I'm not suited to eliminate fraud by myself.,혼자서 사기를 근절할 적임자는 아니다.,Who should lead efforts to stamp out fraud?,사기를 근절하는 노력을 누가 주도해야 할까?,stamp out corruption,"[""stamp out"", ""stamp out disease""]","[""근절하다"", ""질병을 근절하다""]",eradicate,"[""eradicate"",""eliminate"",""root out""]",stamp out,"stamp out = 근절하다, 완전히 없애다",,,2,34,TOEFL_30x56_FINAL,1,PASS,95,A,I'm not cut out for /to ...,나는 ...에 적합하지 않다,95,A,,PASS,Turns out (that) ...,,I'm not cut out for /to ...,,I'll see ...,,Create a natural sentence using the pattern and target word.,statement,"근절하다, 없애다",Shopping & Services,9,statement,,,,,,,,VOCAB,,,,,,,,,,,,,,,,,,,,,
TOEFL,T_D07_15,7,15,staple,"1. 주요 생품, 주요소 / 2. 기본적인, 주요한","1. basic item, regular feature, basic feature / 2. basic, primary",n./adj.,Choices & Decisions,선택과 결정 말하기,61,Core,3,I'll be sure to include staple readings each week.,매주 주요 필독 자료를 포함하겠습니다.,I'll make sure primary readings are provided weekly.,주요 읽을거리를 매주 제공하도록 하겠다.,Which texts are course staples?,이 강좌의 주요 교재는 무엇인가요?,staple food,"[""staple food"", ""staple item""]","[""주요 식품"", ""주요 품목""]",basic,"[""basic"",""primary"",""main""]",staple,"staple = 주요한, 기본적인",,,28,15,TOEFL_30x56_FINAL,1,PASS,95,A,I'll be sure to ...,반드시 ...할게요,95,A,,PASS,I'll see ...,,I'll be sure to ...,,I'll let you know ...,,Create a natural sentence using the pattern and target word.,statement,"주요한, 기본적인",School & Learning,9,statement,,,,,,,,VOCAB,,,,,,,,,,,,,,,,,,,,,
TOEFL,T_D07_16,7,16,stem from,~에서 유래하다,"originate from, derive from, arise from",phr.,Choices & Decisions,선택과 결정 말하기,61,Core,3,I'll let you know if problems stem from supply delays.,문제가 공급 지연에서 비롯되는지 알려줄게.,I'll inform you whether issues originate from delivery delays.,문제가 배송 지연에서 비롯되는지 알려주겠다.,What might these issues stem from?,이 문제들이 무엇에서 비롯된 것일까?,stem from,"[""stem from"", ""originate from""]","[""~에서 비롯되다"", ""~에서 발생하다""]",originate from,"[""originate from"",""derive from"",""arise from""]",stem from,stem from = ~에서 유래하다,,,17,54,TOEFL_30x56_FINAL,1,PASS,95,A,I'll let you know ...,알려줄게,95,A,,PASS,I'll see ...,,I'll be sure to ...,,I'll let you know ...,,Create a natural sentence using the pattern and target word.,statement,~에서 유래하다,Daily Life,10,statement,,,,,,,,VOCAB,,,,,,,,,,,,,,,,,,,,,
TOEFL,T_D07_17,7,17,though,1. 그렇지만 / 2. ~이지만,"1. however, nevertheless, yet, still / 2. although, while, albeit",adv./conj.,Choices & Decisions,선택과 결정 말하기,61,Core,3,"Never thought I would travel solo, though.",그렇지만 혼자 여행할 줄은 몰랐어.,"However, I never expected to travel alone.",하지만 나는 혼자 여행할 줄은 몰랐다.,Did you enjoy traveling alone?,혼자 여행하는 것을 즐겼나요?,though often,"[""even though"", ""though sometimes""]","[""비록 ~일지라도"", ""하지만 때때로""]",however,"[""however"",""although"",""but""]",though,"though = 그렇지만, ~이지만",,,21,48,TOEFL_30x56_FINAL,1,PASS,95,A,never thought I would ...,내가 ...할 줄은 몰랐다,95,A,,PASS,never thought I would ...,,I'll see ...,,I'll be sure to ...,,Create a natural sentence using the pattern and target word.,statement,"그렇지만, ~이지만",Travel,7,statement,,,,,,,,VOCAB,,,,,,,,,,,,,,,,,,,,,
TOEFL,T_D07_18,7,18,tuned to,~에 맞춘,in agreement with,phr.,Choices & Decisions,선택과 결정 말하기,61,Core,3,I'm not used to being tuned to her moods.,나는 그녀의 기분에 맞춰지는 데 익숙하지 않다.,I'm unfamiliar with aligning myself to her emotional shifts.,그녀의 감정 변화에 맞추는 데 익숙하지 않다.,Are you tuned to your partner's emotions?,파트너의 감정에 맞춰 있나요?,tuned to frequency,"[""tuned to"", ""tuned in""]","[""~에 맞춰진"", ""관심을 기울이다""]",in agreement with,"[""in agreement with"",""aligned with"",""attuned to""]",tuned to,"tuned to = ~에 맞춘, 공감하는",,,11,59,TOEFL_30x56_FINAL,1,PASS,95,A,I'm not used to ...ing,나는 ...하는 데 익숙하지 않다,95,A,,PASS,What did you do with/to ... ?,,I'll be sure to ...,,I'm not used to ...ing,,Create a natural sentence using the pattern and target word.,statement,"~에 맞춰지다, 공감하다",Family & Friends,9,statement,,,,,,,,VOCAB,,,,,,,,,,,,,,,,,,,,,
TOEFL,T_D07_19,7,19,unique to,~ 특유의,"existing only in, exclusive to",phr.,Choices & Decisions,선택과 결정 말하기,61,Core,3,I have to say this feature seems unique to our premium subscribers.,솔직히 이 기능은 우리 프리미엄 가입자에게만 있는 것 같다.,"Frankly, that function appears exclusive to premium users.",솔직히 그 기능은 프리미엄 사용자에게만 해당되는 것 같다.,What features are unique to premium users?,프리미엄 사용자에게만 적용되는 기능은 무엇인가요?,unique to region,"[""unique to"", ""unique feature""]","[""~에만 존재하는"", ""독특한 특징""]",exclusive to,"[""exclusive to"",""particular to"",""specific to""]",unique to,"unique to = ~에 특유의, 독특한",,,19,38,TOEFL_30x56_FINAL,1,PASS,95,A,I have to say ...,솔직히 말하자면 ...,95,A,,PASS,I'll be sure to ...,,I'm not used to ...ing,,would hate to ...,,Create a natural sentence using the pattern and target word.,statement,~에만 존재하는,Business,12,statement,,,,,,,,VOCAB,,,,,,,,,,,,,,,,,,,,,
TOEFL,T_D07_20,7,20,vivid,1. 선명한 / 2. 생생한,"1. bright, brilliant / 2. graphic, lifelike",adj.,Choices & Decisions,선택과 결정 말하기,61,Core,3,I'll see that the photos stay vivid in the album.,사진들이 앨범에서 생생하게 남도록 할게.,I'll ensure the pictures remain bright and lifelike.,사진들이 밝고 생생하게 유지되도록 하겠다.,How do you keep colors vivid in prints?,인쇄물에서 색을 어떻게 선명하게 유지하나요?,vivid memory,"[""vivid colors"", ""vivid memory""]","[""선명한 색"", ""생생한 기억""]",bright,"[""bright"",""lifelike"",""graphic""]",vivid,"vivid = 선명한, 생생한",,,23,24,TOEFL_30x56_FINAL,1,PASS,95,A,I'll see ...,확인해볼게,95,A,,PASS,I'll see ...,,I'll be sure to ...,,I'll let you know ...,,Create a natural sentence using the pattern and target word.,statement,생생하고 선명한,Daily Life,10,statement,,,,,,,,VOCAB,,,,,,,,,,,,,,,,,,,,,
TOEFL,T_D07_21,7,21,yield,"1. 산출하다 / 2. 넘겨주다, 양도하다","1. produce, generate, give / 2. cede, surrender, hand over",v.,Choices & Decisions,선택과 결정 말하기,61,Core,3,I guess this strategy will yield higher profits next quarter.,내 생각에 이 전략은 다음 분기에 더 높은 이익을 낼 거예요.,This approach will produce greater profits next quarter.,이 접근 방식은 다음 분기에 더 많은 이익을 창출할 것이다.,What will this strategy yield next quarter?,이 전략은 다음 분기에 무엇을 가져올까요?,yield profits,"[""yield profits"",""yield results""]","[""수익을 낳다"",""결과를 가져오다""]",produce,"[""produce"",""generate""]",yield profits,yield를 '이익을 낳다'로 연결해 기억하세요.,chart-increase,business meeting,27,35,TOEFL_30x56_FINAL,YES,PASS,95,A,I guess (that) ...,내 생각에는 ...,95,A,,PASS,I'll see ...,,I'll be sure to ...,,I'll let you know ...,,v5.0 full workflow,Opinion,수익이나 결과를 낳다,Business,10,prediction,,,,,,,,VOCAB,,,,,,,,,,,,,,,,,,,,,
TOEFL,T_D07_22,7,22,consider,"곰곰이 생각하다, 고려하다","contemplate, take into account",v.,Choices & Decisions,선택과 결정 말하기,60,Core,3,I'm into considering different angles before buying gear.,나는 장비를 사기 전에 여러 관점을 고려하는 편이다.,I like to think through options before purchases.,구매 전에 선택지를 심사숙고하는 것을 좋아한다.,Do you consider alternatives before purchases?,구매 전에 대안을 고려하나요?,consideration period,"[""consider"", ""consider doing""]","[""고려하다"", ""~하는 것을 고려하다""]",contemplate,"[""contemplate"",""think about"",""take into account""]",consider,"consider = 곰곰이 생각하다, 고려하다",,,27,13,TOEFL_30x56_FINAL,1,PASS,95,A,I'm into ...,나는 ...에 관심이 있다,95,A,,PASS,I'm into ...,,I'll see ...,,I'll be sure to ...,,Create a natural sentence using the pattern and target word.,statement,"심사숙고하다, 고려하다",Hobbies,8,statement,,,,,,,,VOCAB,,,,,,,,,,,,,,,,,,,,,
TOEFL,T_D07_23,7,23,enable,가능하게 하다,"allow, permit, facilitate",v.,Choices & Decisions,선택과 결정 말하기,60,Core,3,I'll see if the update can enable faster syncing.,업데이트가 더 빠른 동기화를 가능하게 하는지 확인해볼게.,I'll check whether the update allows improved synchronization.,업데이트가 동기화를 개선하는지 확인하겠다.,Will the patch enable quicker sync?,패치가 더 빠른 동기화를 가능하게 하나요?,enable feature,"[""enable"", ""enable access""]","[""가능하게 하다"", ""접근을 허용하다""]",allow,"[""allow"",""permit"",""facilitate""]",enable,"enable = 가능하게 하다, 허용하다",,,7,21,TOEFL_30x56_FINAL,1,PASS,95,A,I'll see ...,확인해볼게,95,A,,PASS,I'll see ...,,I'll be sure to ...,,I'll let you know ...,,Create a natural sentence using the pattern and target word.,statement,"가능하게 하다, 허용하다",Business,9,statement,,,,,,,,VOCAB,,,,,,,,,,,,,,,,,,,,,
TOEFL,T_D07_24,7,24,initiative,진취성,"enterprise, ambition, drive",n.,Choices & Decisions,선택과 결정 말하기,60,Core,3,I'll see how her initiative affects team morale.,그녀의 진취성이 팀 사기에 어떤 영향을 미치는지 보겠다.,I'll observe whether her drive improves team spirit.,그녀의 추진력이 팀 사기를 향상시키는지 관찰하겠다.,Who showed initiative this week?,이번 주에 누가 진취성을 보였나요?,take initiative,"[""take the initiative"", ""show initiative""]","[""주도권을 잡다"", ""진취성을 보이다""]",drive,"[""enterprise"",""ambition"",""drive""]",initiative,"initiative = 진취성, 주도성",,,18,1,TOEFL_30x56_FINAL,1,PASS,95,A,I'll see ...,확인해볼게,95,A,,PASS,I'll see ...,,I'll be sure to ...,,I'll let you know ...,,Create a natural sentence using the pattern and target word.,statement,"진취성, 주도성",Health,8,statement,,,,,,,,VOCAB,,,,,,,,,,,,,,,,,,,,,
TOEFL,T_D07_25,7,25,issue,"문제, 논점","matter, point, question",n.,Choices & Decisions,선택과 결정 말하기,60,Core,3,What's the point of discussing the issue if nothing changes?,아무 것도 바뀌지 않는데 그 문제를 논의하는 게 무슨 소용이야?,Why bother talking about the matter if it won't produce change?,변화를 가져오지 못할 거라면 그 문제를 논의할 이유가 무엇인가?,Is it worth debating the issue now?,지금 그 문제를 논쟁할 가치가 있나요?,issue arises,"[""address the issue"", ""raise an issue""]","[""문제를 다루다"", ""문제를 제기하다""]",matter,"[""matter"",""point"",""topic""]",issue,"issue = 문제, 논점",,,24,55,TOEFL_30x56_FINAL,1,PASS,95,A,What's the point of ...?,무슨 소용이 있나?,95,A,,PASS,What's the point of ...?,,I'll see ...,,I'll be sure to ...,,Create a natural sentence using the pattern and target word.,question,"문제, 논점",Daily Life,10,question,,,,,,,,VOCAB,,,,,,,,,,,,,,,,,,,,,
TOEFL,T_D07_26,7,26,meet,문제·위기에 대처하다,"deal with, handle",v.,Choices & Decisions,선택과 결정 말하기,60,Core,3,I've got a problem with how we meet urgent customer needs.,긴급 고객 요구를 어떻게 충족하는지에 문제가 있다.,I'm concerned about how we handle urgent customer requests.,우리가 긴급 고객 요청을 처리하는 방식에 문제가 있다.,How can we better meet urgent demands?,긴급한 요구를 더 잘 충족하려면 어떻게 해야 하나요?,meet demand,"[""meet demand"", ""meet requirements""]","[""수요를 충족시키다"", ""요구사항을 충족하다""]",handle,"[""deal with"",""handle"",""address""]",meet,"meet = 대응하다, 처리하다",,,16,18,TOEFL_30x56_FINAL,1,PASS,95,A,I've got a problem with ...,나는 ...에 문제가 있다,95,A,,PASS,What's up with ...?,,... is obsessed with ...,,I'm fed up with ...,,Create a natural sentence using the pattern and target word.,statement,"대응하다, 처리하다",Shopping & Services,11,statement,,,,,,,,VOCAB,,,,,,,,,,,,,,,,,,,,,
TOEFL,T_D07_27,7,27,ephemeral,"단명하는, 덧없는","short-lived, temporary",adj.,Choices & Decisions,선택과 결정 말하기,53,Bridge,3,"Like it or not, trends in fashion are often ephemeral.",믿거나 말거나 패션 트렌드는 종종 덧없다.,"Whether you accept it, fashion trends usually last briefly.",받아들이든 아니든 패션 트렌드는 보통 짧게 지속된다.,Why are fashion trends so ephemeral?,왜 패션 트렌드는 그렇게 덧없는가요?,ephemeral beauty,"[""ephemeral nature"", ""short-lived""]","[""일시적인 성격"", ""단명하는""]",short-lived,"[""short-lived"",""temporary"",""fleeting""]",ephemeral,"ephemeral = 단명하는, 일시적인",,,7,16,TOEFL_30x56_FINAL,1,PASS,95,A,"Like/Believe it or not, ...",믿기지 않겠지만,95,A,,PASS,I'll see ...,,I'll be sure to ...,,I'll let you know ...,,Create a natural sentence using the pattern and target word.,statement,"단명하는, 잠시만 지속되는",School & Learning,10,statement,,,,,,,,VOCAB,,,,,,,,,,,,,,,,,,,,,
TOEFL,T_D07_28,7,28,equivocal,모호한,"ambiguous, vague, obscure, uncertain",adj.,Choices & Decisions,선택과 결정 말하기,53,Bridge,3,I'm not clear why the instructions sound equivocal to travelers.,지침이 여행자들에게 왜 그렇게 애매하게 들리는지 잘 모르겠다.,I don't understand why the directions seem ambiguous to visitors.,지침이 방문자들에게 왜 모호하게 보이는지 이해하지 못하겠다.,Are the instructions intentionally equivocal?,그 지침들이 일부러 모호한 건가요?,equivocal answer,"[""equivocal statement"", ""ambiguous""]","[""모호한 진술"", ""애매한""]",ambiguous,"[""ambiguous"",""vague"",""uncertain""]",equivocal,"equivocal = 모호한, 애매한",,,9,37,TOEFL_30x56_FINAL,1,PASS,95,A,I'm not clear ...,나는 ...을 잘 모르겠다,95,A,,PASS,I'll see ...,,I'll be sure to ...,,I'll let you know ...,,Create a natural sentence using the pattern and target word.,statement,"모호한, 애매한",Travel,10,statement,,,,,,,,VOCAB,,,,,,,,,,,,,,,,,,,,,
TOEFL,T_D07_29,7,29,eradicate,근절하다,"(completely) remove, root up, extirpate, eliminate",v.,Choices & Decisions,선택과 결정 말하기,53,Bridge,3,You're gonna have to eradicate gossip from our group.,우리 그룹에서 소문을 근절해야 할 것이다.,You will need to eliminate gossip within the team.,팀 내의 소문을 제거해야 할 것이다.,How can we eradicate harmful rumors?,해로운 소문을 어떻게 근절할 수 있지?,eradicate disease,"[""eradicate"", ""eradicate poverty""]","[""근절하다"", ""빈곤을 근절하다""]",eliminate,"[""eliminate"",""root out"",""wipe out""]",eradicate,"eradicate = 근절하다, 완전히 제거하다",,,5,36,TOEFL_30x56_FINAL,1,PASS,95,A,You're gonna have to ...,너는 ...해야 할 거야,95,A,,PASS,What's up with ...?,,I'm fed up with ...,,I don't feel up to ...,,Create a natural sentence using the pattern and target word.,statement,"근절하다, 없애다",Family & Friends,9,statement,,,,,,,,VOCAB,,,,,,,,,,,,,,,,,,,,,
TOEFL,T_D07_30,7,30,erroneous,잘못된,"wrong, incorrect, mistaken, false",adj.,Choices & Decisions,선택과 결정 말하기,53,Bridge,3,"I'll tell you what, that report seems erroneous to me.",솔직히 그 보고서는 내게 오류가 있는 것 같다.,"Frankly, that document appears to contain mistakes.",솔직히 그 문서는 오류가 있는 것으로 보인다.,Which parts of the report look erroneous?,보고서의 어느 부분이 잘못된 것 같나요?,erroneous conclusion,"[""erroneous conclusion"", ""erroneous data""]","[""잘못된 결론"", ""잘못된 데이터""]",incorrect,"[""incorrect"",""mistaken"",""false""]",erroneous,"erroneous = 잘못된, 틀린",,,5,53,TOEFL_30x56_FINAL,1,PASS,95,A,"I'll tell you what, ...","있잖아, ...",95,A,,PASS,I'll see ...,,I'll be sure to ...,,I'll let you know ...,,Create a natural sentence using the pattern and target word.,statement,"잘못된, 틀린",Business,10,statement,,,,,,,,VOCAB,,,,,,,,,,,,,,,,,,,,,
TOEFL,T_D08_01,8,1,excessive,지나친,"extreme, undue, exorbitant",adj.,Choices & Decisions,선택과 결정 말하기,53,Bridge,3,I'm not used to excessive notifications popping up.,저는 지나치게 많은 알림이 뜨는 것에 익숙하지 않아요.,Too many notifications make me uncomfortable.,너무 많은 알림이 저를 불편하게 해요.,,,,[],[],,[],,excessive = 지나칠 정도로 많은,,,22,35,TOEFL_30x56_FINAL,TRUE,PASS,95,A,I'm not used to ...ing,...하는데 익숙하지 않다,95,A,,OK,I'll see ...,,I'll be sure to ...,,I'll let you know ...,,Create one natural example sentence using the word and pattern.,habit,"지나치게 많은, 과도한",Technology,8,statement,,,,,,,,VOCAB,,,,,,,,,,,,,,,,,,,,,
TOEFL,T_D08_02,8,2,exclusive,유일한,"only, sole, single",adj.,Choices & Decisions,선택과 결정 말하기,53,Bridge,3,"I can't afford the exclusive dinner, let alone travel.",저는 그 고급 만찬은 감당할 수 없는데 여행은 물론 못 가요.,"I can't pay for that exclusive event, much less travel.",저는 그 독점적인 행사 비용을 낼 수 없고 여행은 더더욱 불가능해요.,,,,[],[],exclusive=high-end,[],,exclusive = 특정인만 이용 가능한,,,26,14,TOEFL_30x56_FINAL,TRUE,PASS,95,A,"I can't ..., let alone ...","할 수 없는데, ~은 더 말할 것도 없다",95,A,,OK,I'll see ...,,I'll be sure to ...,,I'll let you know ...,,Create one natural example sentence using the word and pattern.,contrast,"한정된 사람만 이용할 수 있는, 배타적인",Daily Life,9,statement,,,,,,,,VOCAB,,,,,,,,,,,,,,,,,,,,,
TOEFL,T_D08_03,8,3,expansive,"넓은, 방대한","large, broad, wide, extensive",adj.,Choices & Decisions,선택과 결정 말하기,53,Bridge,3,I'll see how expansive the gallery feels tomorrow.,내일 그 갤러리가 얼마나 넓게 느껴지는지 알아볼게요.,I'll check how large and open the gallery seems.,그 갤러리가 얼마나 크고 탁 트여 보이는지 확인해 보겠습니다.,,,,[],[],expansive=spacious,[],,expansive = 공간이 넓은,,,2,31,TOEFL_30x56_FINAL,TRUE,PASS,95,A,I'll see ...,내가 알아볼게,95,A,,OK,I'll see ...,,I'll be sure to ...,,I'll let you know ...,,Create one natural example sentence using the word and pattern.,promise,"(공간이) 넓은, 탁 트인",Hobbies,8,statement,,,,,,,,VOCAB,,,,,,,,,,,,,,,,,,,,,
TOEFL,T_D08_04,8,4,extensive,"광범위한, 넓은","widespread, large, wide, broad, far-reaching",adj.,Choices & Decisions,선택과 결정 말하기,53,Bridge,3,"As far as I can tell, the damage is extensive.",제 생각에는 피해가 광범위한 것 같습니다.,"From what I can tell, the harm is widespread.",제가 보기엔 피해가 널리 퍼져 있습니다.,,,,[],[],extensive=widespread,[],,extensive = 넓게 퍼진,,,25,13,TOEFL_30x56_FINAL,TRUE,PASS,95,A,"As far as I can tell, ...",내가 보기에는,95,A,,OK,"As far as I can tell, ...",,I'll see ...,,I'll be sure to ...,,Create one natural example sentence using the word and pattern.,opinion,"광범위한, 넓게 퍼진",Technology,10,statement,,,,,,,,VOCAB,,,,,,,,,,,,,,,,,,,,,
TOEFL,T_D08_05,8,5,fabricate,만들어 내다,"make, produce, build",v.,Choices & Decisions,선택과 결정 말하기,53,Bridge,3,Don't make me fabricate an excuse for you.,네 대신 핑계를 만들어 내게 하지 마.,Don't force me to invent a false excuse for you.,나한테 거짓 핑계를 만들어 내게 하지 마세요.,,,,[],[],fabricate=invent,[],,fabricate = 사실을 꾸며내다,,,16,17,TOEFL_30x56_FINAL,TRUE,PASS,95,A,Don't make me ...,날 ...하게 만들지 마,95,A,,OK,Don't make me ...,,I'll see ...,,I'll be sure to ...,,Create one natural example sentence using the word and pattern.,warning,"거짓말을 만들어 내다, 꾸며내다",Daily Life,8,command,,,,,,,,VOCAB,,,,,,,,,,,,,,,,,,,,,
TOEFL,T_D08_06,8,6,flow,"흐름, 이동","stream, current; movement, motion",n.,Choices & Decisions,선택과 결정 말하기,53,Bridge,3,Which of these flows fits the webpage layout best?,이 흐름들 중 어느 것이 웹페이지 레이아웃에 가장 잘 맞나요?,Which flow option matches the webpage layout most appropriately?,어떤 흐름 옵션이 웹페이지 레이아웃에 가장 적합한가요?,,,,[],[],flow=movement,[],,"flow = 흐름, 흐름의 방식",,,13,10,TOEFL_30x56_FINAL,TRUE,PASS,95,A,Which of the / these ... ?,이 중 어느 ~ ?,95,A,,OK,I'll see ...,,I'll be sure to ...,,I'll let you know ...,,Create one natural example sentence using the word and pattern.,question,"흐름, 이동",Shopping & Services,9,question,,,,,,,,VOCAB,,,,,,,,,,,,,,,,,,,,,
TOEFL,T_D08_07,8,7,fluctuate,변동하다,"change, vary",v.,Choices & Decisions,선택과 결정 말하기,53,Bridge,3,I'll see if prices fluctuate next month.,다음 달에 가격이 변동하는지 알아볼게요.,I'll check whether prices will vary next month.,다음 달에 가격이 변할지 확인해 보겠습니다.,,,,[],[],fluctuate=vary,[],,fluctuate = 오르내리다,,,30,5,TOEFL_30x56_FINAL,TRUE,PASS,95,A,I'll see ...,내가 알아볼게,95,A,,OK,I'll see ...,,I'll be sure to ...,,I'll let you know ...,,Create one natural example sentence using the word and pattern.,promise,"변동하다, 오르내리다",School & Learning,7,statement,,,,,,,,VOCAB,,,,,,,,,,,,,,,,,,,,,
TOEFL,T_D08_08,8,8,forestall,미연에 방지하다,"prevent, hinder, avert",v.,Choices & Decisions,선택과 결정 말하기,53,Bridge,3,I'll be sure to forestall any delays at customs.,세관에서의 어떤 지연도 미연에 방지하도록 하겠습니다.,I'll make sure to prevent delays at customs.,세관에서 지연이 발생하지 않도록 확실히 하겠습니다.,,,,[],[],forestall=prevent,[],,forestall = 미연에 막다,,,4,18,TOEFL_30x56_FINAL,TRUE,PASS,95,A,I'll be sure to ...,꼭 ~할게,95,A,,OK,I'll see ...,,I'll be sure to ...,,I'll let you know ...,,Create one natural example sentence using the word and pattern.,assurance,"미연에 방지하다, 막다",Travel,9,statement,,,,,,,,VOCAB,,,,,,,,,,,,,,,,,,,,,
TOEFL,T_D08_09,8,9,frightful,무서운,"alarming, fearsome",adj.,Choices & Decisions,선택과 결정 말하기,53,Bridge,3,I don't know anything about frightful horror movies.,저는 무서운 공포 영화에 대해서는 아무것도 몰라요.,I have no knowledge of truly scary horror films.,정말 무서운 공포 영화에 대해 전혀 모릅니다.,,,,[],[],frightful=scary,[],,frightful = 무서운,,,12,22,TOEFL_30x56_FINAL,TRUE,PASS,95,A,I don't know anything about ...,나는 ~에 대해 아무것도 몰라,95,A,,OK,I'll see ...,,I'll be sure to ...,,I'll let you know ...,,Create one natural example sentence using the word and pattern.,statement,"무서운, 소름끼치는",Family & Friends,8,statement,,,,,,,,VOCAB,,,,,,,,,,,,,,,,,,,,,
TOEFL,T_D08_10,8,10,gradually,서서히,"slowly, little by little",adv.,Choices & Decisions,선택과 결정 말하기,53,Bridge,3,I'll see progress gradually over the quarter.,분기 동안 점차적으로 진전이 보일 거예요.,"I'll observe slow, steady progress during the quarter.",분기 동안 천천히 하지만 꾸준한 진전을 관찰하겠습니다.,,,,[],[],gradually=slowly,[],,gradually = 서서히,,,20,26,TOEFL_30x56_FINAL,TRUE,PASS,95,A,I'll see ...,내가 알아볼게,95,A,,OK,I'll see ...,,I'll be sure to ...,,I'll let you know ...,,Create one natural example sentence using the word and pattern.,future_observation,"서서히, 점차적으로",Business,7,statement,,,,,,,,VOCAB,,,,,,,,,,,,,,,,,,,,,
TOEFL,T_D08_11,8,11,guarantee,보장하다,"ensure, secure, warrant",v.,Choices & Decisions,선택과 결정 말하기,53,Bridge,3,I'll be sure to guarantee the product's quality.,제품의 품질을 꼭 보장하겠습니다.,I will ensure and promise the product's quality.,제품 품질을 보장하겠다고 약속하겠습니다.,,,,[],[],guarantee=ensure,[],,guarantee = 보장하다,,,6,39,TOEFL_30x56_FINAL,TRUE,PASS,95,A,I'll be sure to ...,꼭 ~할게,95,A,,OK,I'll see ...,,I'll be sure to ...,,I'll let you know ...,,Create one natural example sentence using the word and pattern.,assurance,보장하다,Daily Life,8,statement,,,,,,,,VOCAB,,,,,,,,,,,,,,,,,,,,,
TOEFL,T_D08_12,8,12,perceptibly,"눈에 띄게, 상당히","noticeably, appreciably, sensibly",adv.,Choices & Decisions,선택과 결정 말하기,47,Advanced,2,I'll see if sales increase perceptibly this month.,이번 달에 매출이 눈에 띄게 늘어나는지 알아볼게요.,I'll check whether sales show a noticeable increase this month.,이번 달 매출이 눈에 띄게 증가하는지 확인하겠습니다.,,,,[],[],perceptibly=noticeably,[],,perceptibly = 눈에 띄게,,,30,46,TOEFL_30x56_FINAL,TRUE,PASS,95,A,I'll see ...,내가 알아볼게,95,A,,OK,I'll see ...,,I'll be sure to ...,,I'll let you know ...,,Create one natural example sentence using the word and pattern.,future_observation,"눈에 띄게, 상당히",Business,8,statement,,,,,,,,VOCAB,,,,,,,,,,,,,,,,,,,,,
TOEFL,T_D08_13,8,13,permanently,영구히,"forever, eternally, perpetually, everlastingly",adv.,Choices & Decisions,선택과 결정 말하기,47,Advanced,2,I'll be sure to remove your access permanently today.,오늘 당신의 접근 권한을 영구히 해제해 드리겠습니다.,I will make sure to revoke your access forever today.,오늘 당신의 접근을 영구적으로 취소하겠습니다.,,,,[],[],permanently=forever,[],,permanently = 영구히,,,28,26,TOEFL_30x56_FINAL,TRUE,PASS,95,A,I'll be sure to ...,꼭 ~할게,95,A,,OK,I'll see ...,,I'll be sure to ...,,I'll let you know ...,,Create one natural example sentence using the word and pattern.,assurance,영구히,Daily Life,9,statement,,,,,,,,VOCAB,,,,,,,,,,,,,,,,,,,,,
TOEFL,T_D08_14,8,14,perpetually,끊임없이,"continually, incessantly, ceaselessly",adv.,Choices & Decisions,선택과 결정 말하기,47,Advanced,2,I'm not used to working perpetually,나는 끊임없이 일하는 것에 익숙하지 않다.,I don't usually work without taking breaks.,나는 보통 쉬지 않고 일하지 않는다.,Are you not used to working perpetually?,끊임없이 일하는 것에 익숙하지 않으세요?,perpetually busy,"[""perpetually busy""]","[""""]",,"[""continually"",""constantly"",""incessantly""]",,perpetually = 끊임없이,,,20,23,TOEFL_30x56_FINAL,1,PASS,95,A,I'm not used to ...ing,…하는 데 익숙하지 않다,95,A,,PASS,I'll see ...,,I'll be sure to ...,,I'll let you know ...,,word sentence generation,Usage,끊임없이,Business,6,habitual state,,,,,,,,VOCAB,,,,,,,,,,,,,,,,,,,,,
TOEFL,T_D08_15,8,15,refine,개선하다,"improve, perfect",v.,People & Feelings,사람과 감정 표현하기,60,Core,3,I think you deserve time to refine your idea.,나는 네가 아이디어를 다듬을 시간이 필요하다고 생각해.,You should be given time to improve and perfect your idea.,아이디어를 개선하고 다듬을 시간이 너에게 주어져야 한다고 생각해.,,,,[],[],refine=improve,[],,"refine = 개선하다, 다듬다",,,11,17,TOEFL_30x56_FINAL,TRUE,PASS,95,A,I think you deserve ...,나는 네가 ~할 자격이 있다고 생각한다,95,A,,OK,I'll see ...,,I'll be sure to ...,,I'll let you know ...,,Create one natural example sentence using the word and pattern.,compliment,"개선하다, 다듬다",Family & Friends,9,statement,,,,,,,,VOCAB,,,,,,,,,,,,,,,,,,,,,
TOEFL,T_D08_16,8,16,viable,생존 가능한,able to survive,adj.,People & Feelings,사람과 감정 표현하기,60,Core,3,I'm not used to finding viable vendors so quickly.,이렇게 빨리 실행 가능한 공급업체를 찾는 것에 익숙하지 않아요.,I'm unaccustomed to locating workable suppliers so fast.,이렇게 빨리 실현 가능한 공급업체를 찾는 데 익숙하지 않습니다.,,,,[],[],viable=workable,[],,viable = 실행 가능한,,,5,40,TOEFL_30x56_FINAL,TRUE,PASS,95,A,I'm not used to ...ing,...하는데 익숙하지 않다,95,A,,OK,I'll be sure to ...,,I'm not used to ...ing,,would hate to ...,,Create one natural example sentence using the word and pattern.,habit,"실행 가능한, 생존 가능한",Shopping & Services,9,statement,,,,,,,,VOCAB,,,,,,,,,,,,,,,,,,,,,
TOEFL,T_D08_17,8,17,vital,매우 중요한,"essential, important, significant",adj.,People & Feelings,사람과 감정 표현하기,60,Core,3,What matters most is keeping vital patient records accurate.,가장 중요한 것은 환자의 중요한 기록을 정확하게 유지하는 것입니다.,The most important thing is to maintain essential patient records accurately.,가장 중요한 것은 필수 환자 기록을 정확히 유지하는 것입니다.,,,,[],[],vital=essential,[],,vital = 매우 중요한,,,29,37,TOEFL_30x56_FINAL,TRUE,PASS,95,A,What matters (the) most is ...,가장 중요한 것은 ...이다,95,A,,OK,I'll see ...,,I'll be sure to ...,,I'll let you know ...,,Create one natural example sentence using the word and pattern.,importance,매우 중요한,School & Learning,9,statement,,,,,,,,VOCAB,,,,,,,,,,,,,,,,,,,,,
TOEFL,T_D08_18,8,18,critical,중요한; 위험한,"most important, crucial, essential; dangerous, risky",adj.,People & Feelings,사람과 감정 표현하기,59,Core,3,"I'm sorry, but the situation is critical now.",죄송하지만 상황이 지금 심각합니다.,I regret to say the situation has become very serious.,유감스럽게도 상황이 매우 심각해졌습니다.,,,,[],[],critical=serious,[],,"critical = 위험한, 중대한",,,10,3,TOEFL_30x56_FINAL,TRUE,PASS,95,A,"I'm sorry, but ...",미안하지만 ...,95,A,,OK,What matters (the) most is ...,,I'll see ...,,I'll be sure to ...,,Create one natural example sentence using the word and pattern.,apology,위험하거나 중대한 상황인,Daily Life,8,statement,,,,,,,,VOCAB,,,,,,,,,,,,,,,,,,,,,
TOEFL,T_D08_19,8,19,dictate,"1. (권위를 갖고) 지시하다 / 2. 좌우하다, 결정하다","1. require, suggest, prescribe / 2. determine",v.,People & Feelings,사람과 감정 표현하기,59,Core,3,I can't afford to let market trends dictate policy.,시장 동향이 정책을 좌우하도록 할 여유가 없습니다.,I do not have the means to allow market trends to determine policy.,시장 추세가 정책을 결정하게 할 여유가 없습니다.,,,,[],[],dictate=determine,[],,"dictate = 좌우하다, 결정하다",,,23,13,TOEFL_30x56_FINAL,TRUE,PASS,95,A,I can't afford to ...,~할 여유가 없다,95,A,,OK,I'll see ...,,I'll be sure to ...,,I'll let you know ...,,Create one natural example sentence using the word and pattern.,ability/afford,"좌우하다, 결정하다",Business,9,statement,,,,,,,,VOCAB,,,,,,,,,,,,,,,,,,,,,
TOEFL,T_D08_20,8,20,implication,결과,"consequence, result",n.,People & Feelings,사람과 감정 표현하기,59,Core,3,"If there's anything that changes the implication, tell me.",그 암시(결과)를 바꾸는 어떤 것이 있다면 알려 주세요.,Let me know if anything alters the resulting implication.,결과(함의)를 바꾸는 것이 있으면 알려 주세요.,,,,[],[],implication=consequence,[],,"implication = 결과, 함의",,,18,47,TOEFL_30x56_FINAL,TRUE,PASS,95,A,If there's anything (that) ...,만약 ~한 것이 있다면...,95,A,,OK,I'll see ...,,I'll be sure to ...,,I'll let you know ...,,Create one natural example sentence using the word and pattern.,condition,"결과, 함의",Health,9,conditional,,,,,,,,VOCAB,,,,,,,,,,,,,,,,,,,,,
TOEFL,T_D08_21,8,21,notable,"주목할 만한, 중요한","remarkable, outstanding; important",adj.,People & Feelings,사람과 감정 표현하기,59,Core,3,I'll let you know if anything notable occurs this weekend.,이번 주말에 주목할 만한 일이 있으면 알려줄게요.,I'll inform you should any remarkable events happen this weekend.,이번 주말에 주목할 만한 일이 발생하면 알려 드리겠습니다.,,,,[],[],notable=remarkable,[],,notable = 주목할 만한,,,9,10,TOEFL_30x56_FINAL,TRUE,PASS,95,A,I'll let you know ...,내가 알려줄게,95,A,,OK,I'll see ...,,I'll be sure to ...,,I'll let you know ...,,Create one natural example sentence using the word and pattern.,information,"주목할 만한, 중요한",Hobbies,10,statement,,,,,,,,VOCAB,,,,,,,,,,,,,,,,,,,,,
TOEFL,T_D08_22,8,22,abort,중단하다,"quit, halt, call off",v.,People & Feelings,사람과 감정 표현하기,58,Core,3,"I'll tell you what, abort the launch immediately and regroup","좋아, 발사를 즉시 중단하고 재정비하자.",I'll suggest canceling the launch and regrouping.,발사를 취소하고 재정비하자고 제안하겠다.,Should we abort the launch now?,지금 발사를 중단할까요?,abort mission,"[""abort mission""]","[""""]",,"[""cancel"",""call off"",""terminate""]",,"abort = 중단하다, 취소하다",,,30,20,TOEFL_30x56_FINAL,1,PASS,96,A,"I'll tell you what, ...","그럼 이렇게 하자,",96,A,,PASS,I'll see ...,,I'll be sure to ...,,I'll let you know ...,,word sentence generation,Suggestion,중단하다,Technology,10,suggestion + imperative,,,,,,,,VOCAB,,,,,,,,,,,,,,,,,,,,,
TOEFL,T_D08_23,8,23,abound,"아주 많다, 풍부하다","overflow, teem, be plentiful, be numerous",v.,People & Feelings,사람과 감정 표현하기,58,Core,3,Opportunities can't be expected to abound without effort.,노력 없이는 기회가 풍부할 것이라고 기대할 수 없다.,You shouldn't expect many opportunities to appear without effort.,노력 없이 많은 기회가 생길 것이라고 기대해서는 안 됩니다.,,,,[],[],abound=be plentiful,[],,"abound = 매우 많다, 풍부하다",,,4,4,TOEFL_30x56_FINAL,TRUE,PASS,95,A,... can't be ...,~일 리가 없다,95,A,,OK,I'll be sure to ...,,... can't be ...,,You'll be sorry ...,,Create one natural example sentence using the word and pattern.,negation,"아주 많다, 풍부하다",Technology,8,statement,,,,,,,,VOCAB,,,,,,,,,,,,,,,,,,,,,
TOEFL,T_D08_24,8,24,abrupt,갑작스러운,"sudden, sharp, unexpected",adj.,People & Feelings,사람과 감정 표현하기,58,Core,3,I don't know anything about abrupt policy shifts lately.,최근의 갑작스러운 정책 변화에 대해서는 전혀 모르겠어요.,I have no knowledge of sudden policy changes recently.,최근의 갑작스러운 정책 변화에 대해 아는 바가 없습니다.,,,,[],[],abrupt=sudden,[],,abrupt = 갑작스러운,,,2,15,TOEFL_30x56_FINAL,TRUE,PASS,95,A,I don't know anything about ...,나는 ~에 대해 아무것도 몰라,95,A,,OK,I'll see ...,,I'll be sure to ...,,I'll let you know ...,,Create one natural example sentence using the word and pattern.,statement,갑작스러운,Business,9,statement,,,,,,,,VOCAB,,,,,,,,,,,,,,,,,,,,,
TOEFL,T_D08_25,8,25,absorb,흡수하다,"take in, imbibe, soak up",v.,People & Feelings,사람과 감정 표현하기,58,Core,3,I'm fed up with clothes that don't absorb sweat.,땀을 흡수하지 못하는 옷들에 지긋지긋해요.,I'm tired of garments that fail to absorb sweat effectively.,땀을 제대로 흡수하지 못하는 옷들에 지쳤습니다.,,,,[],[],absorb=soak up,[],,absorb = 흡수하다,,,8,49,TOEFL_30x56_FINAL,TRUE,PASS,95,A,I'm fed up with ...,~에 지긋지긋해,95,A,,OK,What's up with ...?,,I'm fed up with ...,,I don't feel up to ...,,Create one natural example sentence using the word and pattern.,emotion,흡수하다,Travel,9,statement,,,,,,,,VOCAB,,,,,,,,,,,,,,,,,,,,,
TOEFL,T_D08_26,8,26,absurd,터무니없는,"ridiculous, preposterous, ludicrous",adj.,People & Feelings,사람과 감정 표현하기,58,Core,3,I wish you wouldn't call that plan so absurd.,그 계획을 그렇게 터무니없다고 부르지 않았으면 좋겠어요.,Please don't label that proposal as completely absurd.,그 제안을 터무니없다고 부르지 말아 달라고 부탁드립니다.,,,,[],[],absurd=ridiculous,[],,absurd = 터무니없는,,,18,6,TOEFL_30x56_FINAL,TRUE,PASS,95,A,I wish you wouldn't ...,~하지 않았으면 좋겠어,95,A,,OK,I'll see ...,,I'll be sure to ...,,I'll let you know ...,,Create one natural example sentence using the word and pattern.,request,터무니없는,Family & Friends,9,request,,,,,,,,VOCAB,,,,,,,,,,,,,,,,,,,,,
TOEFL,T_D08_27,8,27,acute,극심한,"severe, intense, extreme",adj.,People & Feelings,사람과 감정 표현하기,58,Core,3,"I'm telling you, the pain becomes acute at night.","정말이에요, 통증이 밤에 더 심해져요.","Believe me, the pain turns severe during the night.","믿어봐요, 밤에는 통증이 더 심해집니다.",,,,[],[],acute=severe,[],,acute = 극심한,,,7,33,TOEFL_30x56_FINAL,TRUE,PASS,95,A,"I'm telling you, ...","정말이야, ...",95,A,,OK,I'll see ...,,I'll be sure to ...,,I'll let you know ...,,Create one natural example sentence using the word and pattern.,emphasis,"극심한, 심한",Daily Life,9,statement,,,,,,,,VOCAB,,,,,,,,,,,,,,,,,,,,,
TOEFL,T_D08_28,8,28,adept,능숙한,"skillful, proficient, deft, adroit",adj.,People & Feelings,사람과 감정 표현하기,58,Core,3,How about if we hire someone adept at coding?,코딩에 능숙한 사람을 고용하는 건 어때요?,Why don't we consider hiring a skilled programmer?,숙련된 프로그래머를 고용하는 것을 고려해보는 건 어떨까요?,,,,[],[],adept=skilled,[],,adept = 능숙한,,,6,35,TOEFL_30x56_FINAL,TRUE,PASS,95,A,How about if ...?,...하면 어때?,95,A,,OK,I'll see ...,,I'll be sure to ...,,I'll let you know ...,,Create one natural example sentence using the word and pattern.,suggestion,"능숙한, 숙련된",Business,9,question,,,,,,,,VOCAB,,,,,,,,,,,,,,,,,,,,,
TOEFL,T_D08_29,8,29,adhere,"부착하다, 달라붙다","stick, cleave, cling",v.,People & Feelings,사람과 감정 표현하기,58,Core,3,"I hate to say this, but stickers won't adhere here.","이런 말하기는 싫지만, 스티커는 여기에는 붙지 않을 거예요.","Reluctantly, I must say stickers won't stick on this surface.",마음 내키지 않지만 이 표면에는 스티커가 붙지 않을 것 같아요.,,,,[],[],adhere=stick,[],,adhere = 달라붙다,,,10,50,TOEFL_30x56_FINAL,TRUE,PASS,95,A,"I hate to say this, but ...",이 말을 하긴 싫지만...,95,A,,OK,I'll see ...,,I'll be sure to ...,,I'll let you know ...,,Create one natural example sentence using the word and pattern.,reluctant_statement,"부착하다, 달라붙다",Shopping & Services,10,statement,,,,,,,,VOCAB,,,,,,,,,,,,,,,,,,,,,
TOEFL,T_D08_30,8,30,adopt,"채택하다, 받아들이다","take up, begin to use, select",v.,People & Feelings,사람과 감정 표현하기,58,Core,3,I'm looking to adopt a more efficient filing system.,더 효율적인 문서 관리 시스템을 도입하려고 합니다.,"I intend to implement a better, more efficient filing method.",더 나은 효율적인 문서 정리 방식을 도입할 계획입니다.,,,,[],[],adopt=implement,[],,"adopt = 채택하다, 도입하다",,,28,14,TOEFL_30x56_FINAL,TRUE,PASS,95,A,I'm looking to ...,~하려고 하다,95,A,,OK,Didn't you use to ... ?,,I don't feel up to ...,,I'll be sure to ...,,Create one natural example sentence using the word and pattern.,plan,"채택하다, 받아들이다",School & Learning,9,statement,,,,,,,,VOCAB,,,,,,,,,,,,,,,,,,,,,
TOEFL,T_D09_01,9,1,adorn,꾸미다,"decorate, beautify, ornament",v.,People & Feelings,사람과 감정 표현하기,58,Core,3,I'll see how you adorn that jacket.,네가 그 재킷을 어떻게 장식하는지 지켜볼게.,I'll check how you decorate that jacket.,네가 그 재킷을 어떻게 꾸미는지 확인할게.,What will I see?,내가 무엇을 보게 되지?,adorn with,[],[],decorate,[],,adorn = 장식하다(ornament 연상),,,12,27,TOEFL_30x56_FINAL,yes,APPROVED,98,A,I'll see ...,내가 볼게 ...,98,A,,PASS,I'll see ...,,I'll be sure to ...,,I'll let you know ...,,Write one natural example sentence using the target word and chosen pattern.,assurance,"꾸미다, 장식하다",Travel,7,statement,,,,,,,,VOCAB,,,,,,,,,,,,,,,,,,,,,
TOEFL,T_D09_02,9,2,affect,영향을 끼치다,"influence, impact, act on",v.,People & Feelings,사람과 감정 표현하기,58,Core,3,"I can't affect everyone, let alone change them.","모두에게 영향을 줄 수는 없어, 하물며 그들을 바꿀 수는 없지.","I cannot influence everyone, much less change them.","모두에게 영향을 줄 수는 없고, 더구나 바꿀 수는 없다는 뜻이야.",Who can't be affected?,누구에게 영향을 줄 수 없는가?,affect someone,[],[],influence,[],,affect = 영향(영향을 미치다),,,5,22,TOEFL_30x56_FINAL,yes,APPROVED,98,A,"I can't ..., let alone ...","나는 ...할 수 없어, 하물며 ...",98,A,,PASS,I'll see ...,,I'll be sure to ...,,I'll let you know ...,,Write one natural example sentence using the target word and chosen pattern.,concession,영향을 주다,Daily Life,8,statement,,,,,,,,VOCAB,,,,,,,,,,,,,,,,,,,,,
TOEFL,T_D09_03,9,3,agile,민첩한,"nimble, quick, active",adj.,People & Feelings,사람과 감정 표현하기,58,Core,3,I see she's still agile after the surgery.,수술 후에도 그녀가 여전히 민첩하구나.,I notice she remains quick after surgery.,수술 후에도 그녀가 빠르다는 것을 알아차렸어.,Who is agile?,누가 민첩한가?,agile mind,[],[],nimble,[],,"agile = 날렵한, 빠른 움직임",,,17,21,TOEFL_30x56_FINAL,yes,APPROVED,98,A,I see ...,알겠어 ...,98,A,,PASS,I'll see ...,,I'll be sure to ...,,I'll let you know ...,,Write one natural example sentence using the target word and chosen pattern.,observation,"민첩한, 빠른",Family & Friends,8,statement,,,,,,,,VOCAB,,,,,,,,,,,,,,,,,,,,,
TOEFL,T_D09_04,9,4,aid,돕다,"assist, support, help, back",v.,People & Feelings,사람과 감정 표현하기,58,Core,3,I said I'd aid you with your move.,이사 도와주겠다고 내가 약속했잖아.,I promised I would help you move.,이사하는 것을 도와주겠다고 약속했어.,What did I promise?,내가 무엇을 약속했나?,aid someone,[],[],help,[],,aid = help(돕다),,,13,28,TOEFL_30x56_FINAL,yes,APPROVED,98,A,I said I'd ...,내가 ~하겠다고 말했어 ...,98,A,,PASS,I said I'd ...,,I can't help it if ...,,I'll see ...,,Write one natural example sentence using the target word and chosen pattern.,promise,돕다,Daily Life,8,statement,,,,,,,,VOCAB,,,,,,,,,,,,,,,,,,,,,
TOEFL,T_D09_05,9,5,allay,완화시키다,"reduce, relieve, soothe",v.,People & Feelings,사람과 감정 표현하기,58,Core,3,I'll see to allay your concerns before departure.,출발 전에 당신의 걱정을 덜어드리도록 할게요.,I'll make sure to ease your worries before leaving.,떠나기 전에 걱정을 완화하도록 할게.,When will I ease your concerns?,언제 당신의 걱정을 덜어줄 건가?,allay concerns,[],[],ease,[],,allay = all + lay(누그러뜨리다)로 기억,,,24,30,TOEFL_30x56_FINAL,yes,APPROVED,98,A,I'll see ...,내가 처리할게 ...,98,A,,PASS,I'll see ...,,I'll be sure to ...,,I'll let you know ...,,Write one natural example sentence using the target word and chosen pattern.,assurance,"완화시키다, 달래다",Travel,8,statement,,,,,,,,VOCAB,,,,,,,,,,,,,,,,,,,,,
TOEFL,T_D09_06,9,6,allied,관련된,"related, linked, connected",adj.,People & Feelings,사람과 감정 표현하기,58,Core,3,I can see these problems are closely allied.,이 문제들이 밀접하게 연관돼 있다는 게 보이네.,I notice these issues are closely connected.,이 문제들이 밀접하게 연결되어 있음을 알아차렸어.,What can I see?,무엇을 볼 수 있나?,closely allied,[],[],related,[],,allied = 연관된(linked),,,18,30,TOEFL_30x56_FINAL,yes,APPROVED,98,A,I can see (that) ...,~라는 것을 알 수 있어,98,A,,PASS,I'll see ...,,I'll be sure to ...,,I'll let you know ...,,Write one natural example sentence using the target word and chosen pattern.,observation,"관련된, 연관된",Daily Life,8,statement,,,,,,,,VOCAB,,,,,,,,,,,,,,,,,,,,,
TOEFL,T_D09_07,9,7,allow,허락하다,"enable, permit, let",v.,People & Feelings,사람과 감정 표현하기,58,Core,3,Let's say this drug would allow faster recovery.,가령 이 약이 더 빠른 회복을 가능하게 한다고 치자.,Suppose this medicine permits quicker recovery.,이 약이 더 빠른 회복을 허용한다고 가정해 봐.,What are we assuming?,무엇을 가정하고 있지?,allow faster recovery,[],[],permit,[],,"allow = 허락하다, 가능하게 하다",,,11,37,TOEFL_30x56_FINAL,yes,APPROVED,98,A,Let's Say ...,가령 ...,98,A,,PASS,I'll let you know ...,,Let's Say ...,,Let's just Say ...,,Write one natural example sentence using the target word and chosen pattern.,hypothesis,"허락하다, 가능하게 하다",Health,8,statement,,,,,,,,VOCAB,,,,,,,,,,,,,,,,,,,,,
TOEFL,T_D09_08,9,8,allure,유혹하다,"attract, invite, appeal, lure",v.,People & Feelings,사람과 감정 표현하기,58,Core,3,I'm into alluring vintage shops downtown.,나는 시내의 매력적인 빈티지 가게들을 좋아해.,I like attractive vintage stores in downtown.,도심의 매력적인 빈티지 가게들을 좋아한다는 뜻이야.,What am I into?,나는 무엇을 좋아하니?,alluring shops,[],[],attractive,[],,"allure = 끌다, 매력(appeal)",,,20,45,TOEFL_30x56_FINAL,yes,APPROVED,98,A,I'm into ...,나는 ...에 빠져 있어,98,A,,PASS,I'll see ...,,I'll be sure to ...,,I'll let you know ...,,Write one natural example sentence using the target word and chosen pattern.,preference,"유혹하다, 매혹시키다",Shopping & Services,6,statement,,,,,,,,VOCAB,,,,,,,,,,,,,,,,,,,,,
TOEFL,T_D09_09,9,9,alter,"변경하다, 바꾸다","change, modify, metamorphose",v.,People & Feelings,사람과 감정 표현하기,58,Core,3,I'm not used to altering plans at the last minute.,나는 막판에 계획을 변경하는 것에 익숙하지 않아.,I am not accustomed to changing plans at the last moment.,나는 막바지에 계획을 바꾸는 데 익숙하지 않다.,What am I not used to?,나는 무엇에 익숙하지 않나?,alter plans,[],[],change,[],,alter = change(바꾸다),,,23,17,TOEFL_30x56_FINAL,yes,APPROVED,98,A,I'm not used to ...ing,~하는 데 익숙하지 않다,98,A,,PASS,I'll see ...,,I'll be sure to ...,,I'll let you know ...,,Write one natural example sentence using the target word and chosen pattern.,habit,"변경하다, 바꾸다",Family & Friends,10,statement,,,,,,,,VOCAB,,,,,,,,,,,,,,,,,,,,,
TOEFL,T_D09_10,9,10,amiss,잘못된,"wrong, erroneous, faulty",adj.,People & Feelings,사람과 감정 표현하기,58,Core,3,There's no excuse for amiss data in the report.,보고서에 잘못된 데이터가 있는 것은 변명의 여지가 없다.,Incorrect data in the report is inexcusable.,보고서의 부정확한 데이터는 용납될 수 없다.,What is inexcusable?,무엇이 변명의 여지가 없는가?,amiss in,[],[],wrong,[],,"amiss = 잘못된, 어긋난",,,16,20,TOEFL_30x56_FINAL,yes,APPROVED,98,A,There's no excuse for ...,~에 대한 변명은 없다,98,A,,PASS,I'll see ...,,I'll be sure to ...,,I'll let you know ...,,Write one natural example sentence using the target word and chosen pattern.,condemnation,"잘못된, 틀린",Business,9,statement,,,,,,,,VOCAB,,,,,,,,,,,,,,,,,,,,,
TOEFL,T_D09_11,9,11,amply,풍족하게,"generously, bountifully, lavishly",adv.,People & Feelings,사람과 감정 표현하기,58,Core,3,I can see she was amply rewarded for effort.,그녀가 노력에 대해 충분히 보상받았다는 게 보이네.,I notice she received generous rewards for her effort.,그녀가 노력에 대해 아낌없는 보상을 받았음을 알아차렸어.,What can I see about her reward?,그녀의 보상에 대해 무엇을 알 수 있나?,amply rewarded,[],[],generously,[],,"amply = 충분히, 풍족하게",,,23,45,TOEFL_30x56_FINAL,yes,APPROVED,98,A,I can see (that) ...,~라는 것을 알 수 있어,98,A,,PASS,I'll see ...,,I'll be sure to ...,,I'll let you know ...,,Write one natural example sentence using the target word and chosen pattern.,observation,"풍족하게, 충분히",Daily Life,9,statement,,,,,,,,VOCAB,,,,,,,,,,,,,,,,,,,,,
TOEFL,T_D09_12,9,12,anchor,고정시키다,"hold in place, secure, fasten",v.,People & Feelings,사람과 감정 표현하기,58,Core,3,I'm in the middle of anchoring the tent poles.,텐트 기둥을 고정하는 중이야.,I'm currently fastening the tent poles in place.,지금 텐트 기둥을 고정하고 있다.,What am I doing?,내가 무엇을 하고 있지?,anchor in place,[],[],secure,[],,anchor = 고정시키다(닻처럼),,,14,18,TOEFL_30x56_FINAL,yes,APPROVED,98,A,I'm in the middle of ...,~하는 중이다,98,A,,PASS,I'm in the middle of ...,,I'll see ...,,I'll be sure to ...,,Write one natural example sentence using the target word and chosen pattern.,ongoing_action,고정시키다,Travel,9,statement,,,,,,,,VOCAB,,,,,,,,,,,,,,,,,,,,,
TOEFL,T_D09_13,9,13,annual,연간의,yearly,adj.,People & Feelings,사람과 감정 표현하기,58,Core,3,I see the annual festival brings everyone together.,연례 축제가 모두를 모이게 하네.,I notice the yearly festival unites everyone.,연간 축제가 모두를 하나로 모은다는 것을 알아차렸어.,What does the festival do?,축제는 무엇을 하나?,annual festival,[],[],yearly,[],,annual = 연간의(one year),,,19,39,TOEFL_30x56_FINAL,yes,APPROVED,98,A,I see ...,알겠어 ...,98,A,,PASS,I'll see ...,,I'll be sure to ...,,I'll let you know ...,,Write one natural example sentence using the target word and chosen pattern.,observation,연간의,Daily Life,8,statement,,,,,,,,VOCAB,,,,,,,,,,,,,,,,,,,,,
TOEFL,T_D09_14,9,14,appeal,간청하다,"plead, request, ask, beg",v.,People & Feelings,사람과 감정 표현하기,58,Core,3,I'll let you know if they appeal the decision.,그들이 그 결정을 항소하면 알려줄게.,I'll inform you if they challenge the decision.,그들이 결정을 문제삼아 항소하면 알려주겠다.,What will I do if they appeal?,그들이 항소하면 내가 무엇을 할까?,appeal a decision,[],[],challenge,[],,appeal = 간청하다 또는 항소하다(둘 다 가능),,,4,38,TOEFL_30x56_FINAL,yes,APPROVED,98,A,I'll let you know ...,알려줄게 ...,98,A,,PASS,I'll see ...,,I'll be sure to ...,,I'll let you know ...,,Write one natural example sentence using the target word and chosen pattern.,notification,간청하다; (법적) 항소하다,Business,9,statement,,,,,,,,VOCAB,,,,,,,,,,,,,,,,,,,,,
TOEFL,T_D09_15,9,15,ardent,열렬한,"enthusiastic, passionate, fervent",adj.,People & Feelings,사람과 감정 표현하기,58,Core,3,I think you deserve ardent praise for that.,그 일에 대해 너는 열렬한 칭찬을 받을 자격이 있다고 생각해.,I believe you merit enthusiastic praise for that.,그 일에 대해 열정적인 칭찬을 받을 만하다고 믿어.,What do I think you deserve?,내가 네게 무엇을 받을 자격이 있다고 생각하니?,ardent supporter,[],[],enthusiastic,[],,ardent = 열렬한(passionate),,,8,56,TOEFL_30x56_FINAL,yes,APPROVED,98,A,I think you deserve ...,네가 ~받을 자격이 있다고 생각해,98,A,,PASS,I'll see ...,,I'll be sure to ...,,I'll let you know ...,,Write one natural example sentence using the target word and chosen pattern.,compliment,"열렬한, 열정적인",Family & Friends,8,statement,,,,,,,,VOCAB,,,,,,,,,,,,,,,,,,,,,
TOEFL,T_D09_16,9,16,arid,메마른,"dry, barren, sterile, waterless",adj.,People & Feelings,사람과 감정 표현하기,58,Core,3,There's going to be an arid summer this year.,올해는 메마른 여름이 예상돼.,"This year will be a dry, barren summer.",올해는 건조한 메마른 여름이 될 것이다.,What kind of summer is predicted?,어떤 여름이 예측되나?,arid climate,[],[],dry,[],,arid = 아주 건조한(dry),,,5,42,TOEFL_30x56_FINAL,yes,APPROVED,98,A,There's going to / gonna be ...,~가 있을 거야,98,A,,PASS,I'll see ...,,I'll be sure to ...,,I'll let you know ...,,Write one natural example sentence using the target word and chosen pattern.,prediction,"메마른, 건조한",Travel,9,statement,,,,,,,,VOCAB,,,,,,,,,,,,,,,,,,,,,
TOEFL,T_D09_17,9,17,arouse,자극하다,"stimulate, provoke, incite",v.,People & Feelings,사람과 감정 표현하기,58,Core,3,I can see those comments arouse strong emotions.,그 댓글들이 강한 감정을 불러일으킨다는 게 보이네.,I notice those remarks provoke intense feelings.,그 발언들이 강한 감정을 자극한다는 것을 알아차렸어.,What do the comments do?,그 댓글들은 무엇을 불러일으키나?,arouse emotions,[],[],provoke,[],,arouse = 불러일으키다(stimulate),,,11,55,TOEFL_30x56_FINAL,yes,APPROVED,98,A,I can see (that) ...,~라는 것을 알 수 있어,98,A,,PASS,I'll see ...,,I'll be sure to ...,,I'll let you know ...,,Write one natural example sentence using the target word and chosen pattern.,observation,"자극하다, 불러일으키다",School & Learning,8,statement,,,,,,,,VOCAB,,,,,,,,,,,,,,,,,,,,,
TOEFL,T_D09_18,9,18,ascend,올라가다,"rise, climb, mount, go up",v.,People & Feelings,사람과 감정 표현하기,58,Core,2,How am I supposed to ascend that steep trail?,저 가파른 길을 어떻게 올라가야 하지?,How should I climb that very steep path?,저 아주 가파른 길을 어떻게 올라가야 할까?,What is the speaker asking?,화자는 무엇을 묻고 있나?,ascend a trail,[],[],climb,[],,"ascend = 올라가다(climb, rise)",,,1,44,TOEFL_30x56_FINAL,yes,APPROVED,98,A,How am I supposed to ...?,어떻게 ~해야 하지?,98,A,,PASS,What's up with ...?,,I'm fed up with ...,,I don't feel up to ...,,Write one natural example sentence using the target word and chosen pattern.,request_for_guidance,올라가다,Daily Life,9,question,,,,,,,,VOCAB,,,,,,,,,,,,,,,,,,,,,
TOEFL,T_D09_19,9,19,assert,주장하다,"claim, maintain, declare, forcefully establish, contend",v.,People & Feelings,사람과 감정 표현하기,58,Core,3,"I'm telling you, he'll assert his rights soon.","정말로 말하는데, 그는 곧 자신의 권리를 주장할 거야.","Trust me, he will claim his rights shortly.","믿어봐, 그는 곧 자신의 권리를 주장할 것이다.",What will he do soon?,그는 곧 무엇을 할 것인가?,assert rights,[],[],claim,[],,assert = 주장하다(claim),,,24,4,TOEFL_30x56_FINAL,yes,APPROVED,98,A,"I'm telling you, ...",내가 장담하는데 ...,98,A,,PASS,I'll see ...,,I'll be sure to ...,,I'll let you know ...,,Write one natural example sentence using the target word and chosen pattern.,emphasis,주장하다,Business,8,statement,,,,,,,,VOCAB,,,,,,,,,,,,,,,,,,,,,
TOEFL,T_D09_20,9,20,assign,지정하다,"specify, designate, appoint",v.,People & Feelings,사람과 감정 표현하기,58,Core,3,You should've seen how she assigns tasks efficiently.,그녀가 얼마나 효율적으로 일을 배분하는지 봤어야 했어.,You missed how well she delegated tasks fast and efficiently.,그녀가 업무를 얼마나 빠르고 효율적으로 배정했는지 못 봤네.,What about her should you have seen?,그녀의 무엇을 봤어야 했나?,assign tasks,[],[],designate,[],,"assign = 지정하다, 배정하다",,,9,36,TOEFL_30x56_FINAL,yes,APPROVED,98,A,You should've seen/heard ...,봤어야 했어 ...,98,A,,PASS,I'll see ...,,I'll be sure to ...,,I'll let you know ...,,Write one natural example sentence using the target word and chosen pattern.,recommendation,"지정하다, 배정하다",Shopping & Services,8,statement,,,,,,,,VOCAB,,,,,,,,,,,,,,,,,,,,,
TOEFL,T_D09_21,9,21,attest,증명하다,"confirm, support, prove",v.,People & Feelings,사람과 감정 표현하기,58,Core,3,I'll see if I can attest to your contribution.,당신의 기여를 증명할 수 있는지 알아볼게.,I'll check whether I can confirm your contribution.,당신의 기여를 확인할 수 있는지 살펴보겠다.,What will I check?,무엇을 확인해볼 건가?,attest to,[],[],confirm,[],,attest = 증명하다(confirm),,,10,33,TOEFL_30x56_FINAL,yes,APPROVED,98,A,I'll see ...,내가 볼게 ...,98,A,,PASS,I'll see ...,,I'll be sure to ...,,I'll let you know ...,,Write one natural example sentence using the target word and chosen pattern.,assurance,"증명하다, 입증하다",Hobbies,9,statement,,,,,,,,VOCAB,,,,,,,,,,,,,,,,,,,,,
TOEFL,T_D09_22,9,22,haphazard,"무계획적인, 우연한","random, chance, casual",adj.,People & Feelings,사람과 감정 표현하기,53,Bridge,3,You might want to avoid haphazard packing before travel.,여행 전에 무계획적인 짐 싸기는 피하는 게 좋을 거야.,"It may be wise to avoid careless, random packing before trips.",여행 전에는 무계획하고 되는 대로 싸는 짐 싸기를 피하는 것이 현명할 수 있다.,What should you avoid?,무엇을 피해야 하나?,haphazard approach,[],[],random,[],,haphazard = 무계획적인(random),,,27,23,TOEFL_30x56_FINAL,yes,APPROVED,98,A,You might want to/wanna ...,~하는 게 좋을 수도 있어,98,A,,PASS,I'll see ...,,I'll be sure to ...,,I'll let you know ...,,Write one natural example sentence using the target word and chosen pattern.,suggestion,"무계획한, 우연한",Daily Life,9,statement,,,,,,,,VOCAB,,,,,,,,,,,,,,,,,,,,,
TOEFL,T_D09_23,9,23,harness,활용하다,"utilize, put to use, employ",v.,People & Feelings,사람과 감정 표현하기,53,Bridge,3,I'm not used to harnessing solar power myself.,나는 스스로 태양 에너지를 활용하는 것에 익숙하지 않아.,I am not accustomed to using solar energy by myself.,혼자 태양광을 활용하는 데 익숙하지 않다.,What am I not used to?,무엇에 익숙하지 않나?,harness energy,[],[],utilize,[],,harness = 활용하다(use effectively),,,20,1,TOEFL_30x56_FINAL,yes,APPROVED,98,A,I'm not used to ...ing,~하는 데 익숙하지 않다,98,A,,PASS,Didn't you use to ... ?,,I'll be sure to ...,,I'm not used to ...ing,,Write one natural example sentence using the target word and chosen pattern.,habit,활용하다,Health,8,statement,,,,,,,,VOCAB,,,,,,,,,,,,,,,,,,,,,
TOEFL,T_D09_24,9,24,hazardous,위험한,"dangerous, perilous, risky, unsafe",adj.,People & Feelings,사람과 감정 표현하기,53,Bridge,3,I'll be sure to mark hazardous materials clearly.,위험 물질은 분명히 표시해 두겠어요.,I'll make certain to label dangerous materials clearly.,위험한 물질에는 명확히 라벨을 붙이도록 하겠다.,What will I mark clearly?,무엇을 분명히 표시할 건가?,hazardous materials,[],[],dangerous,[],,hazardous = 위험한(dangerous),,,22,20,TOEFL_30x56_FINAL,yes,APPROVED,98,A,I'll be sure to ...,반드시 ~할게,98,A,,PASS,I'll see ...,,I'll be sure to ...,,I'll let you know ...,,Write one natural example sentence using the target word and chosen pattern.,assurance,위험한,Business,8,statement,,,,,,,,VOCAB,,,,,,,,,,,,,,,,,,,,,
TOEFL,T_D09_25,9,25,highlight,강조하다,"emphasize, stress, underline, accent",v.,People & Feelings,사람과 감정 표현하기,53,Bridge,3,I'm into highlighting key points during meetings.,나는 회의 중에 핵심을 강조하는 걸 즐겨 해.,I like emphasizing main points in meetings.,회의에서 주요 사항을 강조하는 것을 좋아한다.,What am I into at meetings?,회의에서 나는 무엇을 좋아하나?,highlight key points,[],[],emphasizing,[],,highlight = 강조하다(stress),,,14,8,TOEFL_30x56_FINAL,yes,APPROVED,98,A,I'm into ...,나는 ~에 빠져 있어,98,A,,PASS,I'll see ...,,I'll be sure to ...,,I'll let you know ...,,Write one natural example sentence using the target word and chosen pattern.,preference,강조하다,Family & Friends,7,statement,,,,,,,,VOCAB,,,,,,,,,,,,,,,,,,,,,
TOEFL,T_D09_26,9,26,immensely,굉장히,"extremely, excessively, enormously, incredibly",adv.,People & Feelings,사람과 감정 표현하기,53,Bridge,3,"I'll tell you what, this view is immensely beautiful.","있잖아, 이 전망 정말 굉장히 아름다워.",This view is extremely beautiful.,이 전망은 매우 아름답다.,Do you think this view is immensely beautiful?,이 전망이 굉장히 아름답다고 생각해?,immensely beautiful,"[""immensely beautiful"",""immensely helpful"",""immensely grateful""]","[""굉장히 아름다운"",""대단히 도움이 되는"",""매우 감사한""]",extremely,"[""extremely"",""tremendously"",""enormously""]",,"immense(거대한)+-ly → '매우, 굉장히'",,travel_view,8,23,TOEFL_30x56_FINAL,YES,PASS,96,A,"I'll tell you what, ...","있잖아, ...",96,A,,PASS,I'll see ...,,I'll be sure to ...,,I'll let you know ...,,Create one natural example sentence using the target word and chosen pattern.,Travel,"강조하여 '매우, 굉장히'라는 의미",Travel,9,simple statement,,,,,,,,VOCAB,,,,,,,,,,,,,,,,,,,,,
TOEFL,T_D09_27,9,27,immutable,불변의,"unchangeable, invariable, unalterable",adj.,People & Feelings,사람과 감정 표현하기,53,Bridge,3,I can't afford to treat traditions as immutable.,전통을 불변으로 여길 여유가 없다.,I must not regard traditions as unchangeable.,전통을 바꿀 수 없는 것으로 간주할 여지는 없다.,What can't I afford to do?,무엇을 할 여유가 없나?,immutable law,[],[],unchangeable,[],,immutable = 변하지 않는(unchangeable),,,25,19,TOEFL_30x56_FINAL,yes,APPROVED,98,A,I can't afford to ...,~할 여유가 없다,98,A,,PASS,I'll see ...,,I'll be sure to ...,,I'll let you know ...,,Write one natural example sentence using the target word and chosen pattern.,limitation,"불변의, 변하지 않는",Daily Life,8,statement,,,,,,,,VOCAB,,,,,,,,,,,,,,,,,,,,,
TOEFL,T_D09_28,9,28,impending,임박한,"approaching, imminent",adj.,People & Feelings,사람과 감정 표현하기,53,Bridge,3,It's not that the impending deadline scares me.,임박한 마감이 나를 무섭게 하는 건 아니야.,The approaching deadline doesn't exactly frighten me.,다가오는 마감이 꼭 나를 두렵게 하진 않는다.,Does the deadline scare me?,마감이 나를 겁먹게 하나?,impending deadline,[],[],approaching,[],,impending = 임박한(imminent),,,25,43,TOEFL_30x56_FINAL,yes,APPROVED,98,A,It's not that ...,~인 것은 아니야,98,A,,PASS,I'll see ...,,I'll be sure to ...,,I'll let you know ...,,Write one natural example sentence using the target word and chosen pattern.,partial_concession,임박한,Business,8,statement,,,,,,,,VOCAB,,,,,,,,,,,,,,,,,,,,,
TOEFL,T_D09_29,9,29,imprecise,부정확한,"inexact, inaccurate",adj.,People & Feelings,사람과 감정 표현하기,53,Bridge,3,I'll be sure to fix any imprecise data points.,부정확한 데이터 포인트는 꼭 수정하겠어요.,I'll make certain to correct any inaccurate data entries.,부정확한 데이터 항목들은 반드시 수정하겠다.,What will I fix?,무엇을 고칠 건가?,imprecise data,[],[],inaccurate,[],,imprecise = 부정확한(inexact),,,17,34,TOEFL_30x56_FINAL,yes,APPROVED,98,A,I'll be sure to ...,반드시 ~할게,98,A,,PASS,I'll see ...,,I'll be sure to ...,,I'll let you know ...,,Write one natural example sentence using the target word and chosen pattern.,assurance,부정확한,School & Learning,9,statement,,,,,,,,VOCAB,,,,,,,,,,,,,,,,,,,,,
TOEFL,T_D09_30,9,30,incipient,초기의,"initial, beginning",adj.,People & Feelings,사람과 감정 표현하기,53,Bridge,3,I'll see that incipient symptoms are documented.,초기 증상들이 기록되도록 할게.,I'll ensure early symptoms get recorded.,초기 증상들이 기록되도록 확실히 하겠다.,What will I ensure?,무엇을 확실히 할 건가?,incipient stage,[],[],initial,[],,incipient = 초기의(initial),,,30,35,TOEFL_30x56_FINAL,yes,APPROVED,98,A,I'll see ...,내가 볼게 ...,98,A,,PASS,I'll see ...,,I'll be sure to ...,,I'll let you know ...,,Write one natural example sentence using the target word and chosen pattern.,assurance,"초기의, 시작 단계의",Shopping & Services,7,statement,,,,,,,,VOCAB,,,,,,,,,,,,,,,,,,,,,
TOEFL,T_D10_01,10,1,ingenious,"기발한, 독창적인","inventive, creative, innovative, very clever",adj.,People & Feelings,사람과 감정 표현하기,53,Bridge,3,I think you deserve credit for that ingenious solution.,나는 네가 그 기발한 해결책에 대해 칭찬받을 만하다고 생각해.,You should be praised for that ingenious idea.,그 기발한 아이디어 때문에 너는 칭찬받아야 해.,Who deserves credit?,누가 공로를 인정받아야 하나요?,ingenious solution,,,clever,,,"ingenious = 기발한, 독창적인 아이디어",bulb,,12,41,TOEFL_30x56_FINAL,1,PASS,95,A,I think you deserve ...,나는 네가 ... 받을 자격이 있다고 생각해,95,A,,PASS,I'll see ...,,I'll be sure to ...,,I'll let you know ...,,Create an example sentence using the target word with chosen pattern.,Opinion,기발하고 창의적인,Daily Life,9,statement,,,,,,,,VOCAB,,,,,,,,,,,,,,,,,,,,,
TOEFL,T_D10_02,10,2,initially,처음에,"at first, originally, primarily",adv.,People & Feelings,사람과 감정 표현하기,53,Bridge,3,You could at least read the instructions initially.,적어도 처음에는 설명서를 읽을 수 있잖아.,"At first, you should have read the instructions.",처음에는 설명서를 읽었어야 했어.,When should they have read the instructions?,언제 설명서를 읽었어야 하나요?,read the instructions,,,at first,,,"initially = 처음에, 초기에",clock,,10,2,TOEFL_30x56_FINAL,1,PASS,95,A,You could at least ...,적어도 ~는 할 수 있잖아,95,A,,PASS,You could at least ...,,I'll see ...,,I'll be sure to ...,,Create an example sentence using the target word with chosen pattern.,Complaint,"처음에, 초기에는",Technology,8,statement,,,,,,,,VOCAB,,,,,,,,,,,,,,,,,,,,,
TOEFL,T_D10_03,10,3,instigate,유발하다,"cause, provoke, trigger, incite",v.,People & Feelings,사람과 감정 표현하기,53,Bridge,3,You won't believe what I instigated yesterday.,네가 믿지 못할 일을 내가 어제 촉발시켰어.,I caused something surprising to happen yesterday.,나는 어제 놀라운 일을 유발했다.,What did the speaker instigate?,화자는 무엇을 촉발했나요?,instigate conflict,,,trigger,,,"instigate = 유발하다, 촉발시키다",spark,,28,41,TOEFL_30x56_FINAL,1,PASS,95,A,You won't believe ...,너는 믿지 못하겠지만...,95,A,,PASS,I'll see ...,,I'll be sure to ...,,I'll let you know ...,,Create an example sentence using the target word with chosen pattern.,Exclamation,"유발하다, 촉발하다",Business,7,statement,,,,,,,,VOCAB,,,,,,,,,,,,,,,,,,,,,
TOEFL,T_D10_04,10,4,integrate,통합하다,"unite, unify, synthesize, interconnect, consolidate",v.,People & Feelings,사람과 감정 표현하기,53,Bridge,3,I'm not used to integrating so many ideas.,나는 그렇게 많은 아이디어를 통합하는 데 익숙하지 않아.,I rarely combine that many ideas at once.,나는 한꺼번에 그렇게 많은 아이디어를 결합하지 않는다.,What is the speaker not used to doing?,화자는 무엇을 하는 데 익숙하지 않나요?,integrate ideas,,,combine,,,"integrate = 통합하다, 합치다",puzzle,,27,14,TOEFL_30x56_FINAL,1,PASS,95,A,I'm not used to ...ing,나는 ...하는 데 익숙하지 않다,95,A,,PASS,I'll see ...,,I'll be sure to ...,,I'll let you know ...,,Create an example sentence using the target word with chosen pattern.,Personal state,통합하다,Hobbies,8,statement,,,,,,,,VOCAB,,,,,,,,,,,,,,,,,,,,,
TOEFL,T_D10_05,10,5,intensify,강화하다,"reinforce, strengthen, enhance",v.,People & Feelings,사람과 감정 표현하기,53,Bridge,3,I'll see if the storm will intensify tonight.,오늘 밤 폭풍이 심해질지 확인해볼게.,I'll check whether the storm gets stronger tonight.,오늘 밤 폭풍이 더 강해지는지 확인하겠다.,What will the speaker check tonight?,화자는 오늘 밤 무엇을 확인할 건가요?,intensify the storm,,,worsen,,,"intensify = 강화되다, 심해지다",cloud,,17,9,TOEFL_30x56_FINAL,1,PASS,95,A,I'll see ...,내가 확인해볼게...,95,A,,PASS,I'll see ...,,I'll be sure to ...,,I'll let you know ...,,Create an example sentence using the target word with chosen pattern.,Promise,"강화하다, 심해지다",Daily Life,8,statement,,,,,,,,VOCAB,,,,,,,,,,,,,,,,,,,,,
TOEFL,T_D10_06,10,6,interlock,서로 맞물리다,"link, connect, join",v.,People & Feelings,사람과 감정 표현하기,53,Bridge,3,I'll let you know when the gears interlock.,톱니들이 맞물릴 때 알려줄게.,I'll inform you once the parts connect.,부품들이 연결되면 알려주겠다.,When will the speaker inform the listener?,언제 화자는 듣는 사람에게 알릴 건가요?,gears interlock,,,link,,,"interlock = 서로 맞물리다, 연결되다",gear,,15,20,TOEFL_30x56_FINAL,1,PASS,95,A,I'll let you know ...,~면 알려줄게,95,A,,PASS,I'll see ...,,I'll be sure to ...,,I'll let you know ...,,Create an example sentence using the target word with chosen pattern.,Promise,서로 맞물리다,Health,8,statement,,,,,,,,VOCAB,,,,,,,,,,,,,,,,,,,,,
TOEFL,T_D10_07,10,7,potentially,어쩌면,"possibly, perhaps, maybe",adv.,People & Feelings,사람과 감정 표현하기,47,Advanced,2,Maybe we should consider potentially risky options.,어쩌면 위험할 수 있는 선택지를 고려해야 할지도 몰라.,We might think about possibly risky choices.,우리는 어쩌면 위험할지도 모를 선택들을 고려할 수 있다.,What kind of options should be considered?,어떤 종류의 선택지를 고려해야 하나요?,potentially risky,,,possibly,,,"potentially = 어쩌면, 가능성 있게",question,,22,5,TOEFL_30x56_FINAL,1,PASS,95,A,Maybe I/we should ...,아마 우리는 ~하는 게 좋을 것 같아,95,A,,PASS,Maybe I/we should ...,,I'll see ...,,I'll be sure to ...,,Create an example sentence using the target word with chosen pattern.,Suggestion,어쩌면,School & Learning,7,request_or_suggestion,,,,,,,,VOCAB,,,,,,,,,,,,,,,,,,,,,
TOEFL,T_D10_08,10,8,practically,거의,nearly,adv.,People & Feelings,사람과 감정 표현하기,47,Advanced,2,"I'll tell you what, the tour's practically free.","내가 말하는데, 그 투어는 사실상 거의 무료야.","Honestly, the tour costs almost nothing.",솔직히 그 투어는 거의 비용이 들지 않아.,How expensive is the tour?,투어는 얼마나 비싼가요?,practically free,,,nearly,,,"practically = 거의, 사실상",map,,4,57,TOEFL_30x56_FINAL,1,PASS,95,A,"I'll tell you what, ...","내가 말하는데, ...",95,A,,PASS,I'll see ...,,I'll be sure to ...,,I'll let you know ...,,Create an example sentence using the target word with chosen pattern.,Opinion,거의,Travel,8,statement,,,,,,,,VOCAB,,,,,,,,,,,,,,,,,,,,,
TOEFL,T_D10_09,10,9,precipitate,"재촉하다, 촉발하다","bring about, cause, give rise to, trigger",v.,People & Feelings,사람과 감정 표현하기,47,Advanced,2,How about if we avoid precipitating that conflict?,그 갈등을 촉발시키는 건 피하는 게 어때요?,Let's try not to cause that conflict.,그 갈등을 일으키지 않도록 하자.,What do they suggest avoiding?,무엇을 피하자고 제안하나요?,precipitate conflict,,,trigger,,,"precipitate = 촉발하다, 재촉하다",alert,,15,19,TOEFL_30x56_FINAL,1,PASS,95,A,How about if ...?,~하면 어때요?,95,A,,PASS,I'll be sure to ...,,I'm not used to ...ing,,How about if ...?,,Create an example sentence using the target word with chosen pattern.,Suggestion,"촉발하다, 재촉하다",Family & Friends,8,request_or_suggestion,,,,,,,,VOCAB,,,,,,,,,,,,,,,,,,,,,
TOEFL,T_D10_10,10,10,predominant,"우세한, 주요한","principal, main, primary, leading",adj.,People & Feelings,사람과 감정 표현하기,47,Advanced,2,I'll see whether that trend remains predominant.,그 추세가 우세한 상태로 남아있는지 알아볼게.,I'll check if that trend stays the main one.,그 추세가 주요한 상태로 유지되는지 확인하겠다.,What will the speaker check?,화자는 무엇을 확인할 건가요?,predominant trend,,,main,,,"predominant = 우세한, 주요한",chart,,5,15,TOEFL_30x56_FINAL,1,PASS,95,A,I'll see ...,내가 알아볼게...,95,A,,PASS,I'll see ...,,I'll be sure to ...,,I'll let you know ...,,Create an example sentence using the target word with chosen pattern.,Promise,"우세한, 주요한",Business,7,statement,,,,,,,,VOCAB,,,,,,,,,,,,,,,,,,,,,
TOEFL,T_D10_11,10,11,barren,"척박한, 불모의","infertile, sterile, lifeless, unable to sustain life",adj.,Comparisons & Differences,비교와 차이 설명하기,58,Core,3,I'm not used to barren soil affecting crops.,나는 척박한 토양이 작물에 영향을 주는 것에 익숙하지 않아.,I rarely experience crops being harmed by infertile soil.,나는 불모의 토양 때문에 작물이 피해를 보는 경우를 거의 보지 못했다.,What affects the crops?,무엇이 작물에 영향을 주나요?,barren soil,,,infertile,,,"barren = 척박한, 불모의",desert,,20,7,TOEFL_30x56_FINAL,1,PASS,95,A,I'm not used to ...ing,나는 ...하는 데 익숙하지 않다,95,A,,PASS,I'll be sure to ...,,I'm not used to ...ing,,would hate to ...,,Create an example sentence using the target word with chosen pattern.,Personal state,"척박한, 불모의",Daily Life,8,statement,,,,,,,,VOCAB,,,,,,,,,,,,,,,,,,,,,
TOEFL,T_D10_12,10,12,belch,분출하다,"suddenly emit, discharge, erupt, vent",v.,Comparisons & Differences,비교와 차이 설명하기,58,Core,3,There's going to be smoke belching from that factory.,저 공장에서는 곧 연기가 뿜어져 나올 거예요.,Smoke will erupt from that factory.,그 공장에서 연기가 분출할 것이다.,What will belch from the factory?,공장에서 무엇이 분출할까요?,belch smoke,"[""belch smoke"",""belch flames"",""belch ash""]","[""연기를 뿜다"",""불꽃을 뿜다"",""재를 뿜다""]",erupt,"[""erupt"",""emit"",""vent""]",belch smoke,벨치(방귀)처럼 갑자기 뿜어내다(연기 등).,,,10,8,TOEFL_30x56_FINAL,1,PASS,95,A,There's going to / gonna be ...,곧 ...가 있을 것이다,95,A,,PASS,I'll see ...,,I'll be sure to ...,,I'll let you know ...,,Write a concise example using the chosen pattern.,Statement,연기나 가스를 갑자기 뿜어내다,Business,9,prediction,,,,,,,,VOCAB,,,,,,,,,,,,,,,,,,,,,
TOEFL,T_D10_13,10,13,bind,묶다,"tie, fasten",v.,Comparisons & Differences,비교와 차이 설명하기,58,Core,3,I'll be sure to bind the packages securely.,소포들을 단단히 묶어둘게.,I will tie the packages so they stay secure.,나는 소포들이 안전하도록 묶을 것이다.,What will the speaker do to the packages?,화자는 소포들에게 무엇을 할 건가요?,bind securely,,,tie,,,"bind = 묶다, 고정시키다",rope,,10,56,TOEFL_30x56_FINAL,1,PASS,95,A,I'll be sure to ...,반드시 ~할게,95,A,,PASS,I'll see ...,,I'll be sure to ...,,I'll let you know ...,,Create an example sentence using the target word with chosen pattern.,Promise,묶다,Daily Life,8,statement,,,,,,,,VOCAB,,,,,,,,,,,,,,,,,,,,,
TOEFL,T_D10_14,10,14,blur,흐리게 하다,"make less distinct, obscure, cloud",v.,Comparisons & Differences,비교와 차이 설명하기,58,Core,3,Don't make me blur the distinction for you.,너 때문에 구분을 흐리게 만들지 마.,Don't force me to make the difference unclear.,나로 하여금 그 구분을 흐리게 만들게 하지 마.,What does the speaker warn against?,화자는 무엇을 경고하나요?,blur the distinction,,,obscure,,,"blur = 흐리게 하다, 희미하게 하다",blur,,10,43,TOEFL_30x56_FINAL,1,PASS,95,A,Don't make me ...,~하게 만들지 마,95,A,,PASS,Don't make me ...,,I'll see ...,,I'll be sure to ...,,Create an example sentence using the target word with chosen pattern.,Warning,흐리게 하다,Travel,8,statement,,,,,,,,VOCAB,,,,,,,,,,,,,,,,,,,,,
TOEFL,T_D10_15,10,15,bold,용감한,"daring, brave, courageous",adj.,Comparisons & Differences,비교와 차이 설명하기,58,Core,3,I'll see how bold she can be under pressure.,압박 속에서 그녀가 얼마나 대담한지 지켜볼게.,I'll observe how brave she becomes when stressed.,스트레스를 받을 때 그녀가 얼마나 용감해지는지 지켜보겠다.,What will the speaker observe?,화자는 무엇을 관찰할 건가요?,bold under pressure,,,brave,,,"bold = 용감한, 대담한",lion,,18,25,TOEFL_30x56_FINAL,1,PASS,95,A,I'll see ...,내가 지켜볼게...,95,A,,PASS,I'll see ...,,I'll be sure to ...,,I'll let you know ...,,Create an example sentence using the target word with chosen pattern.,Observation,용감한,Family & Friends,9,statement,,,,,,,,VOCAB,,,,,,,,,,,,,,,,,,,,,
TOEFL,T_D10_16,10,16,boom,"갑자기 번영하다, 급성장하다","flourish, thrive, prosper, rapidly expand",v.,Comparisons & Differences,비교와 차이 설명하기,58,Core,3,I'll be sure to tell you if sales boom.,매출이 급증하면 꼭 알려줄게.,I'll inform you when sales rapidly increase.,매출이 급성장하면 알려주겠다.,When will the speaker tell the listener?,언제 화자는 듣는 사람에게 말할 건가요?,sales boom,,,flourish,,,"boom = 급성장하다, 번영하다",chart-up,,2,50,TOEFL_30x56_FINAL,1,PASS,95,A,I'll be sure to ...,반드시 ~할게,95,A,,PASS,I'll see ...,,I'll be sure to ...,,I'll let you know ...,,Create an example sentence using the target word with chosen pattern.,Promise,"갑자기 번영하다, 급성장하다",Shopping & Services,9,statement,,,,,,,,VOCAB,,,,,,,,,,,,,,,,,,,,,
TOEFL,T_D10_17,10,17,brew,일어나려고 하다,"develop, loom, be on the way",v.,Comparisons & Differences,비교와 차이 설명하기,58,Core,3,"The way I see it, trouble is brewing.",내 생각엔 문제가 일어나려고 해.,"In my view, a problem is developing.",내 관점에서는 문제가 발생하려 하고 있다.,What does the speaker think is happening?,화자는 무슨 일이 일어나고 있다고 생각하나요?,trouble is brewing,,,looming,,,brew = (문제가) 일어나려고 하다,kettle,,11,50,TOEFL_30x56_FINAL,1,PASS,95,A,"The way I see it, ...",내가 보기엔...,95,A,,PASS,like the way you ...,,"The way I see it, ...",,I hate the way you ...,,Create an example sentence using the target word with chosen pattern.,Opinion,일어나려고 하다,School & Learning,8,statement,,,,,,,,VOCAB,,,,,,,,,,,,,,,,,,,,,
TOEFL,T_D10_18,10,18,buffer,"완충하다, 보호하다","protect, cushion",v.,Comparisons & Differences,비교와 차이 설명하기,58,Core,3,I'd kill for a buffer between meetings.,회의 사이에 완충 시간이 있으면 정말 좋겠어.,I really want a short break between meetings.,회의들 사이에 짧은 휴식이 정말 필요하다.,What does the speaker strongly want?,화자는 무엇을 강하게 원하나요?,buffer between meetings,,,cushion,,,"buffer = 완충하다, 보호하다",cushion,,11,42,TOEFL_30x56_FINAL,1,PASS,95,A,I'd kill for/to ...,"꼭 갖고 싶다, 몹시 원하다",95,A,,PASS,I'll see ...,,I'll be sure to ...,,I'll let you know ...,,Create an example sentence using the target word with chosen pattern.,Strong desire,"완충하다, 보호하다",Daily Life,7,statement,,,,,,,,VOCAB,,,,,,,,,,,,,,,,,,,,,
TOEFL,T_D10_19,10,19,burst,터지다,"break open, break out",v.,Comparisons & Differences,비교와 차이 설명하기,58,Core,3,Turns out that the pipe burst last night.,알고 보니 어젯밤에 배관이 터졌어.,It was revealed that the pipe broke last night.,어젯밤에 배관이 파열된 것으로 드러났다.,What happened last night?,어젯밤에 무슨 일이 있었나요?,pipe burst,,,explode,,,"burst = 터지다, 폭발하다",water-drop,,12,42,TOEFL_30x56_FINAL,1,PASS,95,A,Turns out (that) ...,알고 보니 ...,95,A,,PASS,Turns out (that) ...,,I'm not cut out for /to ...,,I'll see ...,,Create an example sentence using the target word with chosen pattern.,Revelation,터지다,Business,8,statement,,,,,,,,VOCAB,,,,,,,,,,,,,,,,,,,,,
TOEFL,T_D10_20,10,20,cease,"멈추다, 끝나다","stop, halt, end, terminate",v.,Comparisons & Differences,비교와 차이 설명하기,58,Core,3,I wish you wouldn't cease asking questions.,계속 질문하는 것을 그만두지 않았으면 좋겠어.,I hope you keep asking questions.,질문을 계속해 주기를 바란다.,What does the speaker hope the listener won't do?,화자는 듣는 사람이 무엇을 하지 않기를 바라나요?,cease asking,,,stop,,,"cease = 멈추다, 그만두다",stop,,25,46,TOEFL_30x56_FINAL,1,PASS,95,A,I wish you wouldn't ...,~하지 않았으면 좋겠어,95,A,,PASS,I'll see ...,,I'll be sure to ...,,I'll let you know ...,,Create an example sentence using the target word with chosen pattern.,Desire,"멈추다, 끝나다",Comparisons & Differences,7,statement,,,,,,,,VOCAB,,,,,,,,,,,,,,,,,,,,,
TOEFL,T_D10_21,10,21,challenge,"1. 문제, 난제 / 2. 이의를 제기하다","1. difficulty, problem / 2. question, dispute",n./v.,Comparisons & Differences,비교와 차이 설명하기,58,Core,3,I've got a problem with every new challenge.,새로운 도전마다 문제가 있어.,I encounter issues with each new difficulty.,나는 새로운 난제마다 문제를 겪는다.,What does the speaker have a problem with?,화자는 무엇에 문제가 있나요?,new challenge,,,difficulty,,,"challenge = 문제, 난제",mountain,,22,4,TOEFL_30x56_FINAL,1,PASS,95,A,I've got a problem with ...,~에 문제가 있어,95,A,,PASS,I've got a problem with ...,,I'll see ...,,I'll be sure to ...,,Create an example sentence using the target word with chosen pattern.,Complaint,"문제, 난제",Hobbies,8,statement,,,,,,,,VOCAB,,,,,,,,,,,,,,,,,,,,,
TOEFL,T_D10_22,10,22,chancy,위험한,"risky, perilous, dangerous",adj.,Comparisons & Differences,비교와 차이 설명하기,58,Core,3,I'll be sure to avoid chancy investments.,위험한 투자는 피하도록 할게.,I will make sure not to invest in risky ventures.,나는 위험한 투자에는 절대 참여하지 않도록 하겠다.,What will the speaker avoid?,화자는 무엇을 피할 건가요?,chancy investments,,,risky,,,"chancy = 위험한, 불확실한",warning,,11,8,TOEFL_30x56_FINAL,1,PASS,95,A,I'll be sure to ...,반드시 ~할게,95,A,,PASS,I'll see ...,,I'll be sure to ...,,I'll let you know ...,,Create an example sentence using the target word with chosen pattern.,Promise,"위험한, 불확실한",Daily Life,7,statement,,,,,,,,VOCAB,,,,,,,,,,,,,,,,,,,,,
TOEFL,T_D10_23,10,23,chief,주요한,"major, main, primary, principal",adj.,Comparisons & Differences,비교와 차이 설명하기,58,Core,3,I'll see if fatigue is the chief reason.,피로가 주된 원인인지 알아볼게.,I'll check whether tiredness is the main cause.,피곤함이 주요 원인인지 확인하겠다.,What will the speaker investigate?,화자는 무엇을 조사할 건가요?,chief reason,,,main,,,"chief = 주요한, 가장 중요한",star,,7,18,TOEFL_30x56_FINAL,1,PASS,95,A,I'll see ...,내가 알아볼게...,95,A,,PASS,I'll see ...,,I'll be sure to ...,,I'll let you know ...,,Create an example sentence using the target word with chosen pattern.,Investigation,주요한,Health,8,statement,,,,,,,,VOCAB,,,,,,,,,,,,,,,,,,,,,
TOEFL,T_D10_24,10,24,choose,선택하다,"opt, select",v.,Comparisons & Differences,비교와 차이 설명하기,58,Core,3,I think you deserve to choose the promotion you worked for.,당신은 노력한 만큼 그 승진을 선택할 자격이 있다고 생각해요.,You deserve to pick that promotion.,당신은 그 승진을 선택할 자격이 있다.,Who should choose the promotion?,누가 그 승진을 선택해야 하나요?,choose between,"[""choose between"",""choose a winner"",""choose wisely""]","[""~중에서 선택하다"",""우승자를 선택하다"",""신중히 선택하다""]",select,"[""select"",""opt for"",""pick""]",choose the promotion,"choose = 초이스, 직접 고른다.",,,27,43,TOEFL_30x56_FINAL,1,PASS,96,A,I think you deserve ...,당신은 ~할 자격이 있다고 생각해요,96,A,,PASS,I'll see ...,,I'll be sure to ...,,I'll let you know ...,,Create a short sentence using the selected pattern.,Opinion,"선택하다, 고르다",Business,11,statement,,,,,,,,VOCAB,,,,,,,,,,,,,,,,,,,,,
TOEFL,T_D10_25,10,25,cite,언급하다,"refer to, mention, allude to",v.,Comparisons & Differences,비교와 차이 설명하기,58,Core,3,You're supposed to cite your sources in every report.,모든 보고서에서 출처를 밝혀야 합니다.,You must list sources in each report.,각 보고서에 출처를 적어야 한다.,When are you supposed to cite sources?,언제 출처를 밝혀야 하나요?,cite sources,"[""cite sources"",""cite a study"",""cite an example""]","[""출처를 밝히다"",""연구를 인용하다"",""예를 들다""]",refer to,"[""refer to"",""mention"",""quote""]",cite your sources,cite = 출처를 밝히다(참조).,,,26,4,TOEFL_30x56_FINAL,1,PASS,95,A,You're supposed to ...,당신은 ~하기로 되어 있다/~해야 한다,95,A,,PASS,I'll be sure to ...,,I'm not used to ...ing,,would hate to ...,,Produce a natural sentence using the chosen obligation pattern.,Obligation,"출처를 밝히다, 참조하다",School & Learning,9,instruction,,,,,,,,VOCAB,,,,,,,,,,,,,,,,,,,,,
TOEFL,T_D10_26,10,26,clever,영리한,"ingenious, smart, brilliant, bright",adj.,Comparisons & Differences,비교와 차이 설명하기,58,Core,3,I'll let you know if she says something clever.,그녀가 똑똑한 말을 하면 알려줄게.,I'll inform you when she makes a smart remark.,그녀가 기민한 발언을 하면 알려주겠다.,What will the speaker report?,화자는 무엇을 보고할 건가요?,something clever,,,ingenious,,,"clever = 영리한, 재치 있는",witty,,13,38,TOEFL_30x56_FINAL,1,PASS,95,A,I'll let you know ...,~면 알려줄게,95,A,,PASS,I'll see ...,,I'll be sure to ...,,I'll let you know ...,,Create an example sentence using the target word with chosen pattern.,Promise,영리한,Family & Friends,9,statement,,,,,,,,VOCAB,,,,,,,,,,,,,,,,,,,,,
TOEFL,T_D10_27,10,27,coarse,거친,"rough, crude",adj.,Comparisons & Differences,비교와 차이 설명하기,58,Core,3,The bottom line is that the fabric feels coarse.,결론은 그 천이 거칠게 느껴진다는 것이다.,"In short, the fabric was rough.","요컨대, 그 천은 거칠었다.",What is the bottom line about the fabric?,그 천에 대한 결론은 무엇인가요?,coarse texture,"[""coarse texture"",""coarse sand"",""coarse language""]","[""거친 질감"",""거친 모래"",""거친 표현""]",rough,"[""rough"",""crude"",""harsh""]",coarse texture,"coarse = 코어스, 거칠고 매끄럽지 않다.",,,16,34,TOEFL_30x56_FINAL,1,PASS,95,A,The bottom line is (that) ...,결론은(즉) ...이다,95,A,,PASS,I'll see ...,,I'll be sure to ...,,I'll let you know ...,,Write a concise concluding sentence using the chosen pattern.,Conclusion,거칠고 매끄럽지 않은,Daily Life,9,conclusion,,,,,,,,VOCAB,,,,,,,,,,,,,,,,,,,,,
TOEFL,T_D10_28,10,28,compel,강요하다,"force, oblige, require, coerce",v.,Comparisons & Differences,비교와 차이 설명하기,58,Core,3,No one would compel me to accept those terms.,아무도 나에게 그 조건을 받아들이라고 강요하지 않을 거예요.,Nobody would force me to agree to those terms.,아무도 나를 그 조건에 동의하도록 강제로 만들지 않을 것이다.,Who would compel you to accept terms?,누가 당신에게 그 조건을 받아들이라고 강요하겠습니까?,compel someone to,"[""compel someone to"",""compel compliance"",""compel action""]","[""누군가에게 강요하다"",""준수를 강요하다"",""행동을 강요하다""]",force,"[""force"",""oblige"",""coerce""]",compel someone to,"compel = 컴펠, 억지로 시키다(강요).",,,22,6,TOEFL_30x56_FINAL,1,PASS,95,A,No one would ...,아무도 ...하지 않을 것이다,95,A,,PASS,I'll see ...,,I'll be sure to ...,,I'll let you know ...,,Create a natural negative statement using the chosen pattern.,Negation,"강요하다, 억지로 시키다",Business,9,negative_statement,,,,,,,,VOCAB,,,,,,,,,,,,,,,,,,,,,
TOEFL,T_D10_29,10,29,concur,동의하다,"agree, assent, consent",v.,Comparisons & Differences,비교와 차이 설명하기,58,Core,3,"I'll tell you what, I concur with that decision.","내가 말인데, 나는 그 결정에 동의해요.",I agree with that decision.,그 결정에 동의합니다.,Do you concur with the decision?,그 결정에 동의하나요?,concur with,"[""concur with"",""concur in"",""concur that""]","[""~에 동의하다"",""동의를 표하다"",""~라고 동의하다""]",agree,"[""agree"",""assent"",""consent""]",concur with that decision,"concur = 컨커, 같이 의견을 맞춘다(동의).",,,28,35,TOEFL_30x56_FINAL,1,PASS,95,A,"I'll tell you what, ...","내가 말인데, ...",95,A,,PASS,I'll see ...,,I'll be sure to ...,,I'll let you know ...,,Produce a short agreement sentence using the chosen opening phrase.,Introductory,"동의하다, 같은 의견이다",Shopping & Services,9,statement,,,,,,,,VOCAB,,,,,,,,,,,,,,,,,,,,,
TOEFL,T_D10_30,10,30,convey,전달하다,"transmit, communicate, deliver, impart",v.,Comparisons & Differences,비교와 차이 설명하기,58,Core,3,"I'll tell you what, that conveys the right tone.","있잖아, 그건 적절한 어조를 전달해.","That expresses the appropriate tone, I think.",그것은 적절한 어조를 전달한다고 생각해.,What does the speaker think the phrase does?,화자는 그 표현이 무엇을 한다고 생각하나요?,convey the tone,,,communicate,,,"convey = 전달하다, 표현하다",message,,24,13,TOEFL_30x56_FINAL,1,PASS,95,A,"I'll tell you what, ...","있잖아, ...",95,A,,PASS,I'll see ...,,I'll be sure to ...,,I'll let you know ...,,Create an example sentence using the target word with chosen pattern.,Opinion,전달하다,School & Learning,9,statement,,,,,,,,VOCAB,,,,,,,,,,,,,,,,,,,,,
TOEFL,T_D11_01,11,1,costly,돈이 많이 드는,"expensive, high-priced",adj.,Comparisons & Differences,비교와 차이 설명하기,58,Core,3,You might as well buy the costly model now.,어차피 비싼 모델을 지금 사는 게 낫다.,Buying the expensive model now makes sense.,지금 비싼 모델을 사는 것이 합리적이다.,,,costly mistake,"[""costly mistake"",""costly investment""]","[""비싼 실수"",""비용이 많이 드는 투자""]",expensive,"[""expensive"",""high-priced""]",,costly = 비용이 많이 드는,,,27,34,TOEFL_30x56_FINAL,Y,PASS,95,A,You might as well ...,차라리 ~하는 게 낫다,95,A,,PASS,I'll see ...,,I'll be sure to ...,,I'll let you know ...,,,,비용이 많이 드는,Shopping & Services,9,You might as well ...,,,,,,,,VOCAB,,,,,,,,,,,,,,,,,,,,,
TOEFL,T_D11_02,11,2,crude,가공하지 않은,"rough, primitive, raw, unrefined",adj.,Comparisons & Differences,비교와 차이 설명하기,58,Core,3,I just can't seem to fix this crude prototype.,이 조잡한 시제품을 도무지 고칠 수가 없어.,I keep failing to improve this raw prototype.,이 원시적인 시제품을 계속 개선하지 못하고 있다.,,,crude oil,"[""crude oil"",""crude prototype""]","[""원유"",""조잡한 시제품""]",raw,"[""raw"",""unrefined"",""rough""]",,"crude = 가공되지 않은, 조잡한",,,7,48,TOEFL_30x56_FINAL,Y,PASS,95,A,(just) can't seem to ...,도무지 ~하지 못하는 것 같다,95,A,,PASS,I'll see ...,,I'll be sure to ...,,I'll let you know ...,,,,"가공되지 않은, 조잡한",Daily Life,9,(just) can't seem to ...,,,,,,,,VOCAB,,,,,,,,,,,,,,,,,,,,,
TOEFL,T_D11_03,11,3,crush,(희망·사기 등을) 꺾다,"discourage, deflate",v.,Comparisons & Differences,비교와 차이 설명하기,58,Core,3,I'll see that the news doesn't crush them.,그 소식이 그들 사기를 꺾지 않게 내가 챙길게.,I'll ensure the news doesn't discourage them.,그 소식이 그들을 낙담시키지 않도록 내가 보장하겠다.,,,crush hopes,"[""crush hopes"",""crush morale""]","[""희망을 꺾다"",""사기를 꺾다""]",discourage,"[""discourage"",""deflate""]",,crush = 희망이나 사기를 꺾다,,,23,52,TOEFL_30x56_FINAL,Y,PASS,95,A,I'll see ...,내가 알아볼게,95,A,,PASS,I'll see ...,,I'll be sure to ...,,I'll let you know ...,,,,희망이나 사기를 꺾다,Travel,8,I'll see ...,,,,,,,,VOCAB,,,,,,,,,,,,,,,,,,,,,
TOEFL,T_D11_04,11,4,dainty,"우아한, 섬세한","delicate, exquisite, refined",adj.,Comparisons & Differences,비교와 차이 설명하기,58,Core,3,You should've seen her dainty handwriting yesterday.,어제 그녀의 섬세한 필체를 봤어야 했어.,Her delicate handwriting was impressive yesterday.,그녀의 섬세한 필체가 어제 인상적이었다.,,,dainty dessert,"[""dainty dessert"",""dainty features""]","[""앙증맞은 디저트"",""섬세한 특징""]",delicate,"[""delicate"",""exquisite"",""refined""]",,dainty = 우아하고 섬세한,,,10,25,TOEFL_30x56_FINAL,Y,PASS,95,A,You should've seen/heard ...,네가 ~을 봤어야/들었어야 했어,95,A,,PASS,I'll see ...,,I'll be sure to ...,,I'll let you know ...,,,,섬세하고 우아한,Business,7,You should've seen/heard ...,,,,,,,,VOCAB,,,,,,,,,,,,,,,,,,,,,
TOEFL,T_D11_05,11,5,dam,막다,"block, obstruct",v.,Comparisons & Differences,비교와 차이 설명하기,58,Core,3,There's no way we can dam the whole creek.,우리가 그 시내 전체를 막을 수는 없어.,We can't possibly block the entire creek.,우리가 그 개울 전체를 막을 수는 없다.,,,build a dam,"[""build a dam"",""dam the river""]","[""댐을 건설하다"",""강을 막다""]",block,"[""block"",""obstruct""]",,"dam = 막다, 차단하다",,,15,29,TOEFL_30x56_FINAL,Y,PASS,95,A,There's no way ...,도저히 ~할 수 없다 / ~할 리 없다,95,A,,PASS,I'll see ...,,I'll be sure to ...,,I'll let you know ...,,,,막다,Daily Life,9,There's no way ...,,,,,,,,VOCAB,,,,,,,,,,,,,,,,,,,,,
TOEFL,T_D11_06,11,6,dampen,적시다,"moisten, wet, soak, saturate",v.,Comparisons & Differences,비교와 차이 설명하기,58,Core,3,Turns out the rain will dampen our plans.,비가 우리의 계획을 적실 것이라는 게 드러났어.,The rain will wet and ruin our plans.,비가 우리의 계획을 젖게 하고 망칠 것이다.,,,dampen spirits,"[""dampen spirits"",""dampen enthusiasm""]","[""기운을 꺾다"",""열의를 낮추다""]",moisten,"[""moisten"",""wet"",""saturate""]",,"dampen = 적시다, 축축하게 하다",,,25,14,TOEFL_30x56_FINAL,Y,PASS,95,A,Turns out (that) ...,알고 보니 ~였다,95,A,,PASS,I'll see ...,,I'll be sure to ...,,I'll let you know ...,,,,"적시다, 축축하게 하다",Hobbies,8,Turns out (that) ...,,,,,,,,VOCAB,,,,,,,,,,,,,,,,,,,,,
TOEFL,T_D11_07,11,7,deduce,추론하다,"conclude, infer, derive",v.,Comparisons & Differences,비교와 차이 설명하기,58,Core,3,I'll see whether we can deduce the cause.,우리가 원인을 추론할 수 있는지 내가 확인해볼게.,I'll try to determine the cause.,원인을 알아내려고 노력하겠다.,,,deduce from evidence,"[""deduce from evidence"",""deduce logically""]","[""증거로부터 추론하다"",""논리적으로 추론하다""]",infer,"[""infer"",""conclude"",""derive""]",,deduce = 추론하다,,,16,24,TOEFL_30x56_FINAL,Y,PASS,95,A,I'll see ...,내가 알아볼게,95,A,,PASS,I'll see ...,,I'll be sure to ...,,I'll let you know ...,,,,추론하다,Health,8,I'll see ...,,,,,,,,VOCAB,,,,,,,,,,,,,,,,,,,,,
TOEFL,T_D11_08,11,8,deem,"생각하다, 여기다","consider, regard, believe",v.,Comparisons & Differences,비교와 차이 설명하기,58,Core,3,"Believe it or not, I deem this tool indispensable.","믿기 어렵겠지만, 나는 이 도구를 필수적이라고 여긴다.","Surprisingly, I consider this tool essential.",놀랍게도 나는 이 도구를 필수로 본다.,,,deem necessary,"[""deem necessary"",""deem appropriate""]","[""필요하다고 여기다"",""적절하다고 여기다""]",consider,"[""consider"",""regard"",""believe""]",,deem = ~라고 여기다,,,8,24,TOEFL_30x56_FINAL,Y,PASS,95,A,"Like/Believe it or not, ...",믿기 어렵겠지만 ~,95,A,,PASS,You won't believe ...,,"Like/Believe it or not, ...",,I'll see ...,,,,"여기다, ~라고 생각하다",Technology,9,"Like/Believe it or not, ...",,,,,,,,VOCAB,,,,,,,,,,,,,,,,,,,,,
TOEFL,T_D11_09,11,9,defend,"방어하다, 지키다",guard,v.,Comparisons & Differences,비교와 차이 설명하기,58,Core,3,I'll be sure to defend your rights tomorrow.,내일 반드시 네 권리를 지켜줄게.,I'll make sure to protect your rights.,나는 네 권리를 보호하도록 할 것이다.,,,defend rights,"[""defend rights"",""defend the position""]","[""권리를 방어하다"",""입장을 방어하다""]",guard,"[""guard"",""protect""]",,"defend = 지키다, 방어하다",,,27,56,TOEFL_30x56_FINAL,Y,PASS,95,A,I'll be sure to ...,반드시 ~할게요,95,A,,PASS,I'll see ...,,I'll be sure to ...,,I'll let you know ...,,,,"방어하다, 지키다",Shopping & Services,8,I'll be sure to ...,,,,,,,,VOCAB,,,,,,,,,,,,,,,,,,,,,
TOEFL,T_D11_10,11,10,define,분명히 하다,identify,v.,Comparisons & Differences,비교와 차이 설명하기,58,Core,3,I'll let you know how we define success.,우리가 성공을 어떻게 정의하는지 알려줄게.,I'll explain our definition of success.,우리의 성공 정의를 설명해줄게.,,,define clearly,"[""define clearly"",""define the terms""]","[""명확히 정의하다"",""용어를 정의하다""]",identify,"[""identify"",""clarify""]",,"define = 분명히 하다, 정의하다",,,12,53,TOEFL_30x56_FINAL,Y,PASS,95,A,I'll let you know ...,~을 알려줄게요,95,A,,PASS,I'll see ...,,I'll be sure to ...,,I'll let you know ...,,,,"명확히 하다, 정의하다",Family & Friends,8,I'll let you know ...,,,,,,,,VOCAB,,,,,,,,,,,,,,,,,,,,,
TOEFL,T_D11_11,11,11,deluxe,호화로운,"lavish, luxurious, opulent, rich",adj.,Comparisons & Differences,비교와 차이 설명하기,58,Core,3,I'll see about booking the deluxe room.,호화스러운 방 예약을 알아볼게.,I'll try to book the luxurious room.,나는 그 호화로운 방을 예약해보겠다.,,,deluxe edition,"[""deluxe edition"",""deluxe room""]","[""디럭스 판"",""호화스러운 방""]",lavish,"[""lavish"",""luxurious"",""opulent""]",,deluxe = 호화로운,,,25,31,TOEFL_30x56_FINAL,Y,PASS,95,A,I'll see ...,내가 알아볼게,95,A,,PASS,I'll see ...,,I'll be sure to ...,,I'll let you know ...,,,,호화로운,Daily Life,7,I'll see ...,,,,,,,,VOCAB,,,,,,,,,,,,,,,,,,,,,
TOEFL,T_D11_12,11,12,denote,"나타내다, 표시하다","indicate, signify, represent",v.,Comparisons & Differences,비교와 차이 설명하기,58,Core,3,I'll let you know what the symbol denotes.,그 기호가 무엇을 나타내는지 알려줄게.,I'll inform you about the symbol's meaning.,그 기호의 의미를 알려주겠다.,,,denote meaning,"[""denote meaning"",""denote significance""]","[""의미를 나타내다"",""중요성을 나타내다""]",indicate,"[""indicate"",""signify"",""represent""]",,"denote = 나타내다, 표시하다",,,3,32,TOEFL_30x56_FINAL,Y,PASS,95,A,I'll let you know ...,~을 알려줄게요,95,A,,PASS,I'll see ...,,I'll be sure to ...,,I'll let you know ...,,,,"나타내다, 표시하다",Business,8,I'll let you know ...,,,,,,,,VOCAB,,,,,,,,,,,,,,,,,,,,,
TOEFL,T_D11_13,11,13,dense,"밀집한, 빽빽한","crowded, thick, compact",adj.,Comparisons & Differences,비교와 차이 설명하기,58,Core,3,I'll be sure to avoid dense crowds this weekend.,이번 주말에는 밀집한 군중을 피할게.,I'll make sure not to go into crowded areas.,혼잡한 곳에 가지 않도록 하겠다.,,,dense forest,"[""dense forest"",""dense population""]","[""밀집한 숲"",""인구 밀집""]",crowded,"[""crowded"",""thick"",""compact""]",,"dense = 빽빽한, 밀집한",,,21,12,TOEFL_30x56_FINAL,Y,PASS,95,A,I'll be sure to ...,반드시 ~할게요,95,A,,PASS,I'll see ...,,I'll be sure to ...,,I'll let you know ...,,,,"밀집한, 빽빽한",Travel,9,I'll be sure to ...,,,,,,,,VOCAB,,,,,,,,,,,,,,,,,,,,,
TOEFL,T_D11_14,11,14,depict,묘사하다,"picture, portray, represent",v.,Comparisons & Differences,비교와 차이 설명하기,58,Core,3,I'll see how to depict that scene accurately.,그 장면을 어떻게 묘사할지 내가 고민해볼게.,I'll figure out the best way to portray the scene.,그 장면을 묘사하는 최선의 방법을 알아내겠다.,,,depict vividly,"[""depict vividly"",""depict accurately""]","[""생생하게 묘사하다"",""정확히 묘사하다""]",portray,"[""portray"",""picture"",""represent""]",,depict = 묘사하다,,,2,43,TOEFL_30x56_FINAL,Y,PASS,95,A,I'll see ...,내가 알아볼게,95,A,,PASS,I'll see ...,,I'll be sure to ...,,I'll let you know ...,,,,묘사하다,Daily Life,8,I'll see ...,,,,,,,,VOCAB,,,,,,,,,,,,,,,,,,,,,
TOEFL,T_D11_15,11,15,desert,사람·장소 등을 버리다,"abandon, forsake, leave",v.,Comparisons & Differences,비교와 차이 설명하기,58,Core,3,I see you deserted the project without telling anyone.,당신이 아무에게도 말하지 않고 프로젝트를 버렸군요.,I understand you abandoned the project without warning.,당신이 경고 없이 그 프로젝트를 버렸다는 것을 이해했어요.,Why did you desert the project?,왜 그 프로젝트를 버렸나요?,desert a project; desert someone; desert a post,"[""desert a project"",""desert someone"",""desert a post""]","[""프로젝트를 버리다"",""사람을 버리다"",""직책을 버리다""]",abandon,"[""abandon"",""forsake"",""leave""]",desert someone,사람이나 장소를 떠나 버리다로 기억하세요.,🏃‍♂️,,27,49,TOEFL_30x56_FINAL,yes,APPROVED,95,A,I see ...,"아, 그렇군요...",95,A,,PASS,I'll see ...,,I'll be sure to ...,,I'll let you know ...,,Create one natural example sentence using the chosen pattern and sense.,Reaction,사람이나 장소를 버리다,Business,9,statement,,,,,,,,VOCAB,,,,,,,,,,,,,,,,,,,,,
TOEFL,T_D11_16,11,16,detach,분리하다,"separate, disconnect, disengage",v.,Comparisons & Differences,비교와 차이 설명하기,58,Core,3,I'll let you know when I detach the battery.,배터리를 분리할 때 알려줄게.,I'll inform you once I separate the battery.,배터리를 분리하면 알려주겠다.,,,detach module,"[""detach module"",""detach the cable""]","[""모듈을 분리하다"",""케이블을 분리하다""]",separate,"[""separate"",""disconnect"",""disengage""]",,detach = 분리하다,,,6,18,TOEFL_30x56_FINAL,Y,PASS,95,A,I'll let you know ...,~을 알려줄게요,95,A,,PASS,I'll see ...,,I'll be sure to ...,,I'll let you know ...,,,,분리하다,Family & Friends,9,I'll let you know ...,,,,,,,,VOCAB,,,,,,,,,,,,,,,,,,,,,
TOEFL,T_D11_17,11,17,interrupt,중단시키다,break off,v.,Comparisons & Differences,비교와 차이 설명하기,53,Bridge,3,I'll be sure to interrupt only if necessary.,필요할 때만 중단시키도록 할게.,I'll only stop the process when required.,필요할 때만 절차를 중단하겠다.,,,interrupt the meeting,"[""interrupt the meeting"",""interrupt a speaker""]","[""회의를 중단시키다"",""연설자를 끊다""]",break off,"[""break off"",""stop""]",,interrupt = 중단시키다,,,20,51,TOEFL_30x56_FINAL,Y,PASS,95,A,I'll be sure to ...,반드시 ~할게요,95,A,,PASS,I'll see ...,,I'll be sure to ...,,I'll let you know ...,,,,중단시키다,Travel,8,I'll be sure to ...,,,,,,,,VOCAB,,,,,,,,,,,,,,,,,,,,,
TOEFL,T_D11_18,11,18,intricate,복잡한,"complex, complicated, elaborate, tangled",adj.,Comparisons & Differences,비교와 차이 설명하기,53,Bridge,3,How do you like the intricate pattern on this fabric?,이 직물의 복잡한 무늬는 어떻게 생각하세요?,Do you find this design complex and detailed?,이 디자인이 복잡하고 정교하다고 느끼나요?,Which part seems most intricate?,어떤 부분이 가장 복잡해 보이나요?,intricate pattern; intricate design; intricate details,"[""intricate pattern"",""intricate design"",""intricate details""]","[""복잡한 무늬"",""정교한 디자인"",""세밀한 디테일""]",complex,"[""complex"",""complicated"",""elaborate""]",intricate pattern,구조가 복잡하고 정교하다는 뜻으로 외우세요.,🧵,,8,7,TOEFL_30x56_FINAL,yes,APPROVED,95,A,How do you like ... ?,어떻게 생각하세요...?,95,A,,PASS,I'll see ...,,I'll be sure to ...,,I'll let you know ...,,Create one natural example sentence using the chosen pattern and sense.,Opinion question,구조가 복잡하고 정교한,Daily Life,10,question,,,,,,,,VOCAB,,,,,,,,,,,,,,,,,,,,,
TOEFL,T_D11_19,11,19,intrinsic,"고유의, 타고난","inherent, innate",adj.,Comparisons & Differences,비교와 차이 설명하기,53,Bridge,3,"I know intrinsic ability matters, but training still helps.","선천적인 능력이 중요하다는 건 알지만, 훈련도 도움이 됩니다.","Innate qualities are important, yet practice improves performance.",타고난 특성도 중요하지만 연습이 성과를 향상시킨다.,What still helps despite intrinsic ability?,선천적 능력에도 불구하고 무엇이 도움이 되나요?,intrinsic value; intrinsic motivation; intrinsic property,"[""intrinsic value"",""intrinsic motivation"",""intrinsic property""]","[""내재적 가치"",""내적 동기"",""고유한 성질""]",inherent,"[""inherent"",""innate"",""native""]",intrinsic motivation,"본래부터 타고난, 고유한 성질로 외우세요.",⭐,,29,11,TOEFL_30x56_FINAL,yes,APPROVED,95,A,"I know ..., but ...","알긴 알지만, ...",95,A,,PASS,I'll see ...,,I'll be sure to ...,,I'll let you know ...,,Create one natural example sentence using the chosen pattern and sense.,Contrast,"본래부터 타고난, 고유한",Business,9,contrast,,,,,,,,VOCAB,,,,,,,,,,,,,,,,,,,,,
TOEFL,T_D11_20,11,20,intrusive,"끼어드는, 참견하는","interfering, meddlesome",adj.,Comparisons & Differences,비교와 차이 설명하기,53,Bridge,3,I'm not used to intrusive questions from strangers.,나는 낯선 사람들의 참견하는 질문에 익숙하지 않다.,I feel uncomfortable with meddlesome questions.,참견하는 질문이 불편하다.,,,intrusive behavior,"[""intrusive behavior"",""intrusive questions""]","[""참견하는 행동"",""참견하는 질문""]",interfering,"[""interfering"",""meddlesome""]",,intrusive = 참견하는,,,21,16,TOEFL_30x56_FINAL,Y,PASS,95,A,I'm not used to ...ing,~하는 것에 익숙하지 않다,95,A,,PASS,I'll see ...,,I'll be sure to ...,,I'll let you know ...,,,,"끼어드는, 참견하는",Shopping & Services,8,I'm not used to ...ing,,,,,,,,VOCAB,,,,,,,,,,,,,,,,,,,,,
TOEFL,T_D11_21,11,21,laborious,"수고를 요하는, 힘든","difficult, strenuous",adj.,Comparisons & Differences,비교와 차이 설명하기,53,Bridge,3,"I hate to say this, but the task was too laborious.","이렇게 말하기 싫지만, 그 일은 너무 힘들었어요.",I'm sorry to say the job required excessive effort.,유감스럽게도 그 일은 지나치게 많은 노력이 필요했어요.,Was the task easy?,그 일이 쉬웠나요?,laborious task; laborious process; laborious work,"[""laborious task"",""laborious process"",""laborious work""]","[""수고가 많이 드는 일"",""힘든 과정"",""노동집약적 작업""]",arduous,"[""arduous"",""strenuous"",""laborious""]",laborious task,수고롭고 힘든 일을 떠올려 기억하세요.,💪,,13,20,TOEFL_30x56_FINAL,yes,APPROVED,95,A,"I hate to say this, but ...","이렇게 말하기 싫지만, ...",95,A,,PASS,I'll see ...,,I'll be sure to ...,,I'll let you know ...,,Create one natural example sentence using the chosen pattern and sense.,Regret,수고와 노력이 많이 드는,Hobbies,11,regret,,,,,,,,VOCAB,,,,,,,,,,,,,,,,,,,,,
TOEFL,T_D11_22,11,22,lucrative,"수익성이 좋은, 유리한","profitable, gainful, advantageous",adj.,Comparisons & Differences,비교와 차이 설명하기,53,Bridge,3,I don't like the way they advertise lucrative investment plans.,그들이 수익성 좋은 투자 상품을 광고하는 방식이 마음에 들지 않아요.,Their advertising for profitable investments seems distasteful.,수익성 좋은 투자 상품을 광고하는 방식이 보기 좋지 않아요.,What type of plans are advertised?,어떤 종류의 상품이 광고되나요?,lucrative business; lucrative deal; lucrative investment,"[""lucrative business"",""lucrative deal"",""lucrative investment""]","[""수익성 좋은 사업"",""수익성 좋은 거래"",""수익성 있는 투자""]",profitable,"[""profitable"",""gainful"",""lucrative""]",lucrative investment,"수익성이 좋은, 이익이 되는 것으로 기억하세요.",💰,,25,12,TOEFL_30x56_FINAL,yes,APPROVED,95,A,I don't like the way ...,~하는 방식이 마음에 들지 않아요,95,A,,PASS,I'll see ...,,I'll be sure to ...,,I'll let you know ...,,Create one natural example sentence using the chosen pattern and sense.,Dislike,"수익을 많이 내는, 이익이 되는",Daily Life,10,dislike,,,,,,,,VOCAB,,,,,,,,,,,,,,,,,,,,,
TOEFL,T_D11_23,11,23,luxuriant,무성한,"rich, abundant, exuberant, opulent",adj.,Comparisons & Differences,비교와 차이 설명하기,53,Bridge,3,I'm in the middle of trimming luxuriant shrubs in the yard.,나는 마당에서 무성한 관목을 다듬는 중이에요.,I'm currently pruning the abundant bushes outside.,현재 밖에 있는 풍성한 관목들을 가지치기하고 있어요.,What are you trimming?,무엇을 다듬고 있나요?,luxuriant growth; luxuriant foliage; luxuriant vegetation,"[""luxuriant growth"",""luxuriant foliage"",""luxuriant vegetation""]","[""무성한 성장"",""풍성한 잎사귀"",""우거진 식생""]",abundant,"[""abundant"",""opulent"",""exuberant"",""luxuriant""]",luxuriant foliage,무성하고 풍성하게 자란 모습을 떠올려 보세요.,🌿,,19,19,TOEFL_30x56_FINAL,yes,APPROVED,95,A,I'm in the middle of ...,지금 한창 ...하는 중이야,95,A,,PASS,I'll see ...,,I'll be sure to ...,,I'll let you know ...,,Create one natural example sentence using the chosen pattern and sense.,Progress,무성하고 풍부하게 자란,Health,11,progress,,,,,,,,VOCAB,,,,,,,,,,,,,,,,,,,,,
TOEFL,T_D11_24,11,24,malleable,"유연한, 변형하기 쉬운",flexible,adj.,Comparisons & Differences,비교와 차이 설명하기,53,Bridge,3,Don't tell me that clay isn't malleable enough for your sculpture.,점토가 네 조각을 만들기에는 충분히 유연하지 않다고 말하지 마세요.,Don't say the clay cannot be easily reshaped for art.,그 점토가 예술 작업을 위해 쉽게 변형될 수 없다고 말하지 마세요.,Is the clay malleable?,그 점토는 변형하기 쉬운가요?,malleable metal; malleable material; malleable mind,"[""malleable metal"",""malleable material"",""malleable mind""]","[""연성이 있는 금속"",""변형하기 쉬운 재료"",""영향받기 쉬운 마음""]",flexible,"[""flexible"",""pliable"",""ductile"",""malleable""]",malleable material,쉽게 모양을 바꿀 수 있는 성질로 기억하세요.,🧱,,1,51,TOEFL_30x56_FINAL,yes,APPROVED,95,A,Don't tell me(that) ...,그렇게 말하지 마,95,A,,PASS,I'll see ...,,I'll be sure to ...,,I'll let you know ...,,Create one natural example sentence using the chosen pattern and sense.,Refusal,쉽게 변형하거나 모양 바꾸기 쉬운,Business,11,command,,,,,,,,VOCAB,,,,,,,,,,,,,,,,,,,,,
TOEFL,T_D11_25,11,25,marvelous,놀라운,"wonderful, astonishing, amazing",adj.,Comparisons & Differences,비교와 차이 설명하기,53,Bridge,3,How about if we celebrate your marvelous work tonight?,오늘 밤 당신의 훌륭한 성과를 축하하는 건 어떨까요?,Let's celebrate your amazing achievement this evening.,오늘 저녁 당신의 놀라운 성과를 축하합시다.,When will you celebrate?,언제 축하할 건가요?,marvelous idea; marvelous job; marvelous view,"[""marvelous idea"",""marvelous job"",""marvelous view""]","[""놀라운 아이디어"",""훌륭한 일"",""멋진 경치""]",wonderful,"[""wonderful"",""astonishing"",""amazing"",""marvelous""]",marvelous work,놀랍고 훌륭한 상태를 의미한다고 외우세요.,🎉,,14,26,TOEFL_30x56_FINAL,yes,APPROVED,95,A,How about if ...?,그렇게 하면 어떨까요?,95,A,,PASS,I'll see ...,,I'll be sure to ...,,I'll let you know ...,,Create one natural example sentence using the chosen pattern and sense.,Suggestion,놀랍고 아주 훌륭한,Technology,9,suggestion,,,,,,,,VOCAB,,,,,,,,,,,,,,,,,,,,,
TOEFL,T_D11_26,11,26,matter,1. 물질 / 2. 사안,"1. substance, material, stuff / 2. issue",n.,Comparisons & Differences,비교와 차이 설명하기,53,Bridge,3,What matters most is solving the problem now.,가장 중요한 것은 지금 문제를 해결하는 것이다.,The most important thing is fixing the problem now.,가장 중요한 것은 지금 문제를 해결하는 것이다.,,,what matters most,"[""what matters most"",""what matters the most""]","[""가장 중요한 것"",""최우선 사항""]",important issue,"[""important issue"",""main point""]",,"matter = 중요한 문제, 사안",,,21,55,TOEFL_30x56_FINAL,Y,PASS,95,A,What matters (the) most is ...,가장 중요한 것은 ~이다,95,A,,PASS,What matters (the) most is ...,,I'll see ...,,I'll be sure to ...,,,,중요한 문제,Family & Friends,8,What matters (the) most is ...,,,,,,,,VOCAB,,,,,,,,,,,,,,,,,,,,,
TOEFL,T_D11_27,11,27,miniature,소형의,"small, tiny, diminutive",adj.,Comparisons & Differences,비교와 차이 설명하기,53,Bridge,3,You're gonna have to settle for a miniature version.,작은 버전으로 만족해야 할 거야.,You'll need to accept the smaller model.,작은 모델을 받아들여야 할 것이다.,,,miniature model,"[""miniature model"",""miniature replica""]","[""소형 모델"",""축소 모형""]",small,"[""small"",""tiny"",""diminutive""]",,"miniature = 소형의, 작은",,,3,17,TOEFL_30x56_FINAL,Y,PASS,95,A,You're gonna have to ...,너는 ~해야 할 거야,95,A,,PASS,I'll see ...,,I'll be sure to ...,,I'll let you know ...,,,,소형의,Travel,9,You're gonna have to ...,,,,,,,,VOCAB,,,,,,,,,,,,,,,,,,,,,
TOEFL,T_D11_28,11,28,naively,"솔직하게, 순진하게","plainly, candidly, ingenuously",adv.,Comparisons & Differences,비교와 차이 설명하기,53,Bridge,3,Please tell me that you didn't act so naively.,제발 당신이 그렇게 순진하게 행동하지 않았다고 말해 주세요.,I hope you weren't that gullible in your actions.,당신이 그렇게 잘 속거나 순진하게 행동하지 않았기를 바래요.,Did they act naively?,그들이 순진하게 행동했나요?,act naively; speak naively; believe naively,"[""act naively"",""speak naively"",""believe naively""]","[""순진하게 행동하다"",""순진하게 말하다"",""순진하게 믿다""]",ingenuously,"[""naively"",""candidly"",""ingenuously""]",act naively,쉽게 속거나 잘 믿는 태도로 기억하세요.,😇,,26,52,TOEFL_30x56_FINAL,yes,APPROVED,95,A,Please tell me (that) ...,제발 ...라고 말해줘,95,A,,PASS,I'll see ...,,I'll be sure to ...,,I'll let you know ...,,Create one natural example sentence using the chosen pattern and sense.,Request,순진하고 잘 속는 태도로,Daily Life,9,plea,,,,,,,,VOCAB,,,,,,,,,,,,,,,,,,,,,
TOEFL,T_D11_29,11,29,ornament,장식하다,"decorate, adorn, embellish",v.,Comparisons & Differences,비교와 차이 설명하기,53,Bridge,3,What's the point of ornamenting a cake nobody will see?,아무도 보지 않을 케이크를 장식하는 게 무슨 의미가 있나요?,Why bother decorating something that won't be seen?,보지 않을 것을 굳이 장식할 필요가 있나라는 뜻이에요.,Why ornament the cake?,왜 그 케이크를 장식하죠?,ornament a tree; ornament the cake; ornamentation,"[""ornament a tree"",""ornament the cake"",""ornamentation""]","[""나무를 장식하다"",""케이크를 장식하다"",""장식"" ]",decorate,"[""decorate"",""adorn"",""embellish"",""ornament""]",ornament the tree,무엇을 꾸미거나 장식하는 행위로 기억하세요.,🎂,,8,31,TOEFL_30x56_FINAL,yes,APPROVED,95,A,What's the point of ...?,그럴 필요가 있나?,95,A,,PASS,I'll see ...,,I'll be sure to ...,,I'll let you know ...,,Create one natural example sentence using the chosen pattern and sense.,Critique,장식하거나 꾸미다,Business,10,rhetorical question,,,,,,,,VOCAB,,,,,,,,,,,,,,,,,,,,,
TOEFL,T_D11_30,11,30,outermost,가장 바깥의,"farthest away, farthest, most remote",adj.,Comparisons & Differences,비교와 차이 설명하기,53,Bridge,3,What matters most is reaching the outermost islands safely.,가장 중요한 것은 가장 바깥 섬들에 안전하게 도달하는 것이다.,The key thing is to reach the farthest islands safely.,핵심은 가장 먼 섬들에 안전하게 도착하는 것이다.,,,outermost layer,"[""outermost layer"",""outermost region""]","[""가장 바깥층"",""가장 바깥 지역""]",farthest,"[""farthest"",""most remote""]",,outermost = 가장 바깥의,,,10,55,TOEFL_30x56_FINAL,Y,PASS,95,A,What matters (the) most is ...,가장 중요한 것은 ~이다,95,A,,PASS,What matters (the) most is ...,,I'll see ...,,I'll be sure to ...,,,,가장 바깥의,School & Learning,9,What matters (the) most is ...,,,,,,,,VOCAB,,,,,,,,,,,,,,,,,,,,,
TOEFL,T_D12_01,12,1,penetrate,꿰뚫다,"pierce, go through, enter",v.,Comparisons & Differences,비교와 차이 설명하기,53,Bridge,3,I'll see whether the laser can penetrate metal.,레이저가 금속을 관통할 수 있는지 내가 확인해 볼게.,I'll check if the laser penetrates metal.,레이저가 금속을 뚫는지 확인할게.,Can the laser penetrate metal?,레이저가 금속을 관통할 수 있나요?,penetrate metal,"['penetrate metal', 'penetrate tissue', 'penetrate market']","['금속을 관통하다', '조직을 뚫다', '시장을 침투하다']",pierce,"['pierce', 'go through', 'enter']",penetrate metal,관통하다 = 뚫고 지나가다,,,11,38,TOEFL_30x56_FINAL,TRUE,PASS,95,A,I'll see ...,내가 확인해 볼게,95,A,,PASS,I'll see ...,,I'll be sure to ...,,I'll let you know ...,,Create example sentence using pattern,Promise/Offer,무엇을 뚫고 들어가다,Technology,8,statement,,,,,,,,VOCAB,,,,,,,,,,,,,,,,,,,,,
TOEFL,T_D12_02,12,2,preposterous,터무니없는,"unbelievable, absurd, nonsensical",adj.,Comparisons & Differences,비교와 차이 설명하기,47,Advanced,2,"I'll tell you what, that idea is preposterous.","내가 말할게, 그 아이디어는 터무니없어.","Honestly, that idea is completely preposterous.",솔직히 그 아이디어는 완전히 터무니없어.,Why is that idea preposterous?,왜 그 아이디어는 터무니없는가요?,preposterous idea,"['preposterous idea', 'preposterous claim', 'preposterous suggestion']","['터무니없는 생각', '터무니없는 주장', '터무니없는 제안']",absurd,"['absurd', 'ridiculous', 'outrageous']",preposterous idea,터무니없다 = 정말 말이 안 된다,,,13,30,TOEFL_30x56_FINAL,TRUE,PASS,95,A,"I'll tell you what, ...",내가 말할게,95,A,,PASS,I'll see ...,,I'll be sure to ...,,I'll let you know ...,,Create example sentence using pattern,Reaction,"말도 안 되는, 터무니없는",Daily Life,8,statement,,,,,,,,VOCAB,,,,,,,,,,,,,,,,,,,,,
TOEFL,T_D12_03,12,3,prestigious,명성이 있는,"highly regarded, esteemed, respected",adj.,Comparisons & Differences,비교와 차이 설명하기,47,Advanced,2,I just can't seem to get into prestigious universities.,명문대에 들어가기가 도무지 안 돼.,I can't seem to be accepted by top schools.,상위 대학들에 합격하지 못하는 것 같아.,Why can't you get into prestigious universities?,왜 명문대에 들어가지 못하나요?,prestigious university,"['prestigious university', 'prestigious award', 'prestigious institution']","['명문 대학', '권위 있는 상', '명성 있는 기관']",esteemed,"['esteemed', 'renowned', 'celebrated']",prestigious universities,명성이 있는 = 유명하고 존경받는,,,6,44,TOEFL_30x56_FINAL,TRUE,PASS,95,A,(just) can't seem to ...,도무지 ~하지 못하는 것 같아,95,A,,PASS,I'll see ...,,I'll be sure to ...,,I'll let you know ...,,Create example sentence using pattern,Difficulty,명성이 높아 쉽게 얻기 어렵다,School & Learning,9,statement,,,,,,,,VOCAB,,,,,,,,,,,,,,,,,,,,,
TOEFL,T_D12_04,12,4,principally,주로,mainly,adv.,Comparisons & Differences,비교와 차이 설명하기,47,Advanced,2,"When is the project principally due, next Monday?",그 프로젝트의 주된 마감일이 다음 월요일인가요?,What is the project's main due date?,프로젝트의 주요 마감일이 언제인가요?,When is the project's main due date?,프로젝트의 주요 마감일은 언제인가요?,principally due,"['principally due', 'principally responsible', 'principally concerned']","['주로 마감되는', '주된 책임이 있는', '주로 관련된']",mainly,"['mainly', 'chiefly', 'primarily']",principally due,"주로, 주된 = 주요하게",,,9,56,TOEFL_30x56_FINAL,TRUE,PASS,95,A,When Is ... due?,주된 마감일이 언제야?,95,A,,PASS,I'll see ...,,I'll be sure to ...,,I'll let you know ...,,Create example sentence using pattern,Question,"주로, 주요하게",School & Learning,8,question,,,,,,,,VOCAB,,,,,,,,,,,,,,,,,,,,,
TOEFL,T_D12_05,12,5,prohibitive,값이 엄청나게 비싼,"unaffordable, extreme, exorbitant",adj.,Comparisons & Differences,비교와 차이 설명하기,47,Advanced,2,Maybe we should skip that prohibitive hotel booking.,아마 우리는 그 값이 엄청나게 비싼 호텔 예약을 건너뛰어야 할 거야.,We should avoid that prohibitively expensive hotel.,그 터무니없이 비싼 호텔은 피해야 해.,Should we skip that booking?,그 예약을 건너뛸까요?,prohibitive cost,"['prohibitive cost', 'prohibitive price', 'prohibitive fees']","['엄청나게 비싼 비용', '터무니없는 가격', '과도한 수수료']",exorbitant,"['exorbitant', 'unaffordable', 'extreme']",prohibitive price,값이 엄청나게 비싼 = 감당하기 힘든,,,4,11,TOEFL_30x56_FINAL,TRUE,PASS,95,A,Maybe I/we should ...,아마 우리가 ~해야 할 것 같아,95,A,,PASS,I'll see ...,,I'll be sure to ...,,I'll let you know ...,,Create example sentence using pattern,Suggestion,값이 너무 비싸서 부담되는,Business,8,suggestion,,,,,,,,VOCAB,,,,,,,,,,,,,,,,,,,,,
TOEFL,T_D12_06,12,6,proliferate,증식하다,"multiply, become numerous, increase in number",v.,Comparisons & Differences,비교와 차이 설명하기,47,Advanced,2,I'm in the middle of data proliferating across our servers.,우리 서버에 데이터가 급증하는 중이야.,Data is rapidly proliferating across our servers.,데이터가 우리 서버 전반에 걸쳐 빠르게 늘고 있어.,Where is the data proliferating?,데이터가 어디에 급증하고 있나요?,proliferate rapidly,"['proliferate rapidly', 'proliferate across', 'proliferate uncontrollably']","['급속히 증식하다', '전반에 걸쳐 증가하다', '통제 불능으로 늘다']",multiply,"['multiply', 'increase', 'become numerous']",data proliferating,증식하다 = 빠르게 늘어나다,,,8,2,TOEFL_30x56_FINAL,TRUE,PASS,95,A,I'm in the middle of ...,한창 ~하고 있다,95,A,,PASS,I'm in the middle of ...,,I'll see ...,,I'll be sure to ...,,Create example sentence using pattern,Progress,급속히 늘어나다,Technology,10,statement,,,,,,,,VOCAB,,,,,,,,,,,,,,,,,,,,,
TOEFL,T_D12_07,12,7,deter,"방해하다, 막다","stop, preclude, prevent, inhibit",v.,Experiences & Memories,경험과 기억 이야기하기,58,Core,3,I'm not used to being deterred by minor setbacks.,나는 사소한 좌절 때문에 방해받는 것에 익숙하지 않아.,Minor setbacks don't usually stop me.,사소한 좌절들이 보통은 나를 막지 못해.,What are you not used to?,무엇에 익숙하지 않나요?,deter someone,"['deter someone', 'deter progress', 'deter action']","['~을 막다', '진행을 방해하다', '행동을 저지하다']",prevent,"['prevent', 'inhibit', 'stop']",deterred by setbacks,"막다, 방해하다 = 못하게 하다",,,30,40,TOEFL_30x56_FINAL,TRUE,PASS,95,A,I'm not used to ...ing,~하는 것에 익숙하지 않다,95,A,,PASS,I'll see ...,,I'll be sure to ...,,I'll let you know ...,,Create example sentence using pattern,Habit/Adaptation,"막다, 못하게 하다",Hobbies,9,statement,,,,,,,,VOCAB,,,,,,,,,,,,,,,,,,,,,
TOEFL,T_D12_08,12,8,devise,고안하다,"invent, create, design, contrive",v.,Experiences & Memories,경험과 기억 이야기하기,58,Core,3,I'll be sure to devise a simpler experiment for class.,수업을 위해 더 간단한 실험을 꼭 고안해 놓을게.,I'll make sure to create a simpler experiment.,더 간단한 실험을 꼭 만들어 놓을게.,What will you devise for class?,수업을 위해 무엇을 고안할 건가요?,devise a plan,"['devise a plan', 'devise a method', 'devise an experiment']","['계획을 고안하다', '방법을 고안하다', '실험을 고안하다']",create,"['create', 'invent', 'design']",devise an experiment,고안하다 = 새롭게 만들어 내다,,,24,14,TOEFL_30x56_FINAL,TRUE,PASS,95,A,I'll be sure to ...,반드시 ~할게,95,A,,PASS,I'll see ...,,I'll be sure to ...,,I'll let you know ...,,Create example sentence using pattern,Promise/Assurance,"고안하다, 창안하다",School & Learning,10,statement,,,,,,,,VOCAB,,,,,,,,,,,,,,,,,,,,,
TOEFL,T_D12_09,12,9,devour,게걸스럽게 먹다,"eat, consume, gulp, gobble",v.,Experiences & Memories,경험과 기억 이야기하기,58,Core,3,I'll let you know after I devour the novel.,그 소설을 게걸스럽게 다 읽고 알려줄게.,I'll inform you once I finish the book ravenously.,그 책을 게걸스럽게 다 읽으면 알려줄게.,When will you let me know?,언제 알려줄 건가요?,devour a book,"['devour a book', 'devour food', 'devour a meal']","['책을 게걸스럽게 읽다', '음식을 게걸스럽게 먹다', '식사를 게걸스럽게 먹다']",consume,"['consume', 'gobble', 'gulp']",devour the novel,게걸스럽게 먹다/읽다 = 빠르게 소비하다,,,16,19,TOEFL_30x56_FINAL,TRUE,PASS,95,A,I'll let you know ...,알려줄게,95,A,,PASS,I'll see ...,,I'll be sure to ...,,I'll let you know ...,,Create example sentence using pattern,Promise/Information,게걸스럽게 먹다/읽다,Travel,9,statement,,,,,,,,VOCAB,,,,,,,,,,,,,,,,,,,,,
TOEFL,T_D12_10,12,10,dim,희미한,"faint, weak, obscure",adj.,Experiences & Memories,경험과 기억 이야기하기,58,Core,3,"I hate to say this, but the light is getting dim.","이 말을 하긴 싫지만, 불빛이 점점 희미해지고 있어.","Unfortunately, the light is becoming dim.",안타깝게도 불빛이 희미해지고 있어.,What's happening to the light?,불빛에 무슨 일이 생기고 있나요?,dim light,"['dim light', 'grow dim', 'dim memory']","['희미한 빛', '희미해지다', '희미한 기억']",faint,"['faint', 'weak', 'obscure']",getting dim,희미한 = 밝기가 약한,,,30,42,TOEFL_30x56_FINAL,TRUE,PASS,95,A,"I hate to say this, but ...","이 말을 하긴 싫지만, ...",95,A,,PASS,I'll see ...,,I'll be sure to ...,,I'll let you know ...,,Create example sentence using pattern,Regret/Bad news,"희미한, 어두운",Family & Friends,11,statement,,,,,,,,VOCAB,,,,,,,,,,,,,,,,,,,,,
TOEFL,T_D12_11,12,11,divest,"빼앗다, 박탈하다","deprive, strip, despoil",v.,Experiences & Memories,경험과 기억 이야기하기,58,Core,3,I'll let you know if they divest the company assets.,그들이 회사 자산을 처분하면 알려줄게.,I'll inform you if they strip the company of assets.,그들이 회사의 자산을 빼앗거나 처분하면 알려줄게.,Will you tell me if they divest assets?,그들이 자산을 처분하면 알려줄 건가요?,divest assets,"['divest assets', 'divest oneself of', 'divest a company']","['자산을 처분하다', '~을 박탈하다', '회사를 처분하다']",deprive,"['deprive', 'strip', 'despoil']",divest the company assets,"빼앗다, 박탈하다 = 소유권을 빼앗다",,,28,24,TOEFL_30x56_FINAL,TRUE,PASS,95,A,I'll let you know ...,알려줄게,95,A,,PASS,I'll see ...,,I'll be sure to ...,,I'll let you know ...,,Create example sentence using pattern,Information,"빼앗다, 박탈하다",Daily Life,10,statement,,,,,,,,VOCAB,,,,,,,,,,,,,,,,,,,,,
TOEFL,T_D12_12,12,12,drain,물을 빼내다,"withdraw liquid gradually, remove water",v.,Experiences & Memories,경험과 기억 이야기하기,58,Core,3,I'll be sure to drain the bathtub before leaving.,떠나기 전에 욕조의 물을 꼭 빼놓을게.,I'll make sure to empty the bathtub before we leave.,떠나기 전에 욕조를 비워 놓을게.,Will you drain the bathtub before leaving?,떠나기 전에 욕조의 물을 뺄 건가요?,drain the bathtub,"['drain the bathtub', 'drain the pool', 'drain the oil']","['욕조의 물을 빼다', '수영장의 물을 빼다', '기름을 빼다']",empty,"['empty', 'withdraw', 'remove water']",drain the bathtub,물을 빼내다 = 물을 제거하다,,,3,31,TOEFL_30x56_FINAL,TRUE,PASS,95,A,I'll be sure to ...,반드시 ~할게,95,A,,PASS,I'll see ...,,I'll be sure to ...,,I'll let you know ...,,Create example sentence using pattern,Promise/Assurance,물을 빼내다,Daily Life,9,statement,,,,,,,,VOCAB,,,,,,,,,,,,,,,,,,,,,
TOEFL,T_D12_13,12,13,draw,(마음·이목 등을) 끌다,"attract, engage",v.,Experiences & Memories,경험과 기억 이야기하기,58,Core,3,I'll see which features draw the most users.,어떤 기능이 가장 많은 사용자를 끄는지 내가 확인해 볼게.,I'll check which features attract the most users.,어떤 기능이 가장 많은 사용자를 유인하는지 확인할게.,Which features draw the most users?,어떤 기능이 가장 많은 사용자를 끌어들이나요?,draw attention,"['draw attention', 'draw users', 'draw a crowd']","['관심을 끌다', '사용자를 끌다', '관중을 끌다']",attract,"['attract', 'engage', 'pull']",draw the most users,끌다 = 관심이나 주의를 끌다,,,29,49,TOEFL_30x56_FINAL,TRUE,PASS,95,A,I'll see ...,내가 확인해 볼게,95,A,,PASS,I'll see ...,,I'll be sure to ...,,I'll let you know ...,,Create example sentence using pattern,Promise/Offer,"마음을 끌다, 유인하다",Business,8,statement,,,,,,,,VOCAB,,,,,,,,,,,,,,,,,,,,,
TOEFL,T_D12_14,12,14,dry,건조한,"arid, rainless, parched",adj.,Experiences & Memories,경험과 기억 이야기하기,58,Core,3,I'll be sure to pack water for dry weather.,건조한 날씨에 대비해 물을 꼭 챙겨갈게.,I'll make sure to bring water because it'll be dry.,건조할 테니 물을 꼭 가져갈게.,Will you pack water for dry weather?,건조한 날씨를 대비해 물을 챙길 건가요?,dry weather,"['dry weather', 'dry climate', 'dry season']","['건조한 날씨', '건조한 기후', '건기']",arid,"['arid', 'parched', 'rainless']",dry weather,건조한 = 물기가 없는,,,7,31,TOEFL_30x56_FINAL,TRUE,PASS,95,A,I'll be sure to ...,반드시 ~할게,95,A,,PASS,I'll see ...,,I'll be sure to ...,,I'll let you know ...,,Create example sentence using pattern,Promise/Assurance,"건조한, 물기가 없는",Travel,9,statement,,,,,,,,VOCAB,,,,,,,,,,,,,,,,,,,,,
TOEFL,T_D12_15,12,15,dual,이중의,"double, twofold",adj.,Experiences & Memories,경험과 기억 이야기하기,58,Core,3,You're supposed to declare dual citizenship at immigration control.,입국 심사에서 이중 국적을 신고해야 해요.,You must inform officials about holding two citizenships.,당국에 두 개의 시민권을 신고해야 합니다.,What should you declare at immigration control?,입국 심사에서 무엇을 신고해야 하나요?,dual citizenship,"[""dual citizenship"",""dual role"",""dual purpose""]","[""이중 국적"",""이중 역할"",""이중 용도""]",double,"[""double"",""twofold""]",dual citizenship,dual = 두 가지(두 가지 지위나 기능을 동시에 가짐),,,20,42,TOEFL_30x56_FINAL,YES,PASS,95,A,You're supposed to ...,당신은 ...해야 합니다,95,A,,PASS,I'll see ...,,I'll be sure to ...,,I'll let you know ...,,Select travel sense and write a natural sentence using chosen pattern.,Obligation,두 가지 지위나 기능을 동시에 가진,Travel,9,instruction,,,,,,,,VOCAB,,,,,,,,,,,,,,,,,,,,,
TOEFL,T_D12_16,12,16,edible,먹을 수 있는,"eatable, fit to eat, safe to eat",adj.,Experiences & Memories,경험과 기억 이야기하기,58,Core,3,I would hate to mistake poisonous mushrooms for edible ones.,독버섯을 식용으로 착각하면 정말 싫을 거야.,I don't want to confuse poisonous mushrooms with edible ones.,독버섯과 식용 버섯을 혼동하고 싶지 않아.,What would you hate to mistake?,무엇을 착각하기를 싫어하나요?,edible mushrooms,"['edible mushrooms', 'edible parts', 'edible plants']","['식용 버섯', '먹을 수 있는 부분', '식용 식물']",fit to eat,"['fit to eat', 'eatable', 'safe to eat']",edible ones,먹을 수 있는 = 안전하게 먹을 수 있는,,,27,26,TOEFL_30x56_FINAL,TRUE,PASS,95,A,would hate to ...,~하면 싫을 거야,95,A,,PASS,I'll be sure to ...,,I'm not used to ...ing,,would hate to ...,,Create example sentence using pattern,Regret/Avoidance,"먹을 수 있는, 안전하게 먹을 수 있는",Family & Friends,10,statement,,,,,,,,VOCAB,,,,,,,,,,,,,,,,,,,,,
TOEFL,T_D12_17,12,17,eerie,기묘한,"odd, strange",adj.,Experiences & Memories,경험과 기억 이야기하기,58,Core,3,I'm not used to eerie silences in the city.,도시에서는 기묘한 침묵에 익숙하지 않아.,"Strange, unsettling silences in the city feel unusual to me.",도시의 기묘하고 섬뜩한 침묵은 나에게 익숙하지 않아.,Where are you not used to eerie silences?,어디에서 기묘한 침묵에 익숙하지 않나요?,eerie silence,"['eerie silence', 'eerie feeling', 'eerie atmosphere']","['기묘한 침묵', '기묘한 느낌', '섬뜩한 분위기']",odd,"['odd', 'strange', 'uncanny']",eerie silences,기묘한 = 섬뜩하고 이상한,,,5,34,TOEFL_30x56_FINAL,TRUE,PASS,95,A,I'm not used to ...ing,~하는 것에 익숙하지 않다,95,A,,PASS,I'll see ...,,I'll be sure to ...,,I'll let you know ...,,Create example sentence using pattern,Habit/Adaptation,"기묘한, 섬뜩한",Shopping & Services,9,statement,,,,,,,,VOCAB,,,,,,,,,,,,,,,,,,,,,
TOEFL,T_D12_18,12,18,efface,"지우다, 없애다","wipe out, erase, expunge",v.,Experiences & Memories,경험과 기억 이야기하기,58,Core,3,Turns out that time effaces even painful memories.,결국 시간이 심지어 고통스러운 기억도 지우는 것 같다.,It appears time erases painful memories.,시간이 고통스러운 기억까지 지우는 것처럼 보인다.,What turns out to efface memories?,무엇이 기억을 지우는 것으로 밝혀졌나요?,efface memory,"['efface memory', 'efface traces', 'efface records']","['기억을 지우다', '자국을 지우다', '기록을 말소하다']",erase,"['erase', 'wipe out', 'expunge']",efface memories,"지우다, 없애다 = 흔적을 지우다",,,18,42,TOEFL_30x56_FINAL,TRUE,PASS,95,A,Turns out (that) ...,알고 보니,95,A,,PASS,Turns out (that) ...,,I'm not cut out for /to ...,,I'll see ...,,Create example sentence using pattern,Realization,"지우다, 없애다",Daily Life,8,statement,,,,,,,,VOCAB,,,,,,,,,,,,,,,,,,,,,
TOEFL,T_D12_19,12,19,eject,쫓아내다,"force out, throw out, expel",v.,Experiences & Memories,경험과 기억 이야기하기,58,Core,3,Turns out that the referee had to eject two players.,알고 보니 주심이 선수 둘을 퇴장시켜야 했대.,It turned out the referee needed to send off two players.,알고 보니 심판이 선수 두 명을 퇴장시켰어.,Who had to eject two players?,누가 선수 두 명을 퇴장시켜야 했나요?,eject a player,"['eject a player', 'eject from vehicle', 'eject the guest']","['선수를 퇴장시키다', '차량에서 쫓아내다', '손님을 쫓아내다']",expel,"['expel', 'throw out', 'force out']",eject two players,쫓아내다 = 억지로 내보내다,,,22,44,TOEFL_30x56_FINAL,TRUE,PASS,95,A,Turns out (that) ...,알고 보니,95,A,,PASS,Turns out (that) ...,,I'm not cut out for /to ...,,I'll see ...,,Create example sentence using pattern,Realization,쫓아내다,Family & Friends,10,statement,,,,,,,,VOCAB,,,,,,,,,,,,,,,,,,,,,
TOEFL,T_D12_20,12,20,elaborate,"1. 정교한, 복잡한 / 2. 자세히 설명하다","1. detailed, more complex, complicated / 2. make detailed",adj./v.,Experiences & Memories,경험과 기억 이야기하기,58,Core,3,Don't make me elaborate on that point now.,그 점에 대해 지금 자세히 설명하게 하지 마.,Please don't force me to explain that in detail now.,지금 그 점을 자세히 설명하게 하지 말아 주세요.,Do you want me to elaborate now?,지금 자세히 설명해 드릴까요?,elaborate on,"['elaborate on', 'elaborate details', 'elaborate explanation']","['~에 대해 자세히 설명하다', '세부 사항을 설명하다', '정교한 설명']",explain in detail,"['explain in detail', 'expand', 'clarify']",elaborate on that point,자세히 설명하다 = 세부적으로 풀어 말하다,,,25,6,TOEFL_30x56_FINAL,TRUE,PASS,95,A,Don't make me ...,굳이 ~하게 하지 마,95,A,,PASS,Don't make me ...,,I'll see ...,,I'll be sure to ...,,Create example sentence using pattern,Warning/Refusal,자세히 설명하다,School & Learning,8,command,,,,,,,,VOCAB,,,,,,,,,,,,,,,,,,,,,
TOEFL,T_D12_21,12,21,elicit,(정보·반응 등을) 끌어내다,"call forth, obtain, extract",v.,Experiences & Memories,경험과 기억 이야기하기,58,Core,3,I'll see which questions elicit the strongest responses.,어떤 질문이 가장 강한 반응을 끌어내는지 내가 볼게.,I'll check which questions provoke the strongest reactions.,어떤 질문이 가장 강한 반응을 이끌어내는지 확인할게.,Which questions elicit the strongest responses?,어떤 질문이 가장 강한 반응을 끌어내나요?,elicit responses,"['elicit responses', 'elicit information', 'elicit a reaction']","['반응을 끌어내다', '정보를 이끌어내다', '반응을 유도하다']",draw out,"['draw out', 'obtain', 'extract']",elicit responses,끌어내다 = 반응이나 정보를 얻어내다,,,30,50,TOEFL_30x56_FINAL,TRUE,PASS,95,A,I'll see ...,내가 확인해 볼게,95,A,,PASS,I'll see ...,,I'll be sure to ...,,I'll let you know ...,,Create example sentence using pattern,Promise/Offer,"끌어내다, 유도해내다",Hobbies,8,statement,,,,,,,,VOCAB,,,,,,,,,,,,,,,,,,,,,
TOEFL,T_D12_22,12,22,embed,박아 넣다,"fix, insert, implant, root",v.,Experiences & Memories,경험과 기억 이야기하기,58,Core,3,I'm not used to embedding images in emails.,이메일에 이미지를 삽입하는 데 익숙하지 않아.,I don't normally insert images into emails.,보통 이메일에 이미지를 넣는 것에 익숙하지 않아.,Are you used to embedding images?,이미지를 삽입하는 데 익숙한가요?,embed images,"['embed images', 'embed video', 'embed code']","['이미지를 삽입하다', '비디오를 삽입하다', '코드를 포함시키다']",insert,"['insert', 'implant', 'embed']",embedding images,"박아 넣다, 삽입하다 = 끼워 넣다",,,3,5,TOEFL_30x56_FINAL,TRUE,PASS,95,A,I'm not used to ...ing,~하는 것에 익숙하지 않다,95,A,,PASS,I'll see ...,,I'll be sure to ...,,I'll let you know ...,,Create example sentence using pattern,Habit/Adaptation,"박아 넣다, 삽입하다",Daily Life,8,statement,,,,,,,,VOCAB,,,,,,,,,,,,,,,,,,,,,
TOEFL,T_D12_23,12,23,emerge,나타나다,"appear, loom, spring up, come out, develop",v.,Experiences & Memories,경험과 기억 이야기하기,58,Core,3,"Come to think of it, new issues emerge every week.",생각해보니 새로운 문제가 매주 나타나네.,"Now that I consider it, new problems keep appearing weekly.",이제 보니 새로운 문제들이 매주 계속 생기네.,When do new issues emerge?,새로운 문제들은 언제 나타나나요?,emerge as,"['emerge as', 'emerge slowly', 'emerge suddenly']","['~로 나타나다', '천천히 나타나다', '갑자기 나타나다']",appear,"['appear', 'come out', 'spring up']",issues emerge,나타나다 = 보이기 시작하다,,,9,33,TOEFL_30x56_FINAL,TRUE,PASS,95,A,"Come to think of it, ...",생각해보니,95,A,,PASS,What's up with ...?,,Turns out (that) ...,,I'm fed up with ...,,Create example sentence using pattern,Reflection,"나타나다, 생기다",Health,10,statement,,,,,,,,VOCAB,,,,,,,,,,,,,,,,,,,,,
TOEFL,T_D12_24,12,24,emit,"내뿜다, 방출하다","give off, exhale, release, discharge, send out",v.,Experiences & Memories,경험과 기억 이야기하기,58,Core,3,Turns out that the factory emits harmful fumes.,알고 보니 그 공장이 유해 가스를 방출하고 있더라.,It turned out the factory was releasing toxic fumes.,결국 그 공장이 유독 가스를 배출하고 있었다.,What does the factory emit?,그 공장은 무엇을 방출하나요?,emit fumes,"['emit fumes', 'emit light', 'emit radiation']","['연기를 방출하다', '빛을 방출하다', '방사선을 방출하다']",release,"['release', 'give off', 'discharge']",emit harmful fumes,"내뿜다, 방출하다 = 밖으로 내보내다",,,13,21,TOEFL_30x56_FINAL,TRUE,PASS,95,A,Turns out (that) ...,알고 보니,95,A,,PASS,Turns out (that) ...,,I'm not cut out for /to ...,,I'll see ...,,Create example sentence using pattern,Realization,"내뿜다, 방출하다",Business,8,statement,,,,,,,,VOCAB,,,,,,,,,,,,,,,,,,,,,
TOEFL,T_D12_25,12,25,employ,사용하다,"use, utilize, make use of",v.,Experiences & Memories,경험과 기억 이야기하기,58,Core,3,You of all people should know how to employ this tool.,너야말로 이 도구를 어떻게 사용해야 하는지 알아야지.,"Of everyone, you should understand how to use this tool.",여러 사람 중에서 특히 네가 이 도구를 어떻게 사용하는지 알아야 해.,Do you know how to employ this tool?,이 도구를 어떻게 사용하는지 아나요?,employ a method,"['employ a method', 'employ a tool', 'employ resources']","['방법을 사용하다', '도구를 사용하다', '자원을 활용하다']",use,"['use', 'utilize', 'make use of']",employ this tool,사용하다 = 활용하다,,,29,23,TOEFL_30x56_FINAL,TRUE,PASS,95,A,You of all people ...,너 중에서도 특히 너는,95,A,,PASS,Don't make me ...,,You of all people ...,,Didn't you use to ... ?,,Create example sentence using pattern,Reproach/Emphasis,"사용하다, 활용하다",Technology,11,statement,,,,,,,,VOCAB,,,,,,,,,,,,,,,,,,,,,
TOEFL,T_D12_26,12,26,enact,법을 제정하다,"make into law, establish, pass, adopt",v.,Experiences & Memories,경험과 기억 이야기하기,58,Core,3,I'm into laws that enact better environmental protections.,나는 더 나은 환경 보호를 법으로 제정하는 것에 찬성해.,I support laws that make stronger environmental protections.,나는 더 강력한 환경 보호를 법제화하는 법을 지지해.,What kind of laws are you into?,어떤 종류의 법을 지지하나요?,enact a law,"['enact a law', 'enact legislation', 'enact policies']","['법을 제정하다', '법률을 제정하다', '정책을 시행하다']",pass,"['pass', 'establish', 'adopt']",enact laws,법을 제정하다 = 법을 만들다,,,5,48,TOEFL_30x56_FINAL,TRUE,PASS,95,A,I'm into ...,나는 ~에 관심이 있다,95,A,,PASS,I'm into ...,,Don't make me ...,,I'll see ...,,Create example sentence using pattern,Preference,법을 제정하다,Daily Life,8,statement,,,,,,,,VOCAB,,,,,,,,,,,,,,,,,,,,,
TOEFL,T_D12_27,12,27,engulf,"휩쓸다, 뒤덮어 버리다",swallow,v.,Experiences & Memories,경험과 기억 이야기하기,58,Core,3,What's up with floodwaters engulfing entire low neighborhoods?,저지대 전체 동네를 물이 뒤덮는 게 무슨 일이야?,Why are floodwaters covering whole low neighborhoods?,왜 범람한 물이 저지대 동네 전체를 뒤덮고 있지?,What's up with the floodwaters?,침수되는 물이 도대체 왜 그런가요?,engulf neighborhoods,"['engulf neighborhoods', 'engulf a town', 'engulf in flames']","['동네를 뒤덮다', '마을을 휩쓸다', '불길에 휩싸이다']",swallow,"['swallow', 'overwhelm', 'cover']",engulf entire neighborhoods,"휩쓸다, 뒤덮다 = 모두 삼켜 버리다",,,23,32,TOEFL_30x56_FINAL,TRUE,PASS,95,A,What's up with ...?,무슨 일이야?,95,A,,PASS,I'll see ...,,I'll be sure to ...,,I'll let you know ...,,Create example sentence using pattern,Question,"휩쓸다, 뒤덮다",Family & Friends,8,question,,,,,,,,VOCAB,,,,,,,,,,,,,,,,,,,,,
TOEFL,T_D12_28,12,28,enjoy,경험하다,experience,v.,Experiences & Memories,경험과 기억 이야기하기,58,Core,3,I'll see if I can enjoy that new hiking trail this weekend.,이번 주말에 새 하이킹 코스를 즐길 수 있는지 내가 볼게.,I'll check whether I can enjoy the new hiking trail this weekend.,이번 주말에 그 새 하이킹 코스가 마음에 드는지 확인해 볼게.,Will you enjoy the new hiking trail?,새 하이킹 코스를 즐기실 건가요?,enjoy hiking,"['enjoy hiking', 'enjoy the view', 'enjoy the experience']","['등산을 즐기다', '경치를 즐기다', '경험을 즐기다']",experience,"['experience', 'take pleasure in', 'savor']",enjoy the trail,"경험하다, 즐기다 = 체험을 통해 즐기다",,,8,13,TOEFL_30x56_FINAL,TRUE,PASS,95,A,I'll see ...,내가 확인해 볼게,95,A,,PASS,I'll see ...,,I'll be sure to ...,,I'll let you know ...,,Create example sentence using pattern,Promise/Offer,"경험하다, 즐기다",Daily Life,12,statement,,,,,,,,VOCAB,,,,,,,,,,,,,,,,,,,,,
TOEFL,T_D12_29,12,29,ensure,보장하다,"guarantee, assure, warrant",v.,Experiences & Memories,경험과 기억 이야기하기,58,Core,3,I said I'd ensure the client received the final report by nine tomorrow morning.,나는 고객이 내일 오전 9시까지 최종 보고서를 받도록 하겠다고 말했어.,I promised to guarantee the final report's timely delivery.,나는 최종 보고서의 제때 전달을 보장하겠다고 약속했다.,What did I promise to ensure?,내가 무엇을 보장하겠다고 약속했나요?,ensure delivery,"[""ensure delivery"",""ensure compliance"",""ensure accuracy""]","[""배송을 보장하다"",""규정 준수를 보장하다"",""정확성을 보장하다""]",guarantee,"[""guarantee"",""assure"",""make sure""]",ensure the client received,"ensure = 꼭 하다, 확실히 하다",,,3,36,TOEFL_30x56_FINAL,YES,PASS,96,A,I said I'd ...,내가 ...하겠다고 말했어,95,A,,PASS,I'll see ...,,I'll be sure to ...,,I'll let you know ...,,Select business sense and write a committed statement using chosen pattern.,Commitment,무엇이 확실히 이루어지도록 하다,Business,14,statement,,,,,,,,VOCAB,,,,,,,,,,,,,,,,,,,,,
TOEFL,T_D12_30,12,30,entice,유혹하다,"tempt, allure, seduce",v.,Experiences & Memories,경험과 기억 이야기하기,58,Core,3,"I'll tell you what, that ad will entice new customers.","내가 말하는데, 그 광고가 새로운 고객을 유혹할 거야.","Honestly, that advertisement will attract new customers.",솔직히 그 광고는 새로운 고객들을 끌어들일 거야.,Will the ad entice new customers?,그 광고가 새로운 고객들을 유혹할까요?,entice customers,"['entice customers', 'entice buyers', 'entice with offers']","['고객을 유혹하다', '구매자를 유혹하다', '혜택으로 유혹하다']",tempt,"['tempt', 'allure', 'attract']",entice new customers,유혹하다 = 끌어들이다,,,27,42,TOEFL_30x56_FINAL,TRUE,PASS,95,A,"I'll tell you what, ...",내가 말할게,95,A,,PASS,I'll see ...,,I'll be sure to ...,,I'll let you know ...,,Create example sentence using pattern,Reaction,"유혹하다, 끌어들이다",Shopping & Services,10,statement,,,,,,,,VOCAB,,,,,,,,,,,,,,,,,,,,,
TOEFL,T_D13_01,13,1,erect,"세우다, 건설하다","build, construct, raise, set up",v.,Experiences & Memories,경험과 기억 이야기하기,58,Core,3,I'm in the middle of erecting a new fence.,나는 새 울타리를 세우는 중이다.,currently building a fence,현재 울타리를 짓고 있다.,What does 'erect' mean here?,'erect'는 여기서 무슨 뜻인가요?,erect a building,"[""erect a building"",""erect a monument"",""erect a fence""]","[""건물을 세우다"",""기념비를 세우다"",""울타리를 세우다""]",build,"[""build"",""construct"",""raise"",""set up""]",,집을 보호하려고 울타리를 세우다(erect).,,,19,2,TOEFL_30x56_FINAL,1,DONE,98,A,I'm in the middle of ...,지금 한창 ~하는 중이다,97,A,,PASS,What's up with ...?,,I'm fed up with ...,,I don't feel up to ...,,Create natural example sentence and translations.,,건설하다,Business,9,statement,,,,,,,,VOCAB,,,,,,,,,,,,,,,,,,,,,
TOEFL,T_D13_02,13,2,erode,"침식시키다, 쇠퇴시키다","wear down, wear away, wear out",v.,Experiences & Memories,경험과 기억 이야기하기,58,Core,3,Turns out storms erode the beach every year.,알고 보니 폭풍이 해변을 매년 침식시킨다.,storms gradually wear away beaches,폭풍이 해변을 점차 침식시킨다.,What causes the beach to erode?,무엇이 해변을 침식시키나요?,erode the coastline,"[""erode the coastline"",""erode away"",""gradually erode""]","[""해안선을 침식시키다"",""마모되다"",""점차 침식되다""]",wear away,"[""wear away"",""wear down"",""corrode""]",,파도가 모래를 조금씩 씻어가 침식시킨다.,,,21,42,TOEFL_30x56_FINAL,1,DONE,96,A,Turns out (that) ...,알고 보니 ~였다,95,A,,PASS,Turns out (that) ...,,I'm not cut out for /to ...,,I'll see ...,,Create natural example sentence and translations.,,침식시키다,Travel,8,statement,,,,,,,,VOCAB,,,,,,,,,,,,,,,,,,,,,
TOEFL,T_D13_03,13,3,erupt,폭발하다,"explode, burst, blow up",v.,Experiences & Memories,경험과 기억 이야기하기,58,Core,3,What's up with the volcano erupting so suddenly?,화산이 갑자기 분출하는 게 무슨 일이야?,why did the volcano suddenly erupt,왜 화산이 갑자기 분출했지?,When did the volcano erupt?,화산은 언제 분출했나요?,erupt suddenly,"[""volcano erupt"",""erupt suddenly"",""erupt violently""]","[""화산이 분출하다"",""갑자기 분출하다"",""격렬하게 분출하다""]",spew,"[""explode"",""burst"",""spew""]",,화산은 갑자기 분출할 수 있다 → erupt.,,,6,42,TOEFL_30x56_FINAL,1,DONE,97,A,What's up with ...?,~은 어떻게 된 거야? / 무슨 일이야?,96,A,,PASS,What's up with ...?,,I'm fed up with ...,,I don't feel up to ...,,Create natural example sentence and translations.,,분출하다,Business,8,question,,,,,,,,VOCAB,,,,,,,,,,,,,,,,,,,,,
TOEFL,T_D13_04,13,4,etch,새기다,"cut, carve, engrave",v.,Experiences & Memories,경험과 기억 이야기하기,58,Core,3,I'll see about etching your initials on it.,그것에 당신의 이니셜을 새길지 알아볼게.,I will try to arrange engraving the initials,이니셜을 새기는 것을 알아볼게.,Can you etch initials on the souvenir?,기념품에 이니셜을 새길 수 있나요?,etch on,"[""etch into"",""etch on"",""etch a design""]","[""~에 새기다"",""~에 새기다"",""무늬를 새기다""]",engrave,"[""engrave"",""inscribe"",""carve""]",,기념품에 이름을 새겨 기억에 남긴다.,,,30,57,TOEFL_30x56_FINAL,1,DONE,96,A,I'll see ...,내가 알아볼게,95,A,,PASS,I'm not cut out for /to ...,,I'll see ...,,I'll be sure to ...,,Create natural example sentence and translations.,,새기다 (문자·무늬를 표면에 새기다),Travel,8,question,,,,,,,,VOCAB,,,,,,,,,,,,,,,,,,,,,
TOEFL,T_D13_05,13,5,evoke,불러일으키다,"arouse, cause, draw, produce, induce",v.,Experiences & Memories,경험과 기억 이야기하기,58,Core,3,I'll be sure to evoke nostalgia in the ad.,광고에서 향수를 불러일으키도록 할게.,I will make the ad evoke nostalgia,광고가 향수를 불러일으키게 하겠다.,What should the ad evoke?,광고가 무엇을 불러일으켜야 하나요?,evoke memories,"[""evoke memories"",""evoke emotion"",""evoke nostalgia""]","[""기억을 불러일으키다"",""감정을 불러일으키다"",""향수를 불러일으키다""]",arouse,"[""arouse"",""induce"",""bring to mind""]",,특정 음악이 향수를 불러일으킨다 → evoke.,,,25,4,TOEFL_30x56_FINAL,1,DONE,98,A,I'll be sure to ...,반드시 ~할게요,97,A,,PASS,I'll see ...,,I'll be sure to ...,,I'll let you know ...,,Create natural example sentence and translations.,,불러일으키다 (감정이나 기억을),Business,9,question,,,,,,,,VOCAB,,,,,,,,,,,,,,,,,,,,,
TOEFL,T_D13_06,13,6,evolve,"(서서히) 발전하다, 진화하다","develop, progress",v.,Experiences & Memories,경험과 기억 이야기하기,58,Core,3,I'll let you know if our plan evolves.,계획이 발전하면 알려줄게.,I will inform you when the plan develops,계획이 발전하면 알려주겠다.,How might the project evolve?,그 프로젝트는 어떻게 발전할까요?,evolve over time,"[""evolve over time"",""evolve into"",""evolve gradually""]","[""시간이 지나 발전하다"",""~로 발전하다"",""점차 발전하다""]",develop,"[""develop"",""progress"",""mature""]",,작은 아이디어가 점차 발전해 사업이 된다.,,,29,42,TOEFL_30x56_FINAL,1,DONE,95,A,I'll let you know ...,~을 알려줄게요,95,A,,PASS,I'll see ...,,I'll be sure to ...,,I'll let you know ...,,Create natural example sentence and translations.,,서서히 발전하다,Daily Life,8,question,,,,,,,,VOCAB,,,,,,,,,,,,,,,,,,,,,
TOEFL,T_D13_07,13,7,exceed,"넘다, 초과하다","go beyond, surpass, have a greater number than",v.,Experiences & Memories,경험과 기억 이야기하기,58,Core,3,I have to say this battery exceeds expectations.,솔직히 이 배터리는 기대를 초과한다.,the battery goes beyond expected performance,그 배터리는 예상 성능을 초과한다.,Did the battery exceed expectations?,배터리가 기대를 초과했나요?,exceed expectations,"[""exceed expectations"",""exceed the limit"",""exceed capacity""]","[""기대를 초과하다"",""한계를 넘다"",""용량을 초과하다""]",surpass,"[""surpass"",""outperform"",""go beyond""]",,배터리가 성능 기대를 초과했다.,,,25,39,TOEFL_30x56_FINAL,1,DONE,97,A,I have to say ...,솔직히 말하면 ~,96,A,,PASS,I have to say ...,,would have to Say ...,,It's a shame (that) ...,,Create natural example sentence and translations.,,"초과하다, 능가하다",Technology,8,request_or_suggestion,,,,,,,,VOCAB,,,,,,,,,,,,,,,,,,,,,
TOEFL,T_D13_08,13,8,exempt,면제된,"free, immune, not subject to, excused",adj.,Experiences & Memories,경험과 기억 이야기하기,58,Core,3,I'll be sure to confirm whether we're exempt.,우리가 면제되는지 확인해볼게.,I will check if we are exempt,우리가 면제되는지 확인하겠다.,Are we exempt from the fee?,우리는 수수료에서 면제되나요?,exempt from tax,"[""exempt from tax"",""exempt from fees"",""tax-exempt""]","[""세금 면제"",""수수료 면제"",""비과세""]",immune,"[""immune"",""excused"",""not subject to""]",,학생이면 수업료 면제될 수 있다.,,,17,47,TOEFL_30x56_FINAL,1,DONE,96,A,I'll be sure to ...,반드시 ~할게요,95,A,,PASS,I'm not used to ...ing,,I'm not cut out for /to ...,,I'll be sure to ...,,Create natural example sentence and translations.,,면제되다,Shopping & Services,8,statement,,,,,,,,VOCAB,,,,,,,,,,,,,,,,,,,,,
TOEFL,T_D13_09,13,9,exert,"힘·능력 등을 가하다, 행사하다","apply, exercise, employ, put forth, wield",v.,Experiences & Memories,경험과 기억 이야기하기,58,Core,3,I'll be sure to exert extra effort helping you tomorrow.,내일 널 도우며 추가로 노력을 발휘할게.,I will put in extra effort to help you,네 도움을 위해 추가로 노력을 기울이겠다.,How much effort will you exert?,얼마나 많은 노력을 발휘할 건가요?,exert pressure,"[""exert pressure"",""exert influence"",""exert effort""]","[""압력을 가하다"",""영향력을 행사하다"",""노력을 기울이다""]",apply,"[""apply"",""wield"",""put forth"",""exercise""]",,경주에서 모든 힘을 발휘하다 → exert.,,,14,9,TOEFL_30x56_FINAL,1,DONE,98,A,I'll be sure to ...,반드시 ~할게요,97,A,,PASS,I'll see ...,,I'll be sure to ...,,I'll let you know ...,,Create natural example sentence and translations.,,"행사하다, 발휘하다 (힘·노력 등)",Family & Friends,10,request_or_suggestion,,,,,,,,VOCAB,,,,,,,,,,,,,,,,,,,,,
TOEFL,T_D13_10,13,10,expand,"확대시키다, 팽창하다","enlarge, increase, swell, bloat",v.,Experiences & Memories,경험과 기억 이야기하기,58,Core,3,I'll see if we can expand the storage space.,저장 공간을 확장할 수 있는지 알아볼게.,I'll check whether we can increase storage space,저장 공간을 늘릴 수 있는지 확인하겠다.,Can we expand the storage capacity?,저장 용량을 늘릴 수 있나요?,expand capacity,"[""expand capacity"",""expand storage"",""expand business""]","[""용량을 확장하다"",""저장을 확장하다"",""사업을 확장하다""]",enlarge,"[""enlarge"",""increase"",""swell""]",,서랍을 확장해 물건을 더 넣는다.,,,20,21,TOEFL_30x56_FINAL,1,DONE,97,A,I'll see ...,내가 알아볼게,96,A,,PASS,I'll see ...,,I'll be sure to ...,,I'll let you know ...,,Create natural example sentence and translations.,,"확대시키다, 넓히다",Daily Life,9,request_or_suggestion,,,,,,,,VOCAB,,,,,,,,,,,,,,,,,,,,,
TOEFL,T_D13_11,13,11,expend,"쓰다, 소비하다","use, use up, spend, consume",v.,Experiences & Memories,경험과 기억 이야기하기,58,Core,3,I'm fed up with how quickly we expend funds.,우리가 예산을 이렇게 빨리 소비하는 게 지긋지긋하다.,I'm tired of spending our budget so quickly,예산을 이렇게 금방 쓰는 게 지겹다.,Why do we expend funds so fast?,왜 우리는 자금을 그렇게 빨리 소비하나요?,expend resources,"[""expend energy"",""expend resources"",""expend funds""]","[""에너지를 소비하다"",""자원을 사용하다"",""자금을 지출하다""]",spend,"[""spend"",""use up"",""consume""]",,연료를 소비하면 차가 멈춘다 → expend.,,,11,25,TOEFL_30x56_FINAL,1,DONE,95,A,I'm fed up with ...,~에 진절머리가 난다,95,A,,PASS,What's up with ...?,,I'm fed up with ...,,Didn't you use to ... ?,,Create natural example sentence and translations.,,"소비하다, 쓰다",Business,9,request_or_suggestion,,,,,,,,VOCAB,,,,,,,,,,,,,,,,,,,,,
TOEFL,T_D13_12,13,12,perplexed,당혹스러운,"puzzled, bewildered",adj.,Experiences & Memories,경험과 기억 이야기하기,53,Bridge,3,I'll let you know if I'm still perplexed later.,나중에 여전히 당혹스러우면 알려줄게.,I will inform you later if I'm still puzzled,나중에 여전히 혼란스럽다면 알려주겠다.,Why are you perplexed about the itinerary?,왜 여행 일정이 혼란스러우신가요?,perplexed by,"[""perplexed by"",""seem perplexed"",""look perplexed""]","[""~로 당혹스러운"",""혼란스러워 보이다"",""난처해 보이다""]",puzzled,"[""puzzled"",""bewildered"",""confused""]",,지도에서 길을 못 찾아 당혹스러웠다.,,,29,33,TOEFL_30x56_FINAL,1,DONE,96,A,I'll let you know ...,~을 알려줄게요,95,A,,PASS,I'll see ...,,I'll be sure to ...,,I'll let you know ...,,Create natural example sentence and translations.,,"당혹스러운, 어찌할 바 모르는",Travel,9,conditional,,,,,,,,VOCAB,,,,,,,,,,,,,,,,,,,,,
TOEFL,T_D13_13,13,13,persevere,끈질기게 계속하다,"continue, carry on, persist",v.,Experiences & Memories,경험과 기억 이야기하기,53,Bridge,3,It's not that I can't persevere through difficult projects.,어려운 프로젝트를 포기하지 못하는 것은 아니다.,I am capable of persisting despite challenges.,나는 어려움에도 불구하고 지속할 수 있다.,Do you think I give up easily?,내가 쉽게 포기한다고 생각해?,persevere through,"[""persevere through"",""persevere in"",""persevere despite""]","[""~을 통해 꾸준히 하다"",""~에 있어 끈기 있게 하다"",""~에도 불구하고 버티다""]",persist,"[""persist"",""continue"",""endure""]",persevere through,"끝까지 버티다, 포기하지 않다",mountain,calm,11,51,TOEFL_30x56_FINAL,1,PASS,95,A,It's not that ...,그렇다고 ...는 아니다,95,A,,PASS,I'll see ...,,I'll be sure to ...,,I'll let you know ...,,create example and translation,contrast,어려움 속에서도 포기하지 않고 계속하다,Daily Life,9,contrast,,,,,,,,VOCAB,,,,,,,,,,,,,,,,,,,,,
TOEFL,T_D13_14,13,14,pertinent,관련된,"relevant, related, germane",adj.,Experiences & Memories,경험과 기억 이야기하기,53,Bridge,3,I'll see whether this document is pertinent to the case.,이 문서가 그 사건과 관련된지 알아볼게.,I'll check if this document is relevant to the case,이 문서가 사건에 관련있는지 확인하겠다.,Is this information pertinent to our report?,이 정보가 우리 보고서와 관련 있나요?,pertinent to,"[""pertinent to"",""relevant and pertinent"",""highly pertinent""]","[""~에 관련된"",""관련 있고 적절한"",""매우 관련된""]",relevant,"[""relevant"",""related"",""germane""]",,핵심 정보는 항상 관련성이 있다 → pertinent.,,,20,16,TOEFL_30x56_FINAL,1,DONE,96,A,I'll see ...,내가 알아볼게,95,A,,PASS,I'll see ...,,I'll be sure to ...,,I'll let you know ...,,Create natural example sentence and translations.,,"관련된, 적절한",Business,10,conditional,,,,,,,,VOCAB,,,,,,,,,,,,,,,,,,,,,
TOEFL,T_D13_15,13,15,pervasive,"퍼지는, 만연하는","widespread, prevalent",adj.,Experiences & Memories,경험과 기억 이야기하기,53,Bridge,3,I'll let you know if the issue becomes pervasive.,그 문제가 널리 퍼지면 알려줄게.,I will inform you if the problem becomes widespread,문제가 널리 퍼지면 알려주겠다.,When does a problem become pervasive?,문제가 언제 널리 퍼진다고 할 수 있나요?,pervasive problem,"[""pervasive problem"",""pervasive influence"",""pervasive effect""]","[""만연한 문제"",""광범위한 영향"",""널리 퍼진 효과""]",widespread,"[""widespread"",""prevalent"",""common""]",,휴대폰 사용이 사회에 널리 퍼져 있다.,,,1,24,TOEFL_30x56_FINAL,1,DONE,95,A,I'll let you know ...,~을 알려줄게요,95,A,,PASS,I'll see ...,,I'll be sure to ...,,I'll let you know ...,,Create natural example sentence and translations.,,"퍼지는, 널리 퍼진",Family & Friends,9,conditional,,,,,,,,VOCAB,,,,,,,,,,,,,,,,,,,,,
TOEFL,T_D13_16,13,16,plausible,그럴듯한,"possible, believable, likely, probable",adj.,Experiences & Memories,경험과 기억 이야기하기,53,Bridge,3,I'll see if that explanation sounds plausible to them.,그 설명이 그들에게 그럴듯하게 들리는지 알아볼게.,I will check whether that explanation seems believable,그 설명이 그들에게 믿을 만한지 확인하겠다.,Does that reason sound plausible?,그 이유가 그럴듯하게 들리나요?,plausible explanation,"[""seem plausible"",""plausible explanation"",""plausible theory""]","[""그럴듯해 보이다"",""그럴듯한 설명"",""그럴듯한 이론""]",believable,"[""believable"",""credible"",""likely""]",,증거가 있으면 설명은 더 그럴듯해진다.,,,11,1,TOEFL_30x56_FINAL,1,DONE,96,A,I'll see ...,내가 알아볼게,95,A,,PASS,I'll see ...,,I'll be sure to ...,,I'll let you know ...,,Create natural example sentence and translations.,,"그럴듯한, 믿을 만한",Travel,9,reason_or_result,,,,,,,,VOCAB,,,,,,,,,,,,,,,,,,,,,
TOEFL,T_D13_17,13,17,plentiful,풍부한,"abundant, bountiful, rich",adj.,Experiences & Memories,경험과 기억 이야기하기,53,Bridge,3,You can never tell when study materials will be plentiful again.,학습 자료가 언제 다시 풍부해질지 아무도 모른다.,It's impossible to predict when resources will be abundant.,자원이 언제 풍부해질지 예측할 수 없다.,Will study materials be plentiful soon?,학습 자료가 곧 풍부해질까?,plentiful resources,"[""plentiful supplies"",""plentiful resources"",""plentiful harvest""]","[""풍부한 물자"",""풍부한 자원"",""풍성한 수확""]",abundant,"[""abundant"",""bountiful"",""ample""]",plentiful resources,plenty(많음)+ful → 충분히 많은,books,library,10,37,TOEFL_30x56_FINAL,1,PASS,95,A,You can never tell ...,절대 알 수 없다,95,A,,PASS,I'll see ...,,I'll be sure to ...,,I'll let you know ...,,create example and translation,uncertainty,충분히 많아 부족함이 없는,School & Learning,11,statement,,,,,,,,VOCAB,,,,,,,,,,,,,,,,,,,,,
TOEFL,T_D13_18,13,18,pragmatic,실용적인,"practical, utilitarian",adj.,Experiences & Memories,경험과 기억 이야기하기,53,Bridge,3,"I'll tell you what, being pragmatic helped our budget this month.","내가 말인데, 실용적인 태도가 이번 달 예산에 도움이 됐어.",A practical approach benefited our finances this month.,실용적인 접근이 이번 달 재정에 도움이 되었다.,Do you prefer pragmatic solutions?,실용적인 해결책을 선호하니?,pragmatic approach,"[""pragmatic approach"",""pragmatic solution"",""pragmatic decision""]","[""실용적인 접근"",""실용적인 해결책"",""실용적인 결정""]",practical,"[""practical"",""utilitarian"",""realistic""]",be pragmatic,"pragmatic = practical, 실용적인",gear,minimal,14,20,TOEFL_30x56_FINAL,1,PASS,95,A,"I'll tell you what, ...","내가 말인데,",95,A,,PASS,I'll see ...,,I'll be sure to ...,,I'll let you know ...,,create example and translation,informal remark,실용적이고 현실적인,Daily Life,11,statement,,,,,,,,VOCAB,,,,,,,,,,,,,,,,,,,,,
TOEFL,T_D13_19,13,19,precisely,정확하게,"exactly, accurately, correctly, with precision",adv.,Experiences & Memories,경험과 기억 이야기하기,53,Bridge,3,"That's exactly what I meant, precisely.",그것이 내가 정확히 의미한 것이다.,that is exactly what I meant with precision,그것이 내가 정확히 의미한 바다.,Do you mean that precisely?,정확히 그렇게 뜻하나요?,precisely defined,"[""precisely defined"",""precisely correct"",""measure precisely""]","[""정밀하게 정의된"",""정확히 옳은"",""정밀하게 측정하다""]",exactly,"[""exactly"",""accurately"",""correctly""]",,측정할 때는 수치를 정확하게(precisely) 적는다.,,,19,4,TOEFL_30x56_FINAL,1,DONE,98,A,That's exactly what ...,바로 그게 ~이다,97,A,,PASS,What's up with ...?,,That's exactly what ...,,... is obsessed with ...,,Create natural example sentence and translations.,,정확하게,Business,6,reason_or_result,,,,,,,,VOCAB,,,,,,,,,,,,,,,,,,,,,
TOEFL,T_D13_20,13,20,prevalent,"일반적인, 널리 퍼진","common, general, widespread",adj.,Experiences & Memories,경험과 기억 이야기하기,53,Bridge,3,I guess that coupon use is prevalent among shoppers.,내 생각에 쿠폰 사용은 쇼핑객들 사이에서 널리 퍼져 있다.,Coupon usage is widespread among people who shop.,쿠폰 사용은 쇼핑객들 사이에 널리 퍼져 있다.,Is coupon use prevalent these days?,요즘 쿠폰 사용이 널리 퍼져 있나요?,prevalent among,"[""prevalent among"",""prevalent disease"",""prevalent practice""]","[""~사이에서 널리 퍼진"",""유행병"",""널리 행해지는 관행""]",widespread,"[""widespread"",""common"",""rampant""]",prevalent among,"prevalent = 널리 퍼진, 흔한",shopping-cart,store,17,14,TOEFL_30x56_FINAL,1,PASS,95,A,I guess (that) ...,내 생각에는,95,A,,PASS,I'll see ...,,I'll be sure to ...,,I'll let you know ...,,create example and translation,opinion,널리 퍼져 일반적인 상태이다,Shopping & Services,9,opinion,,,,,,,,VOCAB,,,,,,,,,,,,,,,,,,,,,
TOEFL,T_D13_21,13,21,principal,주요한,"most important, major, main, prime",adj.,Experiences & Memories,경험과 기억 이야기하기,53,Bridge,3,"What matters most is the principal goal, not details.",가장 중요한 것은 세부사항이 아니라 주요 목표다.,"the most important thing is the main goal, not details",가장 중요한 것은 세부가 아니라 주된 목표다.,What is the principal concern here?,여기서 주요 관심사는 무엇인가요?,principal reason,"[""principal reason"",""principal goal"",""principal investigator""]","[""주요 이유"",""주요 목표"",""책임자""]",main,"[""main"",""primary"",""chief""]",,취미에서는 재미가 가장 주요하다.,,,30,2,TOEFL_30x56_FINAL,1,DONE,97,A,What matters (the) most is ...,가장 중요한 것은 ~이다,96,A,,PASS,What matters (the) most is ...,,I'll see ...,,I'll be sure to ...,,Create natural example sentence and translations.,,"주요한, 가장 중요한",Hobbies,9,contrast_or_concession,,,,,,,,VOCAB,,,,,,,,,,,,,,,,,,,,,
TOEFL,T_D13_22,13,22,prolonged,오래 계속되는,"lengthy, extended, protracted",adj.,Experiences & Memories,경험과 기억 이야기하기,53,Bridge,3,I'm in the middle of a prolonged renovation at home.,집에서 긴 공사를 진행 중이다.,I'm currently undergoing a lengthy renovation at home,나는 집에서 장기간의 수리를 진행 중이다.,How long will this prolonged renovation last?,이 장기 공사는 얼마나 지속되나요?,prolonged period,"[""prolonged period"",""prolonged exposure"",""prolonged stress""]","[""장기간"",""장기간 노출"",""장기간 스트레스""]",lengthy,"[""lengthy"",""extended"",""protracted""]",,장기간의 비가 계속되어 일이 지연된다.,,,17,1,TOEFL_30x56_FINAL,1,DONE,96,A,I'm in the middle of ...,지금 한창 ~하는 중이다,95,A,,PASS,I'll see ...,,I'll be sure to ...,,I'll let you know ...,,Create natural example sentence and translations.,,오래 계속되는,Daily Life,10,contrast_or_concession,,,,,,,,VOCAB,,,,,,,,,,,,,,,,,,,,,
TOEFL,T_D13_23,13,23,promising,유망한,"likely, hopeful",adj.,Experiences & Memories,경험과 기억 이야기하기,53,Bridge,3,"I'll tell you what, her recovery looks promising so far.","솔직히 말하면, 그녀의 회복은 지금까지 유망해 보여.",Her recovery appears hopeful at this point.,현재 그녀의 회복은 희망적으로 보인다.,Does her recovery seem promising?,그녀의 회복이 유망해 보이나요?,promising sign,"[""promising sign"",""promising start"",""promising candidate""]","[""유망한 징후"",""유망한 시작"",""유망한 후보""]",hopeful,"[""hopeful"",""encouraging"",""prospective""]",look promising,"promising = 전망이 밝은, 유망한",heart,clinic,28,56,TOEFL_30x56_FINAL,1,PASS,95,A,"I'll tell you what, ...","내가 말인데,",95,A,,PASS,I'll see ...,,I'll be sure to ...,,I'll let you know ...,,create example and translation,informal remark,"앞으로 잘 될 가능성이 있는, 희망적인",Health,10,short_narrative,,,,,,,,VOCAB,,,,,,,,,,,,,,,,,,,,,
TOEFL,T_D13_24,13,24,propagate,"번식하다, 증식시키다","multiply, reproduce",v.,Experiences & Memories,경험과 기억 이야기하기,53,Bridge,3,I said I'd propagate the brand through social media today.,"내가 말했잖아, 오늘 소셜 미디어로 브랜드를 확산시키겠다고.",I promised to promote and spread the brand online today.,오늘 브랜드를 온라인으로 홍보하고 확산시키겠다고 약속했다.,Will you propagate the brand today as promised?,약속대로 오늘 브랜드를 확산시킬 건가요?,propagate ideas,"[""propagate ideas"",""propagate plants"",""propagate rumors""]","[""생각을 전파하다"",""식물을 번식시키다"",""소문을 퍼뜨리다""]",spread,"[""spread"",""disseminate"",""promote""]",propagate the brand,"propagate = 퍼뜨리다, 번식시키다",megaphone,marketing,3,35,TOEFL_30x56_FINAL,1,PASS,95,A,I said I'd ...,내가 ...하겠다고 말했잖아,95,A,,PASS,I'll see ...,,I'll be sure to ...,,I'll let you know ...,,create example and translation,past commitment,"널리 퍼뜨리다, 확산시키다",Business,10,short_narrative,,,,,,,,VOCAB,,,,,,,,,,,,,,,,,,,,,
TOEFL,T_D13_25,13,25,purposely,고의로,"intentionally, deliberately, knowingly",adv.,Experiences & Memories,경험과 기억 이야기하기,53,Bridge,3,Why can't you admit you did it purposely?,왜 일부러 그걸 했다고 인정하지 못해?,Why won't you admit that you did it on purpose?,왜 일부러 그랬다고 인정하지 않는 거야?,Did you do it purposely?,그걸 일부러 한 거야?,do deliberately,"[""do deliberately"",""on purpose"",""deliberately avoid""]","[""고의로 하다"",""일부러"",""의도적으로 피하다""]",intentionally,"[""intentionally"",""deliberately"",""on purpose""]",do it purposely,"purposely = 의도적으로, 일부러",exclamation,warning,16,49,TOEFL_30x56_FINAL,1,PASS,95,A,Why can't you ... ?,왜 ... 못해?,95,A,,PASS,I'll see ...,,I'll be sure to ...,,I'll let you know ...,,create example and translation,challenge/question,"고의로, 의도적으로",Technology,8,question,,,,,,,,VOCAB,,,,,,,,,,,,,,,,,,,,,
TOEFL,T_D13_26,13,26,question,~에 대해 의문을 제기하다,"take a critical look at, dispute",v.,Experiences & Memories,경험과 기억 이야기하기,53,Bridge,3,It's a shame that no one questions those assumptions.,아무도 그 가정들에 의문을 제기하지 않는 것이 유감이다.,I regret that people seldom challenge those assumptions,사람들이 그 가정들을 거의 의심하지 않는 것이 안타깝다.,Who should question the assumptions?,누가 그 가정에 의문을 제기해야 하나요?,question authority,"[""question authority"",""question the validity"",""question the decision""]","[""권위에 의문을 제기하다"",""유효성을 의심하다"",""결정을 문제 삼다""]",challenge,"[""challenge"",""doubt"",""contest""]",,증거를 보면 가정을 의심하게 된다.,,,10,29,TOEFL_30x56_FINAL,1,DONE,96,A,It's a shame (that) ...,~라니 안타깝다,95,A,,PASS,You could at least ...,,It's a shame (that) ...,,I'm a big fan of ...,,Create natural example sentence and translations.,,"의문을 제기하다, 문제 삼다",Family & Friends,9,comparison,,,,,,,,VOCAB,,,,,,,,,,,,,,,,,,,,,
TOEFL,T_D13_27,13,27,prominently,눈에 띄게,"very noticeably, conspicuously, notably",adv.,Experiences & Memories,경험과 기억 이야기하기,47,Advanced,2,What's worse is that signs were prominently blocking scenic views.,더 나쁜 것은 표지판들이 경치 전망을 눈에 띄게 가로막고 있다는 것이다.,"Even worse, signs were noticeably obstructing the view.",더 나쁜 것은 표지판들이 눈에 띄게 경치를 가리고 있었다.,Did those signs prominently block the view?,그 표지판들이 경치를 눈에 띄게 가렸나?,prominently displayed,"[""prominently displayed"",""prominently visible"",""prominently featured""]","[""눈에 띄게 전시된"",""눈에 띄게 보이는"",""두드러지게 등장한""]",noticeably,"[""noticeably"",""conspicuously"",""clearly""]",prominently blocking,prominently = 눈에 띄게,camera,landscape,15,18,TOEFL_30x56_FINAL,1,PASS,95,A,What's worse is (that) ...,더 나쁜 것은 ...,95,A,,PASS,I'll see ...,,I'll be sure to ...,,I'll let you know ...,,create example and translation,contrast,"눈에 띄게, 매우 두드러지게",Travel,10,comparison,,,,,,,,VOCAB,,,,,,,,,,,,,,,,,,,,,
TOEFL,T_D13_28,13,28,regrettably,유감스럽게도,"unfortunately, lamentably, sadly",adv.,Experiences & Memories,경험과 기억 이야기하기,47,Advanced,2,"Regrettably, that's exactly what I feared all along.","유감스럽게도, 그건 내가 줄곧 두려워하던 일이었다.","Unfortunately, exactly that feared outcome occurred.",불행히도 바로 그 두려운 결과가 발생했다.,Is that exactly what you regrettably feared?,그게 바로 당신이 유감스럽게 여겼던 건가요?,"regrettably, unfortunately","[""regrettably"",""unfortunately"",""sadly""]","[""유감스럽게도"",""불행히도"",""안타깝게도""]",unfortunately,"[""unfortunately"",""sadly"",""lamentably""]","regrettably, that's",regrettably = 유감스럽게도,sad-face,grey,21,31,TOEFL_30x56_FINAL,1,PASS,95,A,That's exactly what ...,바로 그게 ...,95,A,,PASS,I'll see ...,,I'll be sure to ...,,I'll let you know ...,,create example and translation,confirmation,"유감스럽게도, 안타깝게도",Daily Life,8,statement,,,,,,,,VOCAB,,,,,,,,,,,,,,,,,,,,,
TOEFL,T_D13_29,13,29,sequentially,"연속적으로, 순차적으로","consecutively, successively",adv.,Experiences & Memories,경험과 기억 이야기하기,47,Advanced,2,I don't know how tasks ever get done sequentially here.,여기서 일들이 어떻게 순차적으로 처리되는지 모르겠어.,I can't see how work proceeds in sequence at this place.,이곳에서 일이 순서대로 어떻게 진행되는지 알 수 없다.,Do tasks need to be completed sequentially?,작업을 순차적으로 완료해야 하나요?,completed sequentially,"[""completed sequentially"",""arranged sequentially"",""process sequentially""]","[""순차적으로 완료된"",""순차적으로 배열된"",""순차적으로 처리하다""]",consecutively,"[""consecutively"",""successively"",""in order""]",done sequentially,sequentially = 순차적으로,flowchart,office,22,17,TOEFL_30x56_FINAL,1,PASS,95,A,I don't know how ...,어떻게 ...하는지 모르겠다,95,A,,PASS,I'll see ...,,I'll be sure to ...,,I'll let you know ...,,create example and translation,uncertainty,"연속적으로, 순차적으로",Business,10,statement,,,,,,,,VOCAB,,,,,,,,,,,,,,,,,,,,,
TOEFL,T_D13_30,13,30,simultaneous,동시의,"concurrent, happening at the same time, synchronous",adj.,Experiences & Memories,경험과 기억 이야기하기,47,Advanced,2,"Every time those alarms are simultaneous, confusion follows.",경보음들이 동시에 울릴 때마다 혼란이 따른다.,"whenever alarms occur at the same time, confusion results",알람이 동시에 울릴 때마다 혼란이 생긴다.,Why are the alerts simultaneous?,왜 경고음들이 동시에 울리나요?,simultaneous events,"[""simultaneous events"",""simultaneous translation"",""simultaneous occurrence""]","[""동시 발생 사건"",""동시 통역"",""동시 발생""]",concurrent,"[""concurrent"",""contemporaneous"",""synchronous""]",,두 일이 동시에 일어나면 처리하기 어렵다.,,,3,1,TOEFL_30x56_FINAL,1,DONE,96,A,Every time (that) ...,~할 때마다,95,A,,PASS,Every time (that) ...,,... to say the least,,like the way you ...,,Create natural example sentence and translations.,,동시에 일어나는,School & Learning,8,statement,,,,,,,,VOCAB,,,,,,,,,,,,,,,,,,,,,
TOEFL,T_D14_01,14,1,specifically,특별히,"specially, especially, particularly",adv.,Experiences & Memories,경험과 기억 이야기하기,47,Advanced,2,I'll let you know specifically when it's ready.,언제가 준비되는지 구체적으로 알려줄게.,I'll tell you the exact time it's ready.,언제가 정확히 준비되는지 알려주겠다는 뜻이에요.,Will you tell me the exact time?,정확한 시간을 알려줄래?,"specifically about, specifically when, specifically for","[""specifically about"",""specifically when"",""specifically for""]","[""특히 ~에 대해서"",""정확히 언제"",""특별히 ~을 위해""]",exact,"[""particularly"",""especially"",""exactly""]",let you know specifically,구체적으로 알려준다 → specifically,,,27,33,TOEFL_30x56_FINAL,yes,PASS,96,A,I'll let you know ...,알려줄게,96,A,,PASS,I'll see ...,,I'll be sure to ...,,I'll let you know ...,,Write one short sentence using the target word within the pattern.,assurance,"특별히, 구체적으로",Health,8,statement,,,,,,,,VOCAB,,,,,,,,,,,,,,,,,,,,,
TOEFL,T_D14_02,14,2,spectacular,"장관인, 눈부신","magnificent, splendid, impressive",adj.,Experiences & Memories,경험과 기억 이야기하기,47,Advanced,2,"Every time I visit, the view is spectacular.",내가 방문할 때마다 그 전망은 장관이다.,The view is breathtaking on every visit.,매번 방문할 때 그 전망은 숨이 막힐 정도로 아름답다.,What makes the view spectacular?,무엇이 그 전망을 장관으로 만드는가?,spectacular view,"[""spectacular view""]","[""""]",impressive,"[""impressive"",""magnificent"",""breathtaking""]",,"spectacular = 장관, 눈부신 광경",,,18,27,TOEFL_30x56_FINAL,1,PASS,98,A,Every time (that) ...,매번 ...할 때,98,A,,PASS,I'll see ...,,I'll be sure to ...,,I'll let you know ...,,Generate example sentence using chosen pattern,Time clause,"장관인, 매우 인상적인",Daily Life,8,time_clause,,,,,,,,VOCAB,,,,,,,,,,,,,,,,,,,,,
TOEFL,T_D14_03,14,3,expose,"드러내다, 노출시키다","make visible, exhibit, uncover, subject",v.,Plans & Possibilities,계획과 가능성 말하기,58,Core,3,Don't make me expose their unethical practices.,그들의 비윤리적 관행을 폭로하게 만들지 마.,Stop forcing me to reveal their unethical behavior.,그들의 비윤리적 행동을 드러내게 하지 말라는 뜻입니다.,What would you expose?,뭘 폭로하겠다는 거야?,"expose corruption, expose evidence, expose truth","[""expose corruption"",""expose evidence"",""expose the truth""]","[""부패를 폭로하다"",""증거를 드러내다"",""진실을 밝히다""]",reveal,"[""reveal"",""uncover"",""unmask""]",expose practices,드러내다 → expose,,,23,39,TOEFL_30x56_FINAL,yes,PASS,97,A,Don't make me ...,나를 ...하게 만들지 마,97,A,,PASS,Don't make me ...,,I'll see ...,,I'll be sure to ...,,Use the pattern to make a natural warning sentence with the target verb.,warning,"드러내다, 폭로하다",Business,7,command,,,,,,,,VOCAB,,,,,,,,,,,,,,,,,,,,,
TOEFL,T_D14_04,14,4,exude,내뿜다,"give off, release, emit",v.,Plans & Possibilities,계획과 가능성 말하기,58,Core,3,I'll see if she can exude calm onstage.,그녀가 무대에서 침착함을 내뿜을 수 있는지 볼게.,I'll check whether she gives off a calm presence onstage.,무대에서 차분한 분위기를 풍기는지 확인하겠다는 의미입니다.,Can she exude calm?,그녀가 침착함을 내뿜을 수 있나?,"exude confidence, exude calm, exude charisma","[""exude confidence"",""exude calm"",""exude charisma""]","[""자신감을 내뿜다"",""침착함을 풍기다"",""카리스마를 발산하다""]",give off,"[""give off"",""emit"",""radiate""]",exude calm,내뿜다 → exude,,,7,27,TOEFL_30x56_FINAL,yes,PASS,95,A,I'll see ...,내가 확인해볼게,95,A,,PASS,I'll see ...,,I'll be sure to ...,,I'll let you know ...,,Create a short sentence using the pattern and target verb naturally.,assurance,"내뿜다, 발산하다",Hobbies,8,question,,,,,,,,VOCAB,,,,,,,,,,,,,,,,,,,,,
TOEFL,T_D14_05,14,5,favor,더 좋아하다,"prefer, lean toward",v.,Plans & Possibilities,계획과 가능성 말하기,58,Core,3,How do you like to favor local shops?,지역 가게들을 선호하려면 어떻게 하길 좋아해?,In what ways do you prefer supporting local shops?,지역 가게들을 선호하는 방식이 무엇인지 묻는 표현입니다.,Do you often favor local shops?,지역 가게들을 자주 선호하니?,"favor local, favor one option, favor the idea","[""favor local"",""favor one option"",""favor the idea""]","[""지역을 선호하다"",""한 옵션을 더 선호하다"",""그 아이디어를 더 좋아하다""]",prefer,"[""prefer"",""lean toward"",""favor""]",favor local shops,더 좋아하다 → favor,,,13,36,TOEFL_30x56_FINAL,yes,PASS,95,A,How do you like ... ?,어떻게 ~하는 걸 좋아해?,95,A,,PASS,I'll see ...,,I'll be sure to ...,,I'll let you know ...,,Form a natural question using the pattern with the target verb.,question,"더 좋아하다, 선호하다",Daily Life,8,question,,,,,,,,VOCAB,,,,,,,,,,,,,,,,,,,,,
TOEFL,T_D14_06,14,6,firmly,단단히,"securely, fixedly",adv.,Plans & Possibilities,계획과 가능성 말하기,58,Core,3,I'll be sure to press it firmly closed.,꼭 단단히 눌러 닫을게.,I'll make certain to close it so it's firmly shut.,단단히 닫히도록 확실히 하겠다는 뜻입니다.,Will you close it firmly?,그거 단단히 닫아줄래?,"firmly closed, hold firmly, press firmly","[""firmly closed"",""hold firmly"",""press firmly""]","[""단단히 닫힌"",""단단히 잡다"",""단단히 누르다""]",securely,"[""securely"",""tightly"",""firmly""]",press firmly closed,단단히 → firmly,,,24,24,TOEFL_30x56_FINAL,yes,PASS,96,A,I'll be sure to ...,꼭 ~할게,96,A,,PASS,I'll see ...,,I'll be sure to ...,,I'll let you know ...,,Produce a short assurance sentence using the pattern with the adverb.,assurance,"단단히, 확고하게",Health,8,statement,,,,,,,,VOCAB,,,,,,,,,,,,,,,,,,,,,
TOEFL,T_D14_07,14,7,flag,"쇠퇴하다, 줄다","lessen, weaken, fade, wither",v.,Plans & Possibilities,계획과 가능성 말하기,58,Core,3,I'll let you know if sales flag.,매출이 떨어지면 알려줄게.,I'll inform you when sales begin to decline.,매출이 줄기 시작하면 알려주겠다는 뜻입니다.,When might sales flag?,언제 매출이 떨어질까?,"sales flag, interest flag, flag behind","[""sales flag"",""interest flag"",""flag behind""]","[""매출이 떨어지다"",""관심이 줄다"",""뒤처지다""]",decline,"[""lessen"",""weaken"",""decline"",""flag""]",sales flag,쇠퇴하다 → flag,,,21,25,TOEFL_30x56_FINAL,yes,PASS,95,A,I'll let you know ...,알려줄게,95,A,,PASS,I'll see ...,,I'll be sure to ...,,I'll let you know ...,,Make a short notification sentence with the verb.,assurance,"쇠퇴하다, 줄다",Shopping & Services,7,statement,,,,,,,,VOCAB,,,,,,,,,,,,,,,,,,,,,
TOEFL,T_D14_08,14,8,flawed,결함이 있는,"incorrect, defective, imperfect",adj.,Plans & Possibilities,계획과 가능성 말하기,58,Core,3,I'll see whether the design is flawed.,그 디자인에 결함이 있는지 확인해볼게.,I'll check if the design has any defects.,디자인에 결함이 있는지 점검하겠다는 의미입니다.,Is the design flawed?,디자인에 결함이 있나요?,"flawed design, flawed argument, flawed system","[""flawed design"",""flawed argument"",""flawed system""]","[""결함 있는 디자인"",""흠있는 주장"",""결함 있는 시스템""]",defective,"[""defective"",""imperfect"",""flawed""]",design is flawed,결함이 있는 → flawed,,,21,28,TOEFL_30x56_FINAL,yes,PASS,96,A,I'll see ...,내가 확인해볼게,96,A,,PASS,I'll see ...,,I'll be sure to ...,,I'll let you know ...,,Write a short verification sentence using the pattern.,assurance,"결함이 있는, 불완전한",Travel,7,question,,,,,,,,VOCAB,,,,,,,,,,,,,,,,,,,,,
TOEFL,T_D14_09,14,9,flee,도망치다,"run away from, escape, abscond",v.,Plans & Possibilities,계획과 가능성 말하기,58,Core,3,I'll see whether they try to flee the scene.,그들이 현장에서 도주하려 하는지 알아볼게.,I'll check if they plan to run away from the scene.,그들이 장소에서 도망가려 하는지 확인하겠다는 뜻입니다.,Do you think they'll flee?,그들이 도망칠 것 같아?,"flee the scene, flee the country, flee danger","[""flee the scene"",""flee the country"",""flee danger""]","[""현장에서 도망치다"",""국가를 떠나다"",""위험을 피하다""]",run away,"[""run away"",""escape"",""abscond"",""flee""]",flee the scene,도망치다 → flee,,,7,54,TOEFL_30x56_FINAL,yes,PASS,95,A,I'll see ...,내가 확인해볼게,95,A,,PASS,I'll see ...,,I'll be sure to ...,,I'll let you know ...,,Make a short sentence checking for escape using the pattern.,assurance,"도망치다, 탈주하다",Family & Friends,9,question,,,,,,,,VOCAB,,,,,,,,,,,,,,,,,,,,,
TOEFL,T_D14_10,14,10,foster,조장하다,"encourage, promote",v.,Plans & Possibilities,계획과 가능성 말하기,58,Core,3,I'll let you know if we can foster collaboration.,협력을 조성할 수 있는지 알려줄게.,I'll inform you whether we can encourage collaboration.,협력을 장려할 수 있는지 알려주겠다는 뜻입니다.,Can we foster collaboration?,협력을 촉진할 수 있을까?,"foster collaboration, foster growth, foster relationships","[""foster collaboration"",""foster growth"",""foster relationships""]","[""협력을 촉진하다"",""성장을 촉진하다"",""관계를 키우다""]",encourage,"[""encourage"",""promote"",""foster""]",foster collaboration,조장하다 → foster,,,29,4,TOEFL_30x56_FINAL,yes,PASS,96,A,I'll let you know ...,알려줄게,96,A,,PASS,I'll see ...,,I'll be sure to ...,,I'll let you know ...,,Create a short assurance sentence about fostering something.,assurance,"조장하다, 촉진하다",Business,9,statement,,,,,,,,VOCAB,,,,,,,,,,,,,,,,,,,,,
TOEFL,T_D14_11,14,11,foul,더럽히다,"pollute, contaminate",v.,Plans & Possibilities,계획과 가능성 말하기,58,Core,3,I'll see if that factory tends to foul the river.,그 공장이 강을 오염시키는지 확인해볼게.,I'll check whether the factory pollutes the river.,그 공장이 강을 오염시키는지 확인하겠다는 의미입니다.,Does the factory foul the river?,그 공장이 강을 오염시키나요?,"foul the water, foul the river, foul environment","[""foul the water"",""foul the river"",""foul the environment""]","[""물을 오염시키다"",""강을 오염시키다"",""환경을 오염시키다""]",pollute,"[""pollute"",""contaminate"",""foul""]",foul the river,"더럽히다, 오염시키다 → foul",,,4,55,TOEFL_30x56_FINAL,yes,PASS,95,A,I'll see ...,내가 확인해볼게,95,A,,PASS,I'll see ...,,I'll be sure to ...,,I'll let you know ...,,Write a short investigative sentence using the pattern.,assurance,"더럽히다, 오염시키다",Daily Life,10,request_or_suggestion,,,,,,,,VOCAB,,,,,,,,,,,,,,,,,,,,,
TOEFL,T_D14_12,14,12,found,"창설하다, 설립하다","establish, create, set up",v.,Plans & Possibilities,계획과 가능성 말하기,58,Core,3,How did you get her to found that nonprofit?,네가 어떻게 그녀를 설득해서 그 비영리단체를 설립하게 했어?,What convinced her to start the nonprofit?,무엇이 그녀를 그 비영리단체를 시작하게 설득했어?,Who did you convince to found the nonprofit?,누구를 설득해서 그 비영리단체를 설립하게 했어?,found a nonprofit,"[""found a nonprofit""]","[""""]",establish,"[""establish"",""create"",""set up""]",,"found = 설립하다, 창립하다",,,29,17,TOEFL_30x56_FINAL,1,PASS,97,A,How did you get ... to?,어떻게 ...하게 했어?,97,A,,PASS,What's up with ...?,,I'm fed up with ...,,I don't feel up to ...,,Generate example sentence using chosen pattern,Question,"설립하다, 창립하다",Business,9,wh_question,,,,,,,,VOCAB,,,,,,,,,,,,,,,,,,,,,
TOEFL,T_D14_13,14,13,frigid,몹시 추운,"cold, freezing, frosty",adj.,Plans & Possibilities,계획과 가능성 말하기,58,Core,3,I'll be sure to bring a coat in frigid weather.,몹시 추운 날씨에는 꼭 코트를 가져갈게.,I'll make certain to take a coat when it's very cold.,매우 추울 때 코트를 꼭 챙기겠다는 의미입니다.,Will you bring a coat?,코트 가져갈 거야?,"frigid weather, frigid temperatures, frigid air","[""frigid weather"",""frigid temperatures"",""frigid air""]","[""몹시 추운 날씨"",""극한 기온"",""차가운 공기""]",freezing,"[""freezing"",""very cold"",""frigid""]",frigid weather,몹시 추운 → frigid,,,19,40,TOEFL_30x56_FINAL,yes,PASS,95,A,I'll be sure to ...,꼭 ~할게,95,A,,PASS,I'll see ...,,I'll be sure to ...,,I'll let you know ...,,Use the pattern to create a practical assurance sentence.,assurance,"몹시 추운, 얼어붙는",Daily Life,10,conditional,,,,,,,,VOCAB,,,,,,,,,,,,,,,,,,,,,
TOEFL,T_D14_14,14,14,gear,맞춰 조정하다,"adjust, adapt, change",v.,Plans & Possibilities,계획과 가능성 말하기,58,Core,3,When do you think we should gear up for travel?,여행을 준비할 때가 언제라고 생각해?,"When is the right time, in your opinion, to prepare for travel?",여행 준비를 언제 시작하는 게 좋겠느냐는 의견을 묻는 표현입니다.,When should we adjust our plans?,언제 계획을 조정해야 할까?,"gear up, gear for, gear towards","[""gear up"",""gear for"",""gear towards""]","[""준비하다"",""맞추다"",""조정하다""]",adjust,"[""adjust"",""adapt"",""gear (up)""]",gear up for travel,맞춰 조정하다 → gear,,,8,48,TOEFL_30x56_FINAL,yes,PASS,96,A,When do you think ...?,언제 ~라고 생각해?,96,A,,PASS,I'll see ...,,I'll be sure to ...,,I'll let you know ...,,Form a natural question using the pattern and the verb.,question,"맞춰 조정하다, 준비하다",Travel,10,question,,,,,,,,VOCAB,,,,,,,,,,,,,,,,,,,,,
TOEFL,T_D14_15,14,15,grasp,이해하다,"understand, catch, comprehend, apprehend",v.,Plans & Possibilities,계획과 가능성 말하기,58,Core,3,I see you finally grasped the main point clearly.,이제 네가 요지를 분명히 이해했구나.,Now you understand the main point.,이제 네가 요점을 이해했어.,Do you fully grasp the main point?,요점을 완전히 이해했어?,grasp the concept,"[""grasp the concept""]","[""""]",understand,"[""understand"",""comprehend"",""apprehend""]",,"grasp = 이해하다, 파악하다",,,15,17,TOEFL_30x56_FINAL,1,PASS,98,A,I see ...,"아, 알겠다...",98,A,,PASS,I'll see ...,,I'll be sure to ...,,I'll let you know ...,,Generate example sentence using chosen pattern,Acknowledgement,"이해하다, 납득하다",Family & Friends,9,acknowledgement_statement,,,,,,,,VOCAB,,,,,,,,,,,,,,,,,,,,,
TOEFL,T_D14_16,14,16,groom,깔끔하게 다듬다,"clean, tidy",v.,Plans & Possibilities,계획과 가능성 말하기,58,Core,3,When are you going to groom the seminar presentation?,세미나 발표 자료를 언제 다듬을 거야?,When will you tidy up and improve the seminar presentation?,세미나 발표 자료를 언제 깔끔하게 다듬을 것이냐는 의미입니다.,When will you tidy the slides?,슬라이드를 언제 다듬을 거야?,"groom the team, groom presentation, groom carefully","[""groom the team"",""groom presentation"",""groom carefully""]","[""단정히 다듬다"",""발표를 다듬다"",""정성껏 준비하다""]",tidy,"[""tidy"",""clean up"",""groom""]",groom the presentation,깔끔하게 다듬다 → groom,,,25,48,TOEFL_30x56_FINAL,yes,PASS,95,A,When are you going to/gonna ...,언제 ~할 거야?,95,A,,PASS,I'll see ...,,I'll be sure to ...,,I'll let you know ...,,Make a natural question using the pattern with the verb.,question,깔끔하게 다듬다,School & Learning,9,question,,,,,,,,VOCAB,,,,,,,,,,,,,,,,,,,,,
TOEFL,T_D14_17,14,17,halt,정지시키다,"stop, cease",v.,Plans & Possibilities,계획과 가능성 말하기,58,Core,3,"If there's anything that can halt the plan, tell me.",계획을 멈추게 할 게 있다면 알려줘.,Let me know if anything could stop the plan.,계획을 중단시킬 수 있는 것이 있으면 알려달라는 뜻입니다.,Is there anything that could halt it?,그걸 멈출 만한 게 있나?,"halt the plan, halt production, bring to a halt","[""halt the plan"",""halt production"",""bring to a halt""]","[""계획을 중지시키다"",""생산을 중단시키다"",""정지시키다""]",stop,"[""stop"",""cease"",""halt""]",halt the plan,정지시키다 → halt,,,27,7,TOEFL_30x56_FINAL,yes,PASS,95,A,If there's anything (that) ...,만약 ~할 일이 있다면,95,A,,PASS,I'll see ...,,I'll be sure to ...,,I'll let you know ...,,Create a conditional sentence using the pattern and the verb.,conditional,"정지시키다, 멈추다",Shopping & Services,10,conditional,,,,,,,,VOCAB,,,,,,,,,,,,,,,,,,,,,
TOEFL,T_D14_18,14,18,hamper,방해하다,"obstruct, impede, hinder, restrict, prevent",v.,Plans & Possibilities,계획과 가능성 말하기,58,Core,3,Should I hamper their progress by stepping in now?,지금 개입해서 그들의 진행을 방해해야 할까?,Would intervening now impede their progress?,지금 개입하는 것이 그들의 진행을 방해할지 묻는 표현입니다.,Will I hamper progress?,내가 진행을 방해할까?,"hamper progress, hamper development, hamper efforts","[""hamper progress"",""hamper development"",""hamper efforts""]","[""진전을 방해하다"",""발전을 저해하다"",""노력을 방해하다""]",impede,"[""impede"",""hinder"",""hamper""]",hamper their progress,방해하다 → hamper,,,17,11,TOEFL_30x56_FINAL,yes,PASS,95,A,Should I ...?,내가 ~할까?,95,A,,PASS,I'll see ...,,I'll be sure to ...,,I'll let you know ...,,Form a natural question using the pattern and target verb.,question,"방해하다, 저해하다",Daily Life,9,question,,,,,,,,VOCAB,,,,,,,,,,,,,,,,,,,,,
TOEFL,T_D14_19,14,19,handle,처리하다,"process, manage, deal with",v.,Plans & Possibilities,계획과 가능성 말하기,58,Core,3,Our client is obsessed with how we handle every single complaint now.,우리 고객은 이제 우리가 각 불만을 어떻게 처리하는지에 집착하고 있어.,The client fixates on our way of dealing with every complaint.,그 고객은 각 불만을 처리하는 방식에 집착한다는 의미입니다.,What is the client obsessed with?,그 고객은 무엇에 집착하고 있지?,"obsessed with quality, obsessed with detail, obsessed with process","[""obsessed with quality"",""obsessed with detail"",""obsessed with process""]","[""품질에 집착하다"",""세부에 집착하다"",""과정에 집착하다""]",fixated,"[""fixated"",""preoccupied"",""obsessed""]",is obsessed with how we handle,집착하다 → obsessed with,,,19,5,TOEFL_30x56_FINAL,yes,PASS,96,A,... is obsessed with ...,~에 집착하다,96,A,,PASS,What's up with ...?,,... is obsessed with ...,,I'm fed up with ...,,Write an observational sentence using the provided pattern.,observation,"집착하다, 지나치게 관심을 가지다",Business,12,reason_or_result,,,,,,,,VOCAB,,,,,,,,,,,,,,,,,,,,,
TOEFL,T_D14_20,14,20,handy,편리한,convenient,adj.,Plans & Possibilities,계획과 가능성 말하기,58,Core,3,"If there's anything that makes the device truly handy, it's the charger.","이 기기를 정말 편리하게 만드는 게 있다면, 바로 충전기야.",The charger makes this device very convenient.,충전기가 이 기기를 매우 편리하게 만든다.,What feature makes the device handy?,어떤 기능이 이 기기를 편리하게 만드는가?,handy device,"[""handy device""]","[""""]",convenient,"[""convenient"",""useful"",""practical""]",,"handy = 손에 쏙 들어오는, 편리한",,,26,32,TOEFL_30x56_FINAL,1,PASS,98,A,If there's anything (that) ...,만약 ~가 있다면,98,A,,PASS,I'll see ...,,I'll be sure to ...,,I'll let you know ...,,Generate example sentence using chosen pattern,Condition,"편리한, 사용하기 쉬운",Technology,12,conditional,,,,,,,,VOCAB,,,,,,,,,,,,,,,,,,,,,
TOEFL,T_D14_21,14,21,harsh,가혹한,"severe, rigorous, inclement",adj.,Plans & Possibilities,계획과 가능성 말하기,58,Core,3,I wish you wouldn't be so harsh about every small mistake.,작은 실수마다 그렇게 가혹하지 않았으면 해.,Please don't criticize yourself so severely for minor errors.,사소한 실수에 대해 자신을 그렇게 심하게 비난하지 않았으면 해.,Can you be less harsh on yourself?,자신에게 덜 가혹해질 수 있어?,harsh criticism,"[""harsh criticism""]","[""""]",severe,"[""severe"",""rigorous"",""stern""]",,"harsh = 가혹한, 혹독한",,,20,35,TOEFL_30x56_FINAL,1,PASS,98,A,I wish you wouldn't ...,제발 ...하지 않았으면 좋겠어,98,A,,PASS,I'll see ...,,I'll be sure to ...,,I'll let you know ...,,Generate example sentence using chosen pattern,Request,"가혹한, 혹독한",Hobbies,11,wish_request,,,,,,,,VOCAB,,,,,,,,,,,,,,,,,,,,,
TOEFL,T_D14_22,14,22,hasten,재촉하다,"accelerate, rush, hurry, speed up",v.,Plans & Possibilities,계획과 가능성 말하기,58,Core,3,You might want to hasten your application before the deadline next week.,다음주 마감 전에 지원서를 서두르는 게 좋을 거야.,It would be wise to speed up your application before next week's deadline.,다음 주 마감 전에 지원을 재촉하는 것이 현명하다는 뜻입니다.,Should I speed it up?,서두르는 게 좋을까?,"hasten the process, hasten arrival, hasten action","[""hasten the process"",""hasten arrival"",""hasten action""]","[""과정을 촉진하다"",""도착을 앞당기다"",""조치를 재촉하다""]",speed up,"[""accelerate"",""hurry"",""hasten""]",hasten your application,재촉하다 → hasten,,,14,46,TOEFL_30x56_FINAL,yes,PASS,95,A,You might want to/wanna ...,~하는 게 좋을 거야,95,A,,PASS,What's up with ...?,,I'm fed up with ...,,I don't feel up to ...,,Give a polite suggestion using the pattern and verb.,suggestion,"재촉하다, 가속화하다",Daily Life,12,contrast_or_concession,,,,,,,,VOCAB,,,,,,,,,,,,,,,,,,,,,
TOEFL,T_D14_23,14,23,hasty,"성급한, 서두르는","hurried, rushed",adj.,Plans & Possibilities,계획과 가능성 말하기,58,Core,3,Let's hope that we avoid hasty conclusions about the diagnosis tomorrow morning.,내일 아침에 진단에 대해 성급한 결론을 내리지 않기를 바라자.,Hopefully we won't jump to quick conclusions about the diagnosis tomorrow morning.,내일 아침 진단에 대해 서둘러 결론 내리지 않기를 바란다는 뜻입니다.,Can we avoid hasty conclusions?,성급한 결론을 피할 수 있을까?,"hasty decision, hasty move, hasty conclusion","[""hasty decision"",""hasty move"",""hasty conclusion""]","[""성급한 결정"",""서두른 행동"",""성급한 결론""]",quick,"[""hurried"",""rash"",""hasty""]",avoid hasty conclusions,성급한 → hasty,,,6,54,TOEFL_30x56_FINAL,yes,PASS,96,A,Let's hope (that) ...,바라자(희망하기),96,A,,PASS,I'll see ...,,I'll be sure to ...,,I'll let you know ...,,Create a hopeful sentence using the 'Let's hope' pattern and adjective.,wishing,"성급한, 서두르는",Health,12,short_narrative,,,,,,,,VOCAB,,,,,,,,,,,,,,,,,,,,,
TOEFL,T_D14_24,14,24,haul,"끌고 가다, 끌다","draw, pull, drag, heave",v.,Plans & Possibilities,계획과 가능성 말하기,58,Core,3,I don't know how they hauled the old piano upstairs.,그들이 어떻게 그 오래된 피아노를 위층으로 끌어올렸는지 모르겠다.,It's unclear how they moved the heavy piano upstairs.,그들이 무거운 피아노를 위층으로 어떻게 옮겼는지 분명하지 않다.,How did they haul that piano upstairs?,그들이 어떻게 저 피아노를 위층으로 끌어올렸어?,haul upstairs,"[""haul upstairs""]","[""""]",drag,"[""drag"",""pull"",""tug""]",,"haul = 끌고 가다, 끌다",,,23,19,TOEFL_30x56_FINAL,1,PASS,98,A,I don't know how ...,어떻게 ...했는지 모르겠다,98,A,,PASS,I'll see ...,,I'll be sure to ...,,I'll let you know ...,,Generate example sentence using chosen pattern,Expression of uncertainty,"끌고 가다, 끌다",Business,10,statement_uncertainty,,,,,,,,VOCAB,,,,,,,,,,,,,,,,,,,,,
TOEFL,T_D14_25,14,25,hence,"따라서, 그러므로","therefore, consequently, thus",adv.,Plans & Possibilities,계획과 가능성 말하기,58,Core,3,"The project is getting nowhere, hence change plans.","그 프로젝트는 진전이 없으니, 따라서 계획을 바꿔라.","Because the project isn't progressing, we must alter our plans.",프로젝트가 진전이 없으므로 계획을 변경해야 한다는 의미입니다.,Is the project getting nowhere?,프로젝트가 진전이 없나?,"getting nowhere, going nowhere, progress getting nowhere","[""getting nowhere"",""going nowhere"",""progress getting nowhere""]","[""진전이 없다"",""별다른 성과가 없다"",""진행이 막힌다""]",stalled,"[""stalled"",""going nowhere"",""getting nowhere""]","is getting nowhere, hence",따라서(hence) → 결과를 표현,,,16,16,TOEFL_30x56_FINAL,yes,PASS,95,A,... is getting nowhere,...는 진전이 없다,95,A,,PASS,I'll see ...,,I'll be sure to ...,,I'll let you know ...,,Produce a concise result sentence linking 'hence' with the pattern.,result,"따라서, 그러므로",Travel,8,statement,,,,,,,,VOCAB,,,,,,,,,,,,,,,,,,,,,
TOEFL,T_D14_26,14,26,hinder,방해하다,"interfere with, hamper, stunt, impede",v.,Plans & Possibilities,계획과 가능성 말하기,58,Core,3,There's no way our small budget can sufficiently hinder the research team's progress this semester.,우리의 작은 예산이 이번 학기 연구팀의 진행을 충분히 방해할 방법은 없다.,Our limited budget cannot realistically block the team's progress this semester.,제한된 예산이 이번 학기 팀의 진행을 방해할 수 없다는 뜻입니다.,Can the budget hinder progress?,예산이 진전을 방해할 수 있을까?,"hinder progress, hinder development, hinder efforts","[""hinder progress"",""hinder development"",""hinder efforts""]","[""진전을 저해하다"",""발전을 방해하다"",""노력을 방해하다""]",impede,"[""impede"",""hamper"",""hinder""]",hinder the research team's progress,방해하다 → hinder,,,24,8,TOEFL_30x56_FINAL,yes,PASS,96,A,There's no way ...,결코 ~할 리 없다,96,A,,PASS,What's up with ...?,,... is obsessed with ...,,I'm fed up with ...,,Write a longer evaluative sentence using 'There's no way...'.,negation,"방해하다, 저해하다",Family & Friends,15,comparison,,,,,,,,VOCAB,,,,,,,,,,,,,,,,,,,,,
TOEFL,T_D14_27,14,27,hollow,속이 빈,"empty, vacant, void, unfilled",adj.,Plans & Possibilities,계획과 가능성 말하기,58,Core,3,"I'm sorry, but the vase is hollow and breaks easily.",미안하지만 그 꽃병은 속이 비어 있고 쉽게 깨져.,The vase is empty inside and quite fragile.,그 꽃병은 속이 비어 있고 꽤 약하다.,Is the vase hollow inside?,그 꽃병 속이 비어 있니?,hollow core,"[""hollow core""]","[""""]",empty,"[""empty"",""vacant"",""void""]",,"hollow = 속이 빈, 비어 있는",,,14,54,TOEFL_30x56_FINAL,1,PASS,98,A,"I'm sorry, but ...",미안하지만...,98,A,,PASS,I'll see ...,,I'll be sure to ...,,I'll let you know ...,,Generate example sentence using chosen pattern,Polite refusal,"속이 빈, 안이 비어 있는",Daily Life,10,partial_apology_statement,,,,,,,,VOCAB,,,,,,,,,,,,,,,,,,,,,
TOEFL,T_D14_28,14,28,hover,"맴돌다, 떠다니다","drift, float, stay on the top",v.,Plans & Possibilities,계획과 가능성 말하기,58,Core,3,"The stock price continued to hover below expectations, to say the least, causing concern.","주가가 최소한 기대 이하로 맴돌았고, 우려를 낳았다.","The price stayed under expectations, to put it mildly, and this caused worry.",주가가 기대 이하에 머물러 걱정을 불러일으켰다는 뜻입니다.,Where did the price hover?,주가가 어디쯤 맴돌았지?,"hover around, hover below, hover above","[""hover around"",""hover below"",""hover above""]","[""~주위를 맴돌다"",""~보다 아래에 머물다"",""~보다 위에 머물다""]",linger,"[""linger"",""float"",""hover""]",hover below expectations,맴돌다 → hover,,,28,31,TOEFL_30x56_FINAL,yes,PASS,96,A,... to say the least,적어도 그렇게 말할 수 있다,96,A,,PASS,... to say the least,,like the way you ...,,You're the one who ...,,Write a sentence using the 'to say the least' pattern and the verb.,emphasis,"맴돌다, 떠다니다",Business,14,comparison,,,,,,,,VOCAB,,,,,,,,,,,,,,,,,,,,,
TOEFL,T_D14_29,14,29,huge,거대한,"enormous, large, massive, mammoth, gigantic",adj.,Plans & Possibilities,계획과 가능성 말하기,58,Core,3,"Like it or not, the final exam's impact on grades is huge for many students.",좋든 싫든 기말시험이 성적에 미치는 영향은 많은 학생에게 거대하다.,"Whether you accept it or not, the final exam greatly affects many students' grades.",받아들이든 말든 기말시험이 많은 학생들의 성적에 큰 영향을 준다는 의미입니다.,Is the exam impact huge?,시험의 영향이 큰가요?,"huge impact, huge difference, huge result","[""huge impact"",""huge difference"",""huge result""]","[""거대한 영향"",""큰 차이"",""막대한 결과""]",enormous,"[""enormous"",""massive"",""huge""]",is huge for many students,거대한 → huge,,,14,52,TOEFL_30x56_FINAL,yes,PASS,96,A,"Like/Believe it or not, ...",믿든 말든,96,A,,PASS,I'll see ...,,I'll be sure to ...,,I'll let you know ...,,Compose a natural sentence starting with 'Like/Believe it or not' using the adjective.,discourse opener,"거대한, 막대한",School & Learning,15,statement,,,,,,,,VOCAB,,,,,,,,,,,,,,,,,,,,,
TOEFL,T_D14_30,14,30,humble,"초라한, 겸손한","modest, unpretentious, unassuming",adj.,Plans & Possibilities,계획과 가능성 말하기,58,Core,3,You should've seen how humble the artist remained despite achieving huge fame abroad recently.,최근 해외에서 큰 명성을 얻었음에도 그 예술가는 얼마나 겸손했는지 봤어야 했어.,You would have seen the artist's modest behavior despite great fame abroad.,해외에서 큰 명성에도 겸손한 모습을 보였다는 뜻입니다.,Was the artist humble?,그 예술가는 겸손했나?,"humble beginnings, humble attitude, stay humble","[""humble beginnings"",""humble attitude"",""stay humble""]","[""초라한 시작"",""겸손한 태도"",""겸손함을 유지하다""]",modest,"[""modest"",""unassuming"",""humble""]",how humble the artist remained,겸손한 → humble,,,26,41,TOEFL_30x56_FINAL,yes,PASS,96,A,You should've seen/heard ...,봐야 했어(봤어야 했던),96,A,,PASS,I'll see ...,,I'll be sure to ...,,I'll let you know ...,,Create a past-observation sentence using the pattern 'You should've seen/heard'.,exclamation,"초라한, 겸손한",Shopping & Services,14,statement,,,,,,,,VOCAB,,,,,,,,,,,,,,,,,,,,,
TOEFL,T_D15_01,15,1,impact,영향,"influence, effect, repercussion",n.,Plans & Possibilities,계획과 가능성 말하기,58,Core,3,I don't like the way your actions impact us.,나는 네 행동이 우리에게 미치는 방식이 마음에 들지 않아.,I dislike how your actions affect us.,나는 네 행동이 우리에게 영향을 미치는 것이 싫다.,What does 'impact' refer to here?,여기서 'impact'는 무엇을 의미하나요?,have an impact on,"[""have an impact on"",""make an impact""]","[""~에 영향을 미치다"",""영향을 주다""]",affect,"[""affect"",""influence""]",have an impact on,어떤 일이 다른 것에 영향을 주는 상황을 떠올리기,,,19,18,TOEFL_30x56_FINAL,YES,APPROVED,98,A,I don't like the way ...,~하는 방식이 마음에 들지 않는다,98,A,,PASS,I'll see ...,,I'll be sure to ...,,I'll let you know ...,,sentence_generation,,영향이나 효과,Family & Friends,9,statement,,,,,,,,VOCAB,,,,,,,,,,,,,,,,,,,,,
TOEFL,T_D15_02,15,2,impart,"주다, 부여하다","give, provide, bestow, offer, grant",v.,Plans & Possibilities,계획과 가능성 말하기,58,Core,3,I'd appreciate it if you could impart the update.,그 업데이트를 전해 주실 수 있다면 감사하겠습니다.,Please share that update with us.,그 업데이트를 우리에게 알려 주세요.,What does 'impart' mean here?,'impart'는 여기서 무슨 뜻인가요?,impart knowledge,"[""impart knowledge"",""impart information""]","[""지식을 전하다"",""정보를 전하다""]",share,"[""share"",""convey""]",impart information,중요한 정보를 다른 사람에게 전달하는 이미지,,,29,3,TOEFL_30x56_FINAL,YES,APPROVED,98,A,I'd appreciate it if you could ...,~해 주시면 감사하겠습니다,98,A,,PASS,I'll see ...,,I'll be sure to ...,,I'll let you know ...,,sentence_generation,,정보나 지식을 전달하다,Technology,9,request,,,,,,,,VOCAB,,,,,,,,,,,,,,,,,,,,,
TOEFL,T_D15_03,15,3,impede,방해하다,"inhibit, hinder, obstruct",v.,Plans & Possibilities,계획과 가능성 말하기,58,Core,3,I'm not used to projects impeding my schedule.,프로젝트가 내 일정에 지장을 주는 것에 익숙하지 않다.,I'm unaccustomed to projects delaying my timetable.,프로젝트가 내 시간표를 지연시키는 것에 익숙하지 않다.,How is 'impeding' used here?,'impeding'는 여기서 어떻게 사용되었나요?,impede progress,"[""impede progress"",""impede development""]","[""진행을 방해하다"",""발전을 저해하다""]",delaying,"[""hinder"",""delay""]",impede progress,무언가가 길을 막아 진행을 못하는 모습 떠올리기,,,26,40,TOEFL_30x56_FINAL,YES,APPROVED,98,A,I'm not used to ...ing,~하는 것에 익숙하지 않다,98,A,,PASS,I'll see ...,,I'll be sure to ...,,I'll let you know ...,,sentence_generation,,방해하거나 지연시키다,Business,8,question,,,,,,,,VOCAB,,,,,,,,,,,,,,,,,,,,,
TOEFL,T_D15_04,15,4,imply,시사하다,"suggest, indicate, connote",v.,Plans & Possibilities,계획과 가능성 말하기,58,Core,3,"I'll tell you what, that implies we should practice more.","이렇게 하자, 그것은 우리가 더 연습해야 함을 시사해.",That suggests we need more practice.,그것은 우리가 더 연습할 필요가 있음을 암시한다.,What does 'imply' suggest in this sentence?,이 문장에서 'imply'는 무엇을 암시하나요?,imply that,"[""imply that"",""implicitly imply""]","[""~을 암시하다"",""암묵적으로 시사하다""]",suggest,"[""suggest"",""indicate""]",imply that,조용히 어떤 사실을 넌지시 보여주는 상황 떠올리기,,,30,8,TOEFL_30x56_FINAL,YES,APPROVED,98,A,"I'll tell you what, ...","있잖아, 내가 이렇게 할게",98,A,,PASS,I'll see ...,,I'll be sure to ...,,I'll let you know ...,,sentence_generation,,"암시하다, 넌지시 나타내다",Hobbies,10,statement,,,,,,,,VOCAB,,,,,,,,,,,,,,,,,,,,,
TOEFL,T_D15_05,15,5,impose,강요하다,"force, pressure, enforce",v.,Plans & Possibilities,계획과 가능성 말하기,58,Core,3,Should I impose a curfew for the kids?,아이들에게 통행금지를 강요할까요?,Do you want me to enforce a curfew for the children?,아이들에게 통금 시간을 강제할까요?,What does 'impose' mean here?,'impose'는 여기서 무슨 뜻인가요?,impose rules,"[""impose rules"",""impose a ban""]","[""규칙을 부과하다"",""금지를 부과하다""]",enforce,"[""enforce"",""force""]",impose a curfew,규칙을 억지로 도입하는 장면 상상하기,,,26,7,TOEFL_30x56_FINAL,YES,APPROVED,98,A,Should I ...?,내가 ~할까?,98,A,,PASS,I'll see ...,,I'll be sure to ...,,I'll let you know ...,,sentence_generation,,의무나 규칙을 강요하다,Daily Life,8,question,,,,,,,,VOCAB,,,,,,,,,,,,,,,,,,,,,
TOEFL,T_D15_06,15,6,incite,자극하다,"stimulate, provoke, inflame, spur",v.,Plans & Possibilities,계획과 가능성 말하기,58,Core,3,I'm not used to ads inciting impulse purchases.,충동구매를 자극하는 광고에 익숙하지 않다.,I am unaccustomed to advertisements provoking quick buys.,광고가 급히 구매하게 만드는 것을 나는 익숙하지 않다.,What does 'inciting' imply here?,'inciting'는 여기서 무엇을 암시하나요?,incite action,"[""incite action"",""incite unrest""]","[""행동을 촉발하다"",""소요를 선동하다""]",provoke,"[""provoke"",""stimulate""]",incite action,작은 자극이 큰 행동으로 이어지는 이미지,,,6,38,TOEFL_30x56_FINAL,YES,APPROVED,98,A,I'm not used to ...ing,~하는 것에 익숙하지 않다,98,A,,PASS,I'll see ...,,I'll be sure to ...,,I'll let you know ...,,sentence_generation,,행동을 촉발하다,Shopping & Services,8,question,,,,,,,,VOCAB,,,,,,,,,,,,,,,,,,,,,
TOEFL,T_D15_07,15,7,rational,합리적인,"logical, sensible, reasonable",adj.,Plans & Possibilities,계획과 가능성 말하기,53,Bridge,3,I think you deserve a rational explanation.,당신은 합리적인 설명을 받을 자격이 있다고 생각해.,You merit a logical explanation.,당신은 논리적인 설명을 받을 만하다.,What does 'rational' mean here?,'rational'는 여기서 무슨 뜻인가요?,rational decision,"[""rational decision"",""rational thought""]","[""합리적인 결정"",""합리적 사고""]",logical,"[""logical"",""sensible""]",rational explanation,감정 아닌 이성으로 설명하는 장면 상상하기,,,8,53,TOEFL_30x56_FINAL,YES,APPROVED,98,A,I think you deserve ...,네가 ~할 자격이 있다고 생각해,98,A,,PASS,I'll see ...,,I'll be sure to ...,,I'll let you know ...,,sentence_generation,,논리적이고 합리적인,School & Learning,7,request_or_suggestion,,,,,,,,VOCAB,,,,,,,,,,,,,,,,,,,,,
TOEFL,T_D15_08,15,8,reconcile,화해시키다,"bring together, reunite",v.,Plans & Possibilities,계획과 가능성 말하기,53,Bridge,3,I'll be sure to reconcile our schedules tomorrow.,내일 우리 일정들을 조율할게.,I'll make sure to coordinate our calendars tomorrow.,내일 우리 달력을 맞추도록 할게.,How is 'reconcile' used here?,'reconcile'는 여기서 어떻게 사용되나요?,reconcile differences,"[""reconcile differences"",""reconcile accounts""]","[""차이를 조정하다"",""장부를 정리하다""]",coordinate,"[""reconcile"",""coordinate""]",reconcile schedules,서로 다른 일정들을 하나로 맞추는 이미지,,,14,42,TOEFL_30x56_FINAL,YES,APPROVED,98,A,I'll be sure to ...,반드시 ~할게요,98,A,,PASS,I'll see ...,,I'll be sure to ...,,I'll let you know ...,,sentence_generation,,서로 맞추어 조정하다,Travel,8,request_or_suggestion,,,,,,,,VOCAB,,,,,,,,,,,,,,,,,,,,,
TOEFL,T_D15_09,15,9,recurring,되풀이되는,"repeated, recurrent",adj.,Plans & Possibilities,계획과 가능성 말하기,53,Bridge,3,I'll be sure to address the recurring issue tomorrow.,그 반복되는 문제를 내일 꼭 다루겠어.,I'll make sure to deal with the repeated problem tomorrow.,나는 그 반복된 문제를 내일 해결하도록 하겠다.,What does 'recurring' mean here?,'recurring'는 여기서 무슨 뜻인가요?,recurring problem,"[""recurring problem"",""recurring theme""]","[""되풀이되는 문제"",""반복되는 주제""]",repeated,"[""repeated"",""recurrent""]",recurring issue,같은 문제가 계속 반복되는 이미지,,,14,11,TOEFL_30x56_FINAL,YES,APPROVED,98,A,I'll be sure to ...,반드시 ~할게요,98,A,,PASS,I'll see ...,,I'll be sure to ...,,I'll let you know ...,,sentence_generation,,반복적으로 일어나는,Family & Friends,9,request_or_suggestion,,,,,,,,VOCAB,,,,,,,,,,,,,,,,,,,,,
TOEFL,T_D15_10,15,10,reinforce,강화하다,"strengthen, support, consolidate, fortify",v.,Plans & Possibilities,계획과 가능성 말하기,53,Bridge,3,I'll be sure to reinforce your progress with praise.,너의 진전을 칭찬으로 확실히 강화해줄게.,I'll strengthen your progress by praising it.,나는 칭찬으로 네 발전을 더 강화하겠다.,What does 'reinforce' mean here?,'reinforce'는 여기서 무슨 뜻인가요?,reinforce behavior,"[""reinforce behavior"",""reinforce security""]","[""행동을 강화하다"",""보안을 강화하다""]",strengthen,"[""strengthen"",""support""]",reinforce progress,무언가를 더 튼튼하게 만드는 모습 떠올리기,,,28,5,TOEFL_30x56_FINAL,YES,APPROVED,98,A,I'll be sure to ...,반드시 ~할게요,98,A,,PASS,I'll see ...,,I'll be sure to ...,,I'll let you know ...,,sentence_generation,,강화하여 더 튼튼하게 만들다,Daily Life,9,request_or_suggestion,,,,,,,,VOCAB,,,,,,,,,,,,,,,,,,,,,
TOEFL,T_D15_11,15,11,reluctant,꺼리는,"unwilling, disinclined, loath",adj.,Plans & Possibilities,계획과 가능성 말하기,53,Bridge,3,I'm not used to sounding so reluctant lately.,요즘 이렇게 마지못해 말하는 것에 익숙하지 않아.,I haven't been accustomed to sounding unwilling recently.,최근에 그렇게 꺼려하는 것처럼 들리는 데 익숙하지 않다.,What does 'reluctant' express here?,'reluctant'는 여기서 무엇을 표현하나요?,reluctant to,"[""reluctant to"",""seem reluctant""]","[""~하기를 꺼리다"",""꺼려하는 듯 보이다""]",unwilling,"[""unwilling"",""hesitant""]",reluctant to accept,마음 내키지 않아 머뭇거리는 모습 상상하기,,,3,3,TOEFL_30x56_FINAL,YES,APPROVED,98,A,I'm not used to ...ing,~하는 것에 익숙하지 않다,98,A,,PASS,I'll see ...,,I'll be sure to ...,,I'll let you know ...,,sentence_generation,,"마지못해 하는, 꺼려하는",Business,8,request_or_suggestion,,,,,,,,VOCAB,,,,,,,,,,,,,,,,,,,,,
TOEFL,T_D15_12,15,12,reminisce,회상하다,"recollect, remember, recall, look back",v.,Plans & Possibilities,계획과 가능성 말하기,53,Bridge,3,You can't just reminisce and ignore responsibilities.,그냥 회상만 하고 책임을 무시할 수는 없어.,Don't avoid duties by only remembering the past.,과거를 떠올리기만 하며 의무를 피하지 마라.,When do you usually reminisce?,보통 언제 회상하나요?,reminisce about,"[""reminisce about""]","[""""]",remember,"[""remember"",""recall""]",reminisce about,옛 추억을 떠올리며 이야기하다,default,,21,29,TOEFL_30x56_FINAL,yes,PASS,95,A,You can't (just) ...,너는 (그냥) ...할 수 없다,95,A,,PASS,I'll see ...,,I'll be sure to ...,,I'll let you know ...,,Create a natural example sentence using the target word and chosen pattern.,Warning,옛일을 회상하다,Daily Life,7,Statement,,,,,,,,VOCAB,,,,,,,,,,,,,,,,,,,,,
TOEFL,T_D15_13,15,13,replenish,보충하다,"refill, restore, renew",v.,Plans & Possibilities,계획과 가능성 말하기,53,Bridge,3,You could at least replenish the coffee before leaving.,떠나기 전에 적어도 커피는 다시 채워 놓으세요.,Refill the coffee so it doesn't run out.,커피가 떨어지지 않도록 다시 채워라.,What supplies do you need to replenish at work?,직장에서 어떤 물품을 보충해야 하나요?,replenish supplies,"[""replenish supplies""]","[""""]",refill,"[""refill"",""restore"",""renew""]",replenish supplies,비어가면 다시 채워 넣기,default,,1,5,TOEFL_30x56_FINAL,yes,PASS,95,A,You could at least ...,너는 적어도 ...해야지,95,A,,PASS,I'll see ...,,I'll be sure to ...,,I'll let you know ...,,Create a natural example sentence using the target word and chosen pattern.,Request,고갈된 것을 다시 채우다,Business,9,Statement,,,,,,,,VOCAB,,,,,,,,,,,,,,,,,,,,,
TOEFL,T_D15_14,15,14,replicate,"복제하다, 반복하다","reproduce, copy, duplicate",v.,Plans & Possibilities,계획과 가능성 말하기,53,Bridge,3,I'll let you know if we can replicate those results.,그 결과들을 재현할 수 있는지 알려줄게.,I'll inform you whether the findings can be duplicated.,그 결과들이 복제 가능한지 알려주겠다.,How would you replicate an experiment?,실험을 어떻게 재현하겠습니까?,replicate results,"[""replicate results""]","[""""]",duplicate,"[""replicate"",""duplicate"",""reproduce""]",replicate results,같은 조건으로 다시 만들어 보기,default,,6,53,TOEFL_30x56_FINAL,yes,PASS,96,A,I'll let you know ...,알려줄게,96,A,,PASS,I'll see ...,,I'll be sure to ...,,I'll let you know ...,,Create a natural example sentence using the target word and chosen pattern.,Promise,실험이나 결과를 다시 재현하다,Travel,10,Statement,,,,,,,,VOCAB,,,,,,,,,,,,,,,,,,,,,
TOEFL,T_D15_15,15,15,represent,"묘사하다, 나타내다","depict, portray, express",v.,Plans & Possibilities,계획과 가능성 말하기,53,Bridge,3,Should I represent our group at the meeting?,회의에서 우리 그룹을 대표해야 할까요?,Do you want me to act as our group's representative at the meeting?,회의에서 우리 그룹의 대표로 행동하길 원하나요?,What does 'represent' mean here?,'represent'는 여기서 무슨 뜻인가요?,represent someone,"[""represent someone"",""represent a group""]","[""~을 대표하다"",""그룹을 대표하다""]",act as,"[""depict"",""portray""]",represent a group,한 사람을 대신해 말하거나 나타내는 모습 상상하기,,,26,37,TOEFL_30x56_FINAL,YES,APPROVED,98,A,Should I ...?,내가 ~할까?,98,A,,PASS,I'll see ...,,I'll be sure to ...,,I'll let you know ...,,sentence_generation,,표현하거나 나타내다,Family & Friends,8,conditional,,,,,,,,VOCAB,,,,,,,,,,,,,,,,,,,,,
TOEFL,T_D15_16,15,16,repudiate,거부하다,"reject, disclaim",v.,Plans & Possibilities,계획과 가능성 말하기,53,Bridge,3,"I know the report, but we must repudiate false claims.","보고서는 알지만, 우리는 거짓 주장들을 거부해야 한다.","Although familiar with it, reject the untrue accusations.","그것에 익숙하지만, 사실이 아닌 주장들은 거부하라.",When should an organization repudiate a claim?,언제 조직이 주장을 거부해야 하나요?,repudiate a claim,"[""repudiate a claim""]","[""""]",reject,"[""reject"",""disclaim"",""deny""]",repudiate a claim,공식적으로 거부하거나 부인하다,default,,3,33,TOEFL_30x56_FINAL,yes,PASS,95,A,"I know ..., but ...","알지만, ...",95,A,,PASS,I'll see ...,,I'll be sure to ...,,I'll let you know ...,,Create a natural example sentence using the target word and chosen pattern.,Contrast,거부하다; 정식으로 부인하다,Shopping & Services,10,Statement,,,,,,,,VOCAB,,,,,,,,,,,,,,,,,,,,,
TOEFL,T_D15_17,15,17,resilient,회복력이 있는,"quick to recover, easy to recover",adj.,Plans & Possibilities,계획과 가능성 말하기,53,Bridge,3,I'm looking to find resilient students for the program.,프로그램에 적합한 회복력 있는 학생들을 찾고 있습니다.,I want to recruit students who recover quickly from setbacks.,나는 좌절에서 빨리 회복하는 학생들을 모집하려고 한다.,What makes someone resilient?,무엇이 사람을 회복력 있게 만드나요?,resilient person,"[""resilient person""]","[""""]",tough,"[""resilient"",""robust"",""tough""]",resilient student,충격에서 빨리 회복되는 성향,default,,6,17,TOEFL_30x56_FINAL,yes,PASS,95,A,I'm looking to ...,나는 ...하려고 한다/찾고 있다,95,A,,PASS,I'll be sure to ...,,I'm not used to ...ing,,would hate to ...,,Create a natural example sentence using the target word and chosen pattern.,Intent,빨리 회복하는; 탄력성 있는,School & Learning,9,Statement,,,,,,,,VOCAB,,,,,,,,,,,,,,,,,,,,,
TOEFL,T_D15_18,15,18,rigor,"엄격함; 고초, 어려움","harshness, strictness, rigidness; hardship, adversity",n.,Plans & Possibilities,계획과 가능성 말하기,53,Bridge,3,There's nothing like rigor to improve academic standards.,학업 수준을 높이는 데에는 엄격함만한 것이 없다.,Strictness is unmatched in raising educational quality.,엄격함이 교육의 질을 높이는 데 가장 효과적이다.,How does rigor affect learning?,엄격함이 학습에 어떤 영향을 미치나요?,academic rigor,"[""academic rigor""]","[""""]",strictness,"[""rigor"",""strictness"",""severity""]",academic rigor,철저하고 엄격한 기준,default,,18,49,TOEFL_30x56_FINAL,yes,PASS,96,A,There's nothing like ...,...만큼 좋은 것은 없다,96,A,,PASS,I'll see ...,,I'll be sure to ...,,I'll let you know ...,,Create a natural example sentence using the target word and chosen pattern.,Emphasis,"엄격함, 철저함",Daily Life,8,Statement,,,,,,,,VOCAB,,,,,,,,,,,,,,,,,,,,,
TOEFL,T_D15_19,15,19,sedentary,"주로 앉아 있는, 정착성의","stationary, settled",adj.,Plans & Possibilities,계획과 가능성 말하기,53,Bridge,4,Let's hope sedentary jobs start offering more movement breaks.,주로 앉아 있는 직업들이 더 많은 움직임 휴식을 제공하길 바라자.,We should wish for more breaks in inactive office jobs.,활동이 적은 사무직에 더 많은 휴식이 생기길 바라자.,Do you have a sedentary job?,앉아 있는 일이 있나요?,sedentary lifestyle,"[""sedentary lifestyle""]","[""""]",inactive,"[""sedentary"",""inactive"",""stationary""]",sedentary job,주로 앉아 있어 활동이 적음,default,,1,35,TOEFL_30x56_FINAL,yes,PASS,95,A,Let's hope (that) ...,...했으면 좋겠다,95,A,,PASS,I'll see ...,,I'll be sure to ...,,I'll let you know ...,,Create a natural example sentence using the target word and chosen pattern.,Wish,주로 앉아 있는; 활동이 적은,Business,9,Statement,,,,,,,,VOCAB,,,,,,,,,,,,,,,,,,,,,
TOEFL,T_D15_20,15,20,seemingly,"외관상으로, 겉보기에는","apparently, ostensibly",adv.,Plans & Possibilities,계획과 가능성 말하기,53,Bridge,3,That explains why seemingly minor symptoms indicated serious illness.,겉보기에 사소한 증상들이 심각한 병을 의미했던 이유를 설명해준다.,Apparently small symptoms revealed a major health problem.,겉보기에 작은 증상들이 큰 건강 문제를 드러냈다.,Have you ever dismissed seemingly small symptoms?,겉보기엔 사소한 증상을 무시한 적 있나요?,seemingly minor,"[""seemingly minor""]","[""""]",apparently,"[""apparently"",""ostensibly"",""seemingly""]",seemingly minor,겉보기와 실제가 다를 수 있다,default,,25,9,TOEFL_30x56_FINAL,yes,PASS,95,A,That explains why ...,그것은 ...을 설명한다,95,A,,PASS,I'll see ...,,I'll be sure to ...,,I'll let you know ...,,Create a natural example sentence using the target word and chosen pattern.,Explanation,겉보기에는; 외관상,Health,9,Statement,,,,,,,,VOCAB,,,,,,,,,,,,,,,,,,,,,
TOEFL,T_D15_21,15,21,segregate,"분리하다, 격리하다","separate, seclude, dissociate, disunite",v.,Plans & Possibilities,계획과 가능성 말하기,53,Bridge,3,What do you say we segregate test data from training data?,테스트 데이터와 훈련 데이터를 분리하는 게 어때요?,Propose separating evaluation data from training data.,평가용 데이터와 훈련용 데이터를 분리하자고 제안하다.,When should datasets be segregated?,데이터셋은 언제 분리해야 하나요?,segregate data,"[""segregate data""]","[""""]",separate,"[""separate"",""seclude"",""dissociate""]",segregate data,구분해서 따로 나누다,default,,26,44,TOEFL_30x56_FINAL,yes,PASS,95,A,What do you say ... ?,어때요 ...?,95,A,,PASS,I'll see ...,,I'll be sure to ...,,I'll let you know ...,,Create a natural example sentence using the target word and chosen pattern.,Suggestion,"분리하다, 격리하다",Technology,11,Question,,,,,,,,VOCAB,,,,,,,,,,,,,,,,,,,,,
TOEFL,T_D15_22,15,22,sporadically,이따금씩,"occasionally, at intervals, infrequently",adv.,Plans & Possibilities,계획과 가능성 말하기,47,Advanced,2,You could at least call sporadically between visits.,방문 사이에라도 가끔씩은 전화라도 할 수 있잖아.,You might at least phone occasionally when you're away.,없을 때라도 가끔 전화는 할 수 있지 않니.,What does 'sporadically' mean here?,'sporadically'는 여기서 무슨 뜻인가요?,happen sporadically,"[""happen sporadically"",""occur sporadically""]","[""이따금 발생하다"",""드물게 일어나다""]",occasionally,"[""occasionally"",""infrequently""]",sporadically visit,간헐적으로 일이 일어나는 이미지를 떠올리기,,,2,32,TOEFL_30x56_FINAL,YES,APPROVED,98,A,You could at least ...,적어도 ~는 할 수 있잖아,98,A,,PASS,You could at least ...,,I'll see ...,,I'll be sure to ...,,sentence_generation,,"가끔씩, 이따금씩",Daily Life,8,contrast_or_concession,,,,,,,,VOCAB,,,,,,,,,,,,,,,,,,,,,
TOEFL,T_D15_23,15,23,steadfastly,확고하게,"firmly, solidly, resolutely",adv.,Plans & Possibilities,계획과 가능성 말하기,47,Advanced,2,I'll let you know if she acts steadfastly under pressure.,그녀가 압박 속에서도 확고하게 행동하면 알려줄게.,I'll inform you whether she remains firm when stressed.,그녀가 스트레스를 받을 때도 확고한지 알려주겠다.,Can someone act steadfastly under stress?,누군가 스트레스 속에서도 확고하게 행동할 수 있나요?,stand steadfastly,"[""stand steadfastly""]","[""""]",firmly,"[""steadfastly"",""firmly"",""resolutely""]",act steadfastly,흔들리지 않고 굳건히 서 있다,default,,30,29,TOEFL_30x56_FINAL,yes,PASS,95,A,I'll let you know ...,알려줄게,95,A,,PASS,I'll see ...,,I'll be sure to ...,,I'll let you know ...,,Create a natural example sentence using the target word and chosen pattern.,Info,확고하게; 흔들리지 않게,Hobbies,10,Statement,,,,,,,,VOCAB,,,,,,,,,,,,,,,,,,,,,
TOEFL,T_D15_24,15,24,subordinate,종속적인,"secondary, subject, dependent",adj.,Plans & Possibilities,계획과 가능성 말하기,47,Advanced,2,You might want to treat that idea as subordinate to the main plan.,그 아이디어를 주된 계획에 종속적인 것으로 여기는 게 좋다.,Consider that idea secondary to the primary plan.,그 아이디어를 주요 계획에 비해 부차적으로 생각해라.,Which tasks are subordinate in a project?,프로젝트에서 어떤 작업들이 종속적인가요?,subordinate clause/role,"[""subordinate role""]","[""""]",secondary,"[""subordinate"",""secondary"",""dependent""]",subordinate to,주된 것에 종속되거나 부차적인,default,,19,35,TOEFL_30x56_FINAL,yes,PASS,95,A,You might want to/wanna ...,...하는 게 좋다,95,A,,PASS,I'll see ...,,I'll be sure to ...,,I'll let you know ...,,Create a natural example sentence using the target word and chosen pattern.,Advice,"종속적인, 부차적인",Business,13,Statement,,,,,,,,VOCAB,,,,,,,,,,,,,,,,,,,,,
TOEFL,T_D15_25,15,25,subsequently,그 후에,"later, afterward",adv.,Plans & Possibilities,계획과 가능성 말하기,47,Advanced,2,I'll see that the documents are subsequently filed.,문서들이 그 후에 제출되도록 제가 확인하겠습니다.,I will ensure the documents get filed afterward.,그 문서들이 이후에 제출되도록 내가 보장하겠다.,What happens subsequently after approval?,승인 후에 그 다음에는 무엇이 일어나나요?,file subsequently,"[""file subsequently""]","[""""]",afterward,"[""subsequently"",""afterward"",""later""]",file subsequently,어떤 일의 바로 그 다음에 이루어짐,default,,16,1,TOEFL_30x56_FINAL,yes,PASS,95,A,I'll see ...,내가 확인해볼게,95,A,,PASS,I'll see ...,,I'll be sure to ...,,I'll let you know ...,,Create a natural example sentence using the target word and chosen pattern.,Assurance,"그 후에, 이후에",Travel,8,Statement,,,,,,,,VOCAB,,,,,,,,,,,,,,,,,,,,,
TOEFL,T_D15_26,15,26,sufficiently,충분히,"adequately, amply, satisfactorily",adv.,Plans & Possibilities,계획과 가능성 말하기,47,Advanced,2,That's where you ensure resources are sufficiently allocated.,바로 그 지점에서 자원이 충분히 배정되었는지 확인한다.,That's the point to make sure allocation is adequate.,그것이 배분이 충분한지 확인해야 할 지점이다.,Are resources sufficiently allocated here?,여기에 자원이 충분히 배정되어 있나요?,sufficiently allocated,"[""sufficiently allocated""]","[""""]",adequately,"[""sufficiently"",""adequately"",""amply""]",sufficiently allocated,필요한 만큼 충분히 갖추어 놓다,default,,2,41,TOEFL_30x56_FINAL,yes,PASS,95,A,That's where ...,바로 그때/그곳,95,A,,PASS,I'll see ...,,I'll be sure to ...,,I'll let you know ...,,Create a natural example sentence using the target word and chosen pattern.,Explanation,충분히,Family & Friends,8,Statement,,,,,,,,VOCAB,,,,,,,,,,,,,,,,,,,,,
TOEFL,T_D15_27,15,27,superficial,표면적인,"external, not deep, exterior",adj.,Plans & Possibilities,계획과 가능성 말하기,47,Advanced,2,I'm not used to such superficial responses anymore.,이런 피상적인 반응에는 더 이상 익숙하지 않아.,I no longer accept shallow or surface-level replies.,나는 더 이상 표면적인 답변을 받아들이지 않는다.,What does 'superficial' mean here?,'superficial'는 여기서 무슨 뜻인가요?,superficial understanding,"[""superficial understanding"",""superficial analysis""]","[""피상적인 이해"",""겉핥기식 분석""]",shallow,"[""shallow"",""surface-level""]",superficial response,깊이 없이 표면만 스치는 모습을 떠올리기,,,12,30,TOEFL_30x56_FINAL,YES,APPROVED,98,A,I'm not used to ...ing,~하는 것에 익숙하지 않다,98,A,,PASS,I'm not used to ...ing,,I'm not clear ...,,It's not that ...,,sentence_generation,,"표면적인, 깊이가 없는",Daily Life,8,comparison,,,,,,,,VOCAB,,,,,,,,,,,,,,,,,,,,,
TOEFL,T_D15_28,15,28,terrestrial,지구의,"earthly, worldly",adj.,Plans & Possibilities,계획과 가능성 말하기,47,Advanced,2,Should I study terrestrial ecosystems for tomorrow's field quiz?,내일 현장 퀴즈를 위해 육상 생태계를 공부해야 할까요?,Ask whether to review land-based ecosystems for the quiz.,퀴즈를 위해 육지 생태계를 복습해야 하는지 묻다.,What topics are terrestrial ecosystems part of?,육상 생태계는 어떤 주제에 속하나요?,terrestrial ecosystem,"[""terrestrial ecosystem""]","[""""]",earthly,"[""terrestrial"",""earthly"",""land-based""]",terrestrial ecosystem,땅 위에서 일어나는 것 또는 지구의,default,,12,26,TOEFL_30x56_FINAL,yes,PASS,95,A,Should I ...?,내가 ...할까?,95,A,,PASS,I'll see ...,,I'll be sure to ...,,I'll let you know ...,,Create a natural example sentence using the target word and chosen pattern.,Question,"지구의, 육지의",Business,9,Question,,,,,,,,VOCAB,,,,,,,,,,,,,,,,,,,,,
TOEFL,T_D15_29,15,29,indeed,사실은,"in truth, in fact",adv.,Cause & Effect,원인과 결과 연결하기,58,Core,3,"I'm in the middle of checking prices, indeed.","나 지금 가격을 확인하는 중이야, 사실이야.","I'm currently comparing prices, truly.","나는 현재 가격을 비교하는 중이다, 정말이다.",How is 'indeed' used here?,'indeed'는 여기서 어떻게 쓰였나요?,indeed true,"[""indeed true"",""indeed it is""]","[""정말로 사실인"",""정말 그렇다""]",truly,"[""truly"",""in fact""]",indeed true,강조하여 '정말로'라는 느낌을 주는 표현 기억하기,,,6,36,TOEFL_30x56_FINAL,YES,APPROVED,98,A,I'm in the middle of ...,지금 한창 ~하는 중이다,98,A,,PASS,I'm in the middle of ...,,I'll see ...,,I'll be sure to ...,,sentence_generation,,"사실은, 정말로",Shopping & Services,8,statement,,,,,,,,VOCAB,,,,,,,,,,,,,,,,,,,,,
TOEFL,T_D15_30,15,30,infer,추론하다,"conclude, derive, reason, deduce",v.,Cause & Effect,원인과 결과 연결하기,58,Core,3,When do you think students can infer the main point?,학생들이 언제 주요 요지를 추론할 수 있다고 생각하나요?,Ask when learners are able to deduce the central idea.,학습자들이 중심 생각을 언제 추론할 수 있는지 묻다.,How do you teach students to infer meaning?,학생들에게 의미를 추론하는 법을 어떻게 가르치나요?,infer the main point,"[""infer the main point""]","[""""]",deduce,"[""infer"",""deduce"",""conclude""]",infer the main point,주어진 정보로 근거를 찾아 결론을 내리다,default,,21,49,TOEFL_30x56_FINAL,yes,PASS,95,A,When do you think ...?,언제 ...할 것 같아요?,95,A,,PASS,I'll see ...,,I'll be sure to ...,,I'll let you know ...,,Create a natural example sentence using the target word and chosen pattern.,Question,"추론하다, (근거로) 추정하다",School & Learning,10,Question,,,,,,,,VOCAB,,,,,,,,,,,,,,,,,,,,,
TOEFL,T_D16_01,16,1,innate,선천적인,"inborn, natural, native",adj.,Cause & Effect,원인과 결과 연결하기,58,Core,3,I see her creativity is truly innate.,나는 그녀의 창의력이 정말 타고났다는 걸 알겠어.,Her creativity is naturally inborn.,그녀의 창의력은 선천적이다.,Do you think creativity is innate?,창의력이 타고난 거라고 생각해?,innate talent,"[""innate talent"",""innate ability""]","[""타고난 재능"",""선천적 능력""]",inborn,"[""inborn"",""natural""]",,"innate = 타고난, 선천적인 성질로 기억하세요.",,,2,36,TOEFL_30x56_FINAL,1,PASS,98,A,I see ...,알겠어 ...,98,A,,PASS,I'll see ...,,I'll be sure to ...,,I'll let you know ...,,Create example sentence,statement,선천적으로 타고난 성질,Family & Friends,7,statement,,,,,,,,VOCAB,,,,,,,,,,,,,,,,,,,,,
TOEFL,T_D16_02,16,2,intact,손상되지 않은,"undamaged, unbroken, whole, complete, unaffected",adj.,Cause & Effect,원인과 결과 연결하기,58,Core,3,Are you saying the vase stayed intact?,그 말은 그 꽃병이 손상되지 않고 남아있었다는 뜻인가요?,Do you mean it wasn't damaged?,손상되지 않았다는 뜻인가요?,Is it completely intact?,완전히 온전한 건가요?,remain intact,"[""remain intact"",""left intact""]","[""손상되지 않고 남다"",""멀쩡한 상태로 남다""]",undamaged,"[""undamaged"",""unbroken""]",,intact = 손상되지 않고 온전한 상태( in + tact 기억),,,15,1,TOEFL_30x56_FINAL,1,PASS,98,A,Are you saying(that) ... ?,그 말은 ...라는 건가요?,98,A,,PASS,I'll see ...,,I'll be sure to ...,,I'll let you know ...,,Create example sentence,question,손상되지 않고 온전한 상태,Daily Life,7,question,,,,,,,,VOCAB,,,,,,,,,,,,,,,,,,,,,
TOEFL,T_D16_03,16,3,invent,발명하다,"devise, originate",v.,Cause & Effect,원인과 결과 연결하기,58,Core,3,You can't just invent facts without evidence.,당신은 증거 없이 사실을 만들어낼 수는 없어.,It's unacceptable to invent claims without proof.,증거 없이 주장을 날조하는 것은 용납될 수 없다.,Why would someone invent data?,왜 누가 데이터를 조작하겠어?,invent a device,"[""invent a device"",""invent a story""]","[""장치를 발명하다"",""이야기를 꾸며내다""]",devise,"[""devise"",""originate""]",,"invent = 발명하다, 새로운 것을 만들어 내다.",,,23,37,TOEFL_30x56_FINAL,1,PASS,98,A,You can't (just) ...,그냥 ...할 수는 없어,98,A,,PASS,I'll see ...,,I'll be sure to ...,,I'll let you know ...,,Create example sentence,statement,"새로운 것을 만들어 내다, 발명하다",Business,7,statement,,,,,,,,VOCAB,,,,,,,,,,,,,,,,,,,,,
TOEFL,T_D16_04,16,4,invoke,"부르다, 기원하다","call upon, pray to, conjure",v.,Cause & Effect,원인과 결과 연결하기,58,Core,2,I'll be sure to invoke the API tonight.,확실히 오늘 밤 API를 호출할게요.,I'll call the API later tonight.,오늘 밤에 API를 호출하겠습니다.,Can you test the API after that?,그럼 그 후에 API를 테스트해줄래요?,invoke an API,"[""invoke an API"",""invoke a function""]","[""API를 호출하다"",""함수를 호출하다""]",call upon,"[""call upon"",""summon""]",,invoke = 호출하다(함수나 API를 부를 때 사용).,,,1,27,TOEFL_30x56_FINAL,1,PASS,98,A,I'll be sure to ...,확실히 ~할게요,98,A,,PASS,I'll be sure to ...,,I'm not used to ...ing,,would hate to ...,,Create example sentence,commitment,요청·명령으로 어떤 기능을 실행하다,Technology,8,statement,,,,,,,,VOCAB,,,,,,,,,,,,,,,,,,,,,
TOEFL,T_D16_05,16,5,justly,"공정하게, 정당하게","rightfully, justifiably, lawfully",adv.,Cause & Effect,원인과 결과 연결하기,58,Core,3,I think you deserve to be treated justly.,당신은 정당하게 대우받을 자격이 있다고 생각해.,You merit fair treatment.,당신은 공정한 대우를 받을 만하다.,Has anyone treated you unfairly?,누가 당신을 불공정하게 대했나요?,treated justly,"[""treated justly"",""rewarded justly""]","[""정당하게 대우받다"",""정당하게 보상받다""]",fairly,"[""fairly"",""rightfully""]",,"justly = 공정하게, 정당하게.",,,4,14,TOEFL_30x56_FINAL,1,PASS,98,A,I think you deserve ...,당신은 ...받을 자격이 있다고 생각해요,98,A,,PASS,I'll see ...,,I'll be sure to ...,,I'll let you know ...,,Create example sentence,opinion,정당하고 공정하게 대우받다,Daily Life,8,statement,,,,,,,,VOCAB,,,,,,,,,,,,,,,,,,,,,
TOEFL,T_D16_06,16,6,keen,예리한,"sharp, acute",adj.,Cause & Effect,원인과 결과 연결하기,58,Core,3,I'm not used to feeling such keen pain.,나는 이렇게 예리한 통증을 느끼는 데 익숙하지 않다.,Such sharp pain is unfamiliar to me.,그런 예리한 통증은 나에게 익숙하지 않다.,Have you told the doctor?,의사에게 말했나요?,keen pain,"[""keen pain"",""keen insight""]","[""예리한 통증"",""예리한 통찰""]",acute,"[""sharp"",""acute""]",,"keen = 예리한, 통증이 날카로운 느낌.",,,16,30,TOEFL_30x56_FINAL,1,PASS,98,A,I'm not used to ...ing,나는 ~에 익숙하지 않다,98,A,,PASS,I'll see ...,,I'll be sure to ...,,I'll let you know ...,,Create example sentence,discomfort,예리하고 강렬한(통증),Health,8,statement,,,,,,,,VOCAB,,,,,,,,,,,,,,,,,,,,,
TOEFL,T_D16_07,16,7,keenly,"강렬하게, 몹시","deeply, intensely, acutely",adv.,Cause & Effect,원인과 결과 연결하기,58,Core,3,"If you must, observe the market keenly this week.",어쩔 수 없다면 이번 주에 시장을 매우 주의 깊게 관찰해.,Pay very close attention to the market this week.,이번 주 시장을 매우 주의 깊게 주시하세요.,Did you notice the price drop?,가격 하락을 알아차렸나요?,watch keenly,"[""watch keenly"",""keenly aware""]","[""예리하게 관찰하다"",""강렬하게 알고 있다""]",intensely,"[""intensely"",""acutely""]",,"keenly = 강렬하게, 매우 주의 깊게 보다는 뜻.",,,30,30,TOEFL_30x56_FINAL,1,PASS,98,A,"If you must, ...",어쩔 수 없다면 ...,98,A,,PASS,I'll see ...,,I'll be sure to ...,,I'll let you know ...,,Create example sentence,advice,"매우 주의 깊게, 강렬하게",Shopping & Services,9,statement,,,,,,,,VOCAB,,,,,,,,,,,,,,,,,,,,,
TOEFL,T_D16_08,16,8,launch,시작하다,"start, begin, initiate, commence",v.,Cause & Effect,원인과 결과 연결하기,58,Core,3,I'll let you know when we launch.,우리가 출발(시작)할 때 알려줄게.,I'll inform you once we begin.,우리가 시작하면 알려드릴게요.,Will you be ready then?,그때 준비할 수 있나요?,launch a trip,"[""launch a trip"",""launch a campaign""]","[""여행을 시작하다"",""캠페인을 시작하다""]",start,"[""start"",""begin"",""initiate""]",,"launch = 시작하다, 출발시키다.",,,5,18,TOEFL_30x56_FINAL,1,PASS,98,A,I'll let you know ...,알려줄게요 ...,98,A,,PASS,I'll see ...,,I'll be sure to ...,,I'll let you know ...,,Create example sentence,promise,"시작하다, 출범하다",Travel,7,statement,,,,,,,,VOCAB,,,,,,,,,,,,,,,,,,,,,
TOEFL,T_D16_09,16,9,lavish,"풍부한, 호화로운","rich, deluxe, luxurious",adj.,Cause & Effect,원인과 결과 연결하기,58,Core,3,"I'll tell you what, let's throw her a lavish party.","내가 말인데, 그녀를 위해 호화로운 파티를 열자.",Let's organize an extravagant party for her.,그녀를 위해 호화로운 파티를 준비하자.,When should we invite people?,사람들을 언제 초대할까?,lavish party,"[""lavish party"",""lavish gifts""]","[""호화로운 파티"",""풍성한 선물""]",extravagant,"[""luxurious"",""extravagant"",""sumptuous""]",,"lavish = 풍부하고 화려한, 호화로운.",,,17,43,TOEFL_30x56_FINAL,1,PASS,98,A,"I'll tell you what, ...","내가 말하는데, ...",98,A,,PASS,I'll see ...,,I'll be sure to ...,,I'll let you know ...,,Create example sentence,suggestion,풍부하고 호화로운,Family & Friends,10,statement,,,,,,,,VOCAB,,,,,,,,,,,,,,,,,,,,,
TOEFL,T_D16_10,16,10,lax,태만한,"careless, neglectful, negligent",adj.,Cause & Effect,원인과 결과 연결하기,58,Core,3,I'll be sure to fix our lax security protocols today.,확실히 오늘 우리 느슨한 보안 프로토콜을 고치겠어요.,I'll correct the negligent security measures today.,오늘 부주의한 보안 조치를 바로잡겠습니다.,Can IT handle the update?,IT가 업데이트를 처리할 수 있나요?,lax security,"[""lax security"",""lax enforcement""]","[""느슨한 보안"",""불충분한 집행""]",negligent,"[""negligent"",""careless"",""slack""]",,"lax = 태만한, 느슨한(보안 등이 느슨함).",,,16,27,TOEFL_30x56_FINAL,1,PASS,98,A,I'll be sure to ...,확실히 ~할게요,98,A,,PASS,I'll see ...,,I'll be sure to ...,,I'll let you know ...,,Create example sentence,commitment,"태만해서 헐거운, 부주의한",Business,10,statement,,,,,,,,VOCAB,,,,,,,,,,,,,,,,,,,,,
TOEFL,T_D16_11,16,11,lessen,줄이다,"reduce, abate, diminish",v.,Cause & Effect,원인과 결과 연결하기,58,Core,3,I'll be sure to lessen the noise after ten.,나는 10시 이후에 소음을 줄이도록 할게요.,I'll reduce the noise after ten o'clock.,10시 이후에 소음을 줄이겠습니다.,Will that be okay?,괜찮을까요?,lessen the impact,"[""lessen the impact"",""lessen the risk""]","[""영향을 줄이다"",""위험을 경감하다""]",reduce,"[""reduce"",""diminish""]",,"lessen = 줄이다, 감소시키다.",,,25,53,TOEFL_30x56_FINAL,1,PASS,98,A,I'll be sure to ...,확실히 ~할게요,98,A,,PASS,I'll see ...,,I'll be sure to ...,,I'll let you know ...,,Create example sentence,commitment,"줄이다, 감소시키다",Daily Life,9,statement,,,,,,,,VOCAB,,,,,,,,,,,,,,,,,,,,,
TOEFL,T_D16_12,16,12,lethal,치명적인,"deadly, dangerous, fatal, pernicious",adj.,Cause & Effect,원인과 결과 연결하기,58,Core,3,I feel sorry for workers exposed to lethal chemicals.,나는 유독 물질에 노출된 노동자들이 안타깝다.,I pity workers exposed to deadly chemicals.,치명적인 화학물질에 노출된 노동자들이 안타깝다.,Who do you feel sorry for?,누구를 안타깝게 생각하나요?,lethal chemicals,"[""lethal chemicals""]","[""치명적인 물질""]",deadly,"[{""word"":""deadly""},{""word"":""fatal""}]",lethal chemicals,lethal = 치명적인,,,14,1,TOEFL_30x56_FINAL,1,PASS,95,A,I feel sorry for ...,나는 ...가 안타깝다,95,A,,PASS,I'll see ...,,I'll be sure to ...,,I'll let you know ...,,Create a natural sentence using the target word and pattern.,Empathy,사람을 죽게 하는,Health,9,declarative,,,,,,,,VOCAB,,,,,,,,,,,,,,,,,,,,,
TOEFL,T_D16_13,16,13,linger,남다,"remain, stay",v.,Cause & Effect,원인과 결과 연결하기,58,Core,3,I don't know how the smell can linger.,냄새가 어떻게 계속 남아 있는지 모르겠어.,I can't figure out why the smell lingers.,냄새가 왜 오래 남는지 모르겠다.,Why do smells sometimes linger?,왜 어떤 냄새는 오래 남을까?,linger on,"[""linger on"", ""linger in memory""]","[""계속 남아 있다"", ""기억에 남다""]",remain,"[{""word"":""remain""},{""word"":""persist""}]",linger,"linger = 남다, 계속 존재하다",,,25,40,TOEFL_30x56_FINAL,1,PASS,95,A,I don't know how ...,어떻게 ...하는지 모르겠다,95,A,,PASS,I'll see ...,,I'll be sure to ...,,I'll let you know ...,,Create a natural sentence using the target word and pattern.,Expression of uncertainty,"남아 있다, 계속 존재하다",Daily Life,8,declarative,,,,,,,,VOCAB,,,,,,,,,,,,,,,,,,,,,
TOEFL,T_D16_14,16,14,lodge,박히다,"embed, implant",v.,Cause & Effect,원인과 결과 연결하기,58,Core,3,I'll let you know if the thorn lodges.,가시가 박히면 알려줄게요.,I'll inform you if a thorn gets stuck.,가시가 박히면 알려드리겠습니다.,Do you need tweezers?,핀셋이 필요하나요?,lodged in,"[""lodged in"",""lodge in tissue""]","[""박혀 있다"",""조직에 박히다""]",embed,"[""embed"",""implant"",""stick""]",,"lodge = 박히다, (무엇이) 끼어들어 고정되다.",,,5,38,TOEFL_30x56_FINAL,1,PASS,98,A,I'll let you know ...,알려줄게요 ...,98,A,,PASS,I'll see ...,,I'll be sure to ...,,I'll let you know ...,,Create example sentence,promise,"박히다, (무언가가) 끼어 고정되다",Travel,8,statement,,,,,,,,VOCAB,,,,,,,,,,,,,,,,,,,,,
TOEFL,T_D16_15,16,15,loose,느슨한,"not strict, relaxed, slack",adj.,Cause & Effect,원인과 결과 연결하기,58,Core,3,I'm not used to our family's loose schedule.,우리 가족의 느슨한 일정에 익숙하지 않아요.,I'm unfamiliar with such a relaxed family schedule.,그런 느긋한 가족 일정에 익숙하지 않습니다.,Should we set stricter times?,더 엄격한 시간을 정할까?,loose schedule,"[""loose schedule"",""loose clothing""]","[""느슨한 일정"",""헐거운 옷""]",relaxed,"[""relaxed"",""slack""]",,"loose = 느슨한, 엄격하지 않은 상태.",,,3,54,TOEFL_30x56_FINAL,1,PASS,98,A,I'm not used to ...ing,나는 ~에 익숙하지 않다,98,A,,PASS,I'm not used to ...ing,,I'm not clear ...,,It's not that ...,,Create example sentence,adaptation,느슨하고 엄격하지 않은,Family & Friends,8,statement,,,,,,,,VOCAB,,,,,,,,,,,,,,,,,,,,,
TOEFL,T_D16_16,16,16,lucid,명료한,"clear, obvious, distinct",adj.,Cause & Effect,원인과 결과 연결하기,58,Core,3,I'm not clear on his surprisingly lucid explanation.,나는 그의 놀랍도록 명료한 설명이 잘 이해되지 않아요.,I don't fully understand his clear explanation.,나는 그의 명확한 설명을 완전히 이해하지 못했다.,Can you summarize his point?,그의 요점을 요약해줄래?,lucid explanation,"[""lucid explanation"",""lucid dream""]","[""명료한 설명"",""선명한 꿈""]",clear,"[""clear"",""distinct"",""comprehensible""]",,"lucid = 명료한, 이해하기 쉬운 상태.",,,22,51,TOEFL_30x56_FINAL,1,PASS,98,A,I'm not clear ...,나는 ~가 분명하지 않다,98,A,,PASS,I'm not clear ...,,I'll see ...,,I'll be sure to ...,,Create example sentence,clarification,명료하고 이해하기 쉬운,School & Learning,8,statement,,,,,,,,VOCAB,,,,,,,,,,,,,,,,,,,,,
TOEFL,T_D16_17,16,17,mainly,주로,"principally, generally, primarily, chiefly",adv.,Cause & Effect,원인과 결과 연결하기,58,Core,3,I don't get why people shop mainly online.,사람들이 왜 주로 온라인에서 쇼핑하는지 이해가 안 돼.,I can't understand why people mainly shop online.,사람들이 주로 온라인으로 쇼핑하는 이유를 이해할 수 없다.,Why do people shop mainly online?,사람들이 왜 주로 온라인에서 쇼핑하나요?,shop mainly online,"[""shop mainly online""]","[""주로 온라인에서 쇼핑하다""]",primarily,"[{""word"":""primarily""},{""word"":""chiefly""}]",mainly,mainly = 주로,,,11,31,TOEFL_30x56_FINAL,1,PASS,95,A,I don't get ...,나는 ...를 이해하지 못하겠다,95,A,,PASS,I'll see ...,,I'll be sure to ...,,I'll let you know ...,,Create a natural sentence using the target word and pattern.,Confusion,주로,Shopping & Services,8,declarative,,,,,,,,VOCAB,,,,,,,,,,,,,,,,,,,,,
TOEFL,T_D16_18,16,18,marked,"두드러진, 현저한","noticeable, considerable, prominent, discernible",adj.,Cause & Effect,원인과 결과 연결하기,58,Core,3,What's the point of such marked changes?,그렇게 뚜렷한 변화가 무슨 의미가 있지?,Why bother with such noticeable changes?,그렇게 눈에 띄는 변화를 굳이 하는 이유가 뭐지?,What's the point of marked changes?,눈에 띄는 변화가 무슨 소용이 있나요?,marked change,"[""marked change"", ""marked improvement""]","[""현저한 변화"", ""뚜렷한 개선""]",noticeable,"[{""word"":""noticeable""},{""word"":""pronounced""}]",marked changes,"marked = 현저한, 눈에 띄는",,,13,8,TOEFL_30x56_FINAL,1,PASS,95,A,What's the point of ...?,...의 무슨 의미가 있나?,95,A,,PASS,I'll see ...,,I'll be sure to ...,,I'll let you know ...,,Create a natural sentence using the target word and pattern.,Questioning purpose,뚜렷하게 눈에 띄는,Daily Life,7,question,,,,,,,,VOCAB,,,,,,,,,,,,,,,,,,,,,
TOEFL,T_D16_19,16,19,masked,"가면을 쓴, 감춘","concealed, covered",adj.,Cause & Effect,원인과 결과 연결하기,58,Core,3,I can see that the risk was masked.,그 위험이 가려져 있었다는 것을 알 수 있어.,It's clear to me that the risk was concealed.,그 위험이 숨겨져 있었다는 것이 분명하다.,What can you see?,무엇이 보여요?,masked data,"[""masked data"", ""masked symptoms""]","[""가려진 데이터"", ""숨겨진 증상""]",concealed,"[{""word"":""concealed""},{""word"":""hidden""}]",masked risk,"masked = 숨겨진, 감춰진",,,24,32,TOEFL_30x56_FINAL,1,PASS,95,A,I can see (that) ...,나는 ...라는 것을 알겠다,95,A,,PASS,I'll see ...,,I'll be sure to ...,,I'll let you know ...,,Create a natural sentence using the target word and pattern.,Perception,가려지거나 숨겨진,Business,8,declarative,,,,,,,,VOCAB,,,,,,,,,,,,,,,,,,,,,
TOEFL,T_D16_20,16,20,match,"맞먹다, 필적하다","equal, rival, parallel",v.,Cause & Effect,원인과 결과 연결하기,58,Core,3,"The way I see it, no design can match ours.",내 생각에는 어떤 디자인도 우리 디자인과 필적할 수 없어.,I believe nothing equals our design.,우리 디자인과 맞먹는 것은 없다고 믿는다.,What do you think can match ours?,무엇이 우리 것과 필적할 수 있다고 생각하나요?,match our design,"[""match our design"", ""match expectations""]","[""우리 디자인과 맞먹다"", ""기대에 부응하다""]",equal,"[{""word"":""equal""},{""word"":""rival""}]",match ours,"match = 필적하다, 맞먹다",,,27,9,TOEFL_30x56_FINAL,1,PASS,95,A,"The way I see it, ...",내가 보기에는,95,A,,PASS,I'll see ...,,I'll be sure to ...,,I'll let you know ...,,Create a natural sentence using the target word and pattern.,Opinion,"필적하다, 대등하다",Hobbies,10,opinion,,,,,,,,VOCAB,,,,,,,,,,,,,,,,,,,,,
TOEFL,T_D16_21,16,21,meager,불충분한,"scanty, scarce, very low, deficient",adj.,Cause & Effect,원인과 결과 연결하기,58,Core,3,I could never accept such meager funding for research.,나는 연구를 위한 그렇게 빈약한 자금을 결코 받아들일 수 없어.,I won't accept very small research funding.,매우 적은 연구 자금은 받아들일 수 없다.,Could you accept meager funding?,빈약한 자금을 받아들일 수 있나요?,meager funding,"[""meager funding"", ""meager income""]","[""빈약한 자금"", ""적은 수입""]",insufficient,"[{""word"":""insufficient""},{""word"":""scanty""}]",meager funding,"meager = 빈약한, 불충분한",,,14,12,TOEFL_30x56_FINAL,1,PASS,95,A,I could never ...,나는 결코 ...할 수 없다,95,A,,PASS,I'll see ...,,I'll be sure to ...,,I'll let you know ...,,Create a natural sentence using the target word and pattern.,Strong feeling,매우 부족한,Technology,9,declarative,,,,,,,,VOCAB,,,,,,,,,,,,,,,,,,,,,
TOEFL,T_D16_22,16,22,menace,위협하다,"threaten, intimidate, frighten",v.,Cause & Effect,원인과 결과 연결하기,58,Core,3,I've got a problem with dogs that menace the neighborhood.,나는 동네 사람들을 위협하는 개들이 문제야.,I have an issue with dogs that threaten people in the neighborhood.,동네 사람들을 위협하는 개들이 문제다.,What problem do you have?,무슨 문제가 있나요?,menace to,"[""menace to society"", ""menace pedestrians""]","[""사회에 대한 위협"", ""보행자를 위협하다""]",threaten,"[{""word"":""threaten""},{""word"":""intimidate""}]",menace the neighborhood,menace = 위협하다,,,11,23,TOEFL_30x56_FINAL,1,PASS,95,A,I've got a problem with ...,나는 ...에 문제가 있다,95,A,,PASS,I'll see ...,,I'll be sure to ...,,I'll let you know ...,,Create a natural sentence using the target word and pattern.,Complaint,"위협하다, 겁주다",Daily Life,10,complaint,,,,,,,,VOCAB,,,,,,,,,,,,,,,,,,,,,
TOEFL,T_D16_23,16,23,mere,"단지 ~에 불과한, 하찮은","nothing more than, insignificant",adj.,Cause & Effect,원인과 결과 연결하기,58,Core,3,There's nothing like a mere cough to cause worry nowadays.,요즘에는 단지 기침 한 번만으로도 걱정이 되는 경우가 많다.,Even a simple cough can cause concern these days.,단순한 기침조차 요즘에는 우려를 불러일으킬 수 있다.,Did you see a doctor?,의사에게 진료받았나요?,mere mortal,"[""mere mortal"",""mere suggestion""]","[""단순한 인간"",""단지 제안""]",only,"[""only"",""simply""]",,"mere = 단지 ~에 불과한, 하찮은.",,,21,14,TOEFL_30x56_FINAL,1,PASS,98,A,There's nothing like ...,~만한 것은 없다,98,A,,PASS,There's nothing like ...,,I'll see ...,,I'll be sure to ...,,Create example sentence,statement,"단지 ~에 불과한, 하찮은",Health,10,statement,,,,,,,,VOCAB,,,,,,,,,,,,,,,,,,,,,
TOEFL,T_D16_24,16,24,merely,단지,"simply, only, no more than, just, purely",adv.,Cause & Effect,원인과 결과 연결하기,58,Core,3,There's no excuse for merely ignoring customer complaints.,고객 불만을 단순히 무시하는 건 변명할 여지가 없다.,Simply ignoring customer complaints is inexcusable.,고객 불만을 단순히 무시하는 것은 용서받을 수 없다.,Who handles complaints?,누가 불만을 처리하나요?,merely cosmetic,"[""merely stated"",""merely cosmetic""]","[""단지 진술된"",""단순히 외관상의""]",simply,"[""simply"",""only""]",,"merely = 단지, 단순히.",,,13,1,TOEFL_30x56_FINAL,1,PASS,98,A,There's no excuse for ...,변명할 여지가 없다,98,A,,PASS,No one would ...,,Let's just Say ...,,There's no way ...,,Create example sentence,statement,"단지, 단순히",Business,8,statement,,,,,,,,VOCAB,,,,,,,,,,,,,,,,,,,,,
TOEFL,T_D16_25,16,25,merge,"합치다, 융합하다","combine, blend, fuse",v.,Cause & Effect,원인과 결과 연결하기,58,Core,3,There's no way these itineraries will merge smoothly.,이 일정들이 순조롭게 합쳐질 방법이 없어.,It's impossible for these itineraries to combine smoothly.,이 여행 일정들이 순조롭게 합쳐지기는 불가능하다.,Can these itineraries merge smoothly?,이 일정들이 순조롭게 합쳐질 수 있나요?,merge with,"[""merge with"", ""merge into""]","[""~와 합치다"", ""~로 합쳐지다""]",combine,"[{""word"":""combine""},{""word"":""fuse""}]",merge smoothly,"merge = 합치다, 융합하다",,,5,8,TOEFL_30x56_FINAL,1,PASS,95,A,There's no way ...,...할 방법이 없다,95,A,,PASS,I'll see ...,,I'll be sure to ...,,I'll let you know ...,,Create a natural sentence using the target word and pattern.,Impossibility,"합쳐지다, 통합되다",Travel,8,declarative,,,,,,,,VOCAB,,,,,,,,,,,,,,,,,,,,,
TOEFL,T_D16_26,16,26,mimic,"흉내 내다, 모방하다","imitate, copy, reproduce",v.,Cause & Effect,원인과 결과 연결하기,58,Core,3,I'll see if the kids mimic your silly dance moves.,아이들이 당신의 바보 같은 춤 동작을 흉내내는지 볼게요.,I'll check whether the children copy your funny dance steps.,아이들이 당신의 재미있는 춤 동작을 따라하는지 확인하겠습니다.,Do they like dancing?,아이들이 춤을 좋아하나요?,mimic behavior,"[""mimic behavior"",""mimic sounds""]","[""행동을 흉내내다"",""소리를 모방하다""]",imitate,"[""imitate"",""copy"",""reproduce""]",,"mimic = 흉내 내다, 모방하다.",,,20,11,TOEFL_30x56_FINAL,1,PASS,98,A,I'll see ...,내가 볼게요,98,A,,PASS,I'll see ...,,I'll be sure to ...,,I'll let you know ...,,Create example sentence,offer/check,"흉내 내다, 모방하다",Family & Friends,10,statement,,,,,,,,VOCAB,,,,,,,,,,,,,,,,,,,,,
TOEFL,T_D16_27,16,27,minute,아주 작은,"tiny, very small, diminutive",adj.,Cause & Effect,원인과 결과 연결하기,58,Core,3,What's it like to live in minute quarters?,아주 작은 방에서 사는 건 어떤 기분이야?,How does it feel to live in a very small space?,아주 작은 공간에서 사는 것이 어떤 느낌인지?,What's it like living in minute quarters?,아주 작은 공간에서 사는 것은 어떤가요?,minute detail,"[""minute detail"", ""minute amount""]","[""아주 작은 세부사항"", ""아주 작은 양""]",tiny,"[{""word"":""tiny""},{""word"":""very small""}]",minute quarters,minute = 아주 작은,,,9,12,TOEFL_30x56_FINAL,1,PASS,95,A,What's it like ... ?,어떤가요?,95,A,,PASS,I'll see ...,,I'll be sure to ...,,I'll let you know ...,,Create a natural sentence using the target word and pattern.,Inquiry,아주 작은,Daily Life,8,question,,,,,,,,VOCAB,,,,,,,,,,,,,,,,,,,,,
TOEFL,T_D16_28,16,28,model,견본,"specimen, prototype, example",n.,Cause & Effect,원인과 결과 연결하기,58,Core,3,"I'll tell you what, that model proves the concept.","내가 말할게, 그 견본은 그 개념을 증명해.",Let me say it: that prototype demonstrates the concept.,"내 말은, 그 시제품이 그 개념을 입증한다.",What does the model prove?,그 견본은 무엇을 증명하나요?,scale model,"[""scale model"", ""prototype model""]","[""축소 모형"", ""시제품""]",prototype,"[{""word"":""prototype""},{""word"":""specimen""}]",that model,"model = 견본, 시제품",,,13,45,TOEFL_30x56_FINAL,1,PASS,95,A,"I'll tell you what, ...","내가 말할게, ...",95,A,,PASS,I'll see ...,,I'll be sure to ...,,I'll let you know ...,,Create a natural sentence using the target word and pattern.,Offering opinion,"견본, 시제품",Business,9,statement,,,,,,,,VOCAB,,,,,,,,,,,,,,,,,,,,,
TOEFL,T_D16_29,16,29,modify,"바꾸다, 조정하다","change, alter, adjust, adapt",v.,Cause & Effect,원인과 결과 연결하기,58,Core,3,I can't see why you'd need to modify it.,왜 그것을 수정해야 하는지 이해할 수 없어.,I don't understand why it should be changed.,왜 그것을 바꿔야 하는지 이해가 안 간다.,Why would you modify it?,왜 그것을 수정하겠습니까?,modify settings,"[""modify settings"", ""modify behavior""]","[""설정을 수정하다"", ""행동을 조정하다""]",alter,"[{""word"":""alter""},{""word"":""adjust""}]",modify it,"modify = 바꾸다, 조정하다",,,10,1,TOEFL_30x56_FINAL,1,PASS,95,A,I can't see ...,나는 ...을 이해할 수 없다,95,A,,PASS,I'll see ...,,I'll be sure to ...,,I'll let you know ...,,Create a natural sentence using the target word and pattern.,Incomprehension,조정하거나 변경하다,School & Learning,9,declarative,,,,,,,,VOCAB,,,,,,,,,,,,,,,,,,,,,
TOEFL,T_D16_30,16,30,mold,"형성하다, 만들다","shape, form, fashion",v.,Cause & Effect,원인과 결과 연결하기,58,Core,3,I want you to know this experience will mold you.,이 경험이 당신을 형성할 것이라는 것을 알았으면 해.,Know that this experience will shape you.,이 경험이 당신을 만들 것이라는 것을 알아두세요.,What will this experience do?,이 경험이 무엇을 할까요?,mold opinions,"[""mold opinions"", ""mold behavior""]","[""의견을 형성하다"", ""행동을 형성하다""]",shape,"[{""word"":""shape""},{""word"":""form""}]",mold you,"mold = 형성하다, 만들다",,,19,30,TOEFL_30x56_FINAL,1,PASS,95,A,I want you to know (that) ...,알았으면 해,95,A,,PASS,I'll see ...,,I'll be sure to ...,,I'll let you know ...,,Create a natural sentence using the target word and pattern.,Assurance,"형성하다, 영향을 주다",School & Learning,10,assurance,,,,,,,,VOCAB,,,,,,,,,,,,,,,,,,,,,
TOEFL,T_D17_01,17,1,mount,증가하다,"grow, increase, multiply",v.,Cause & Effect,원인과 결과 연결하기,58,Core,3,"I'll tell you what, costs continue to mount.","있잖아, 비용이 계속 증가하고 있어.",I'm pointing out that expenses are rising.,비용이 상승하고 있다는 것을 지적하는 말이다.,Why are costs mounting now?,왜 비용이 지금 증가하고 있죠?,mounting costs,"[""mounting costs"",""mount pressure""]","[""비용 증가"",""압박이 증가하다""]",increase,"[""increase"",""rise""]",mount up,산처럼 쌓여 점점 증가한다.,,,28,4,TOEFL_30x56_FINAL,TRUE,PASS,98,A,"I'll tell you what, ...","있잖아, ...",98,A,,PASS,I'll see ...,,I'll be sure to ...,,I'll let you know ...,,Create example sentence using selected pattern,opinion,점차 증가하다,Business,8,statement,,,,,,,,VOCAB,,,,,,,,,,,,,,,,,,,,,
TOEFL,T_D17_02,17,2,novel,"새로운, 신기한","new, innovative, unusual",adj.,Cause & Effect,원인과 결과 연결하기,58,Core,3,It's not that novel to me.,나에게는 그렇게 새롭지 않아.,I don't find it particularly new.,특별히 새롭다고 느끼지 않는다.,Do you think it's truly novel?,정말 새로운가요?,novel idea,"[""novel idea"",""novel approach""]","[""새로운 생각"",""신기한 접근""]",new,"[""new"",""innovative""]",novel idea,새로운 아이디어로 기억하기.,,,4,47,TOEFL_30x56_FINAL,TRUE,PASS,97,A,It's not that ...,그렇게 ~한 건 아니다,97,A,,PASS,I'll see ...,,I'll be sure to ...,,I'll let you know ...,,Create example sentence using selected pattern,negation/opinion,새롭고 신기한,Daily Life,6,statement,,,,,,,,VOCAB,,,,,,,,,,,,,,,,,,,,,
TOEFL,T_D17_03,17,3,skeptical,의심 많은,"doubting, incredulous, dubious, suspicious",adj.,Cause & Effect,원인과 결과 연결하기,53,Bridge,3,How am I supposed to stay skeptical now?,이제 어떻게 계속 의심하라는 건가요?,I can't figure out how to remain doubtful now.,이제 어떻게 계속 회의적이어야 할지 모르겠다.,What does 'skeptical' mean here?,여기서 'skeptical'은 무슨 뜻인가요?,stay skeptical,"[""stay skeptical"",""be skeptical"",""remain skeptical""]","[""계속 의심하다"",""의심하다"",""의심을 유지하다""]",doubtful,"[""doubtful"",""incredulous"",""suspicious""]",stay skeptical,skeptical = 쉽게 믿지 않는 태도,,,22,1,TOEFL_30x56_FINAL,yes,PASS,95,A,How am I supposed to ...?,내가 어떻게 ~해야 하지?,95,A,,PASS,I'll see ...,,I'll be sure to ...,,I'll let you know ...,,Create one natural example sentence using the target word and chosen pattern.,,쉽게 믿지 않는,Travel,8,question,,,,,,,,VOCAB,,,,,,,,,,,,,,,,,,,,,
TOEFL,T_D17_04,17,4,spearhead,앞장서다,"lead, lead the way, head",v.,Cause & Effect,원인과 결과 연결하기,53,Bridge,3,"The way I see it, you should spearhead this.",내 생각에는 네가 이 일을 앞장서야 해.,I believe you ought to lead this project.,당신이 이 프로젝트를 이끌어야 한다고 믿는다.,Who should lead the project?,누가 그 프로젝트를 이끌어야 할까요?,spearhead a project,"[""spearhead a project"",""lead the initiative""]","[""프로젝트를 앞장서다"",""주도하다""]",lead,"[""lead"",""head""]",spearhead the initiative,창을 든 선두 주자처럼 앞장선다.,,,14,57,TOEFL_30x56_FINAL,TRUE,PASS,98,A,"The way I see it, ...","내 생각에는, ...",98,A,,PASS,like the way you ...,,"The way I see it, ...",,I hate the way you ...,,Create example sentence using selected pattern,opinion,앞장서다,Business,9,opinion_statement,,,,,,,,VOCAB,,,,,,,,,,,,,,,,,,,,,
TOEFL,T_D17_05,17,5,speculate,추측하다,"guess, suppose, hypothesize, assume",v.,Cause & Effect,원인과 결과 연결하기,53,Bridge,3,I guess they're just speculating about motives.,내 생각엔 그들이 동기를 추측하는 것뿐이야.,I suppose they're making guesses about their motives.,그들의 동기에 대해 추측하고 있다고 생각한다.,Why are they speculating?,왜 그들은 추측하고 있나요?,speculate about,"[""speculate about"",""speculate on motives""]","[""~에 대해 추측하다"",""동기를 추측하다""]",suppose,"[""guess"",""suppose""]",speculate about motives,증거 없이 추측하다 = speculate.,,,28,11,TOEFL_30x56_FINAL,TRUE,PASS,97,A,I guess (that) ...,내 생각엔 ~,97,A,,PASS,I guess (that) ...,,I'll see ...,,I'll be sure to ...,,Create example sentence using selected pattern,opinion/guess,추측하다,Daily Life,7,statement,,,,,,,,VOCAB,,,,,,,,,,,,,,,,,,,,,
TOEFL,T_D17_06,17,6,stabilize,"안정시키다, 고정시키다","hold in place, support",v.,Cause & Effect,원인과 결과 연결하기,53,Bridge,3,I'm in the middle of stabilizing the bike frame.,나는 자전거 프레임을 안정시키는 중이야.,I'm currently making the bike frame steady.,현재 자전거 프레임을 안정되게 하고 있다.,How are you stabilizing it?,어떻게 그걸 안정시키고 있어요?,stabilize the frame,"[""stabilize the frame"",""stabilize the structure""]","[""프레임을 안정시키다"",""구조를 안정시키다""]",steady,"[""steady"",""secure""]",stabilize the structure,안정(stable) + -ize 해서 안정시키다.,,,21,18,TOEFL_30x56_FINAL,TRUE,PASS,98,A,I'm in the middle of ...,한창 ~하는 중이에요,98,A,,PASS,I'm in the middle of ...,,I'll see ...,,I'll be sure to ...,,Create example sentence using selected pattern,progress_statement,안정시키다,Hobbies,9,progress_statement,,,,,,,,VOCAB,,,,,,,,,,,,,,,,,,,,,
TOEFL,T_D17_07,17,7,startling,놀라운,"surprising, astonishing, alarming",adj.,Cause & Effect,원인과 결과 연결하기,53,Bridge,3,I'll be sure to mention that startling detail.,그 놀라운 세부사항을 반드시 언급할게요.,I'll make sure to point out that surprising detail.,그 놀라운 부분을 반드시 지적하겠다는 뜻이다.,Should I include that detail too?,그 세부사항도 포함할까요?,startling detail,"[""startling discovery"",""startling detail""]","[""놀라운 발견"",""놀라운 세부사항""]",surprising,"[""surprising"",""astonishing""]",startling discovery,깜짝 놀랄 만큼 놀라운.,,,27,15,TOEFL_30x56_FINAL,TRUE,PASS,97,A,I'll be sure to ...,반드시 ~할게요,97,A,,PASS,I'll see ...,,I'll be sure to ...,,I'll let you know ...,,Create example sentence using selected pattern,promise,놀라운,Shopping & Services,8,statement,,,,,,,,VOCAB,,,,,,,,,,,,,,,,,,,,,
TOEFL,T_D17_08,17,8,steadfast,"변함없는, 확고한","unwavering, firm, enduring, resolute",adj.,Cause & Effect,원인과 결과 연결하기,53,Bridge,3,I'll let you know if she's steadfast about it.,그녀가 그것에 대해 확고하면 알려줄게.,I'll inform you if she stays firm about it.,그녀가 계속 확고하면 알려주겠다는 의미이다.,Will she change her mind?,그녀가 마음을 바꿀까요?,steadfast support,"[""steadfast support"",""steadfast commitment""]","[""변함없는 지지"",""확고한 헌신""]",resolute,"[""unwavering"",""resolute""]",steadfast commitment,변함없이(steady) 굳건하다.,,,10,24,TOEFL_30x56_FINAL,TRUE,PASS,98,A,I'll let you know ...,알려줄게요,98,A,,PASS,I'll see ...,,I'll be sure to ...,,I'll let you know ...,,Create example sentence using selected pattern,notification,"변함없는, 확고한",Family & Friends,9,conditional,,,,,,,,VOCAB,,,,,,,,,,,,,,,,,,,,,
TOEFL,T_D17_09,17,9,stimulate,"자극하다, 활성화시키다","prompt, spur, promote, activate",v.,Cause & Effect,원인과 결과 연결하기,53,Bridge,3,I'll see what might stimulate interest in the tour.,여행에 대한 관심을 자극할 수 있는지 내가 알아볼게.,I'll look for ways to increase interest in the tour.,여행에 대한 관심을 높일 방법을 찾아보겠다는 뜻이다.,What could stimulate more interest?,무엇이 더 많은 관심을 자극할 수 있을까요?,stimulate interest,"[""stimulate interest"",""stimulate growth""]","[""관심을 자극하다"",""성장을 촉진하다""]",promote,"[""prompt"",""promote""]",stimulate interest,자극해서 활성화시킨다.,,,22,33,TOEFL_30x56_FINAL,TRUE,PASS,98,A,I'll see ...,내가 알아볼게,98,A,,PASS,I'll see ...,,I'll be sure to ...,,I'll let you know ...,,Create example sentence using selected pattern,future_action,"자극하다, 활성화시키다",Travel,9,investigative_statement,,,,,,,,VOCAB,,,,,,,,,,,,,,,,,,,,,
TOEFL,T_D17_10,17,10,stipulate,요구조건을 규정하다,"require, demand, call for",v.,Cause & Effect,원인과 결과 연결하기,53,Bridge,3,There's no excuse for failing to stipulate terms clearly.,요구조건을 명확히 규정하지 않은 것은 변명의 여지가 없어.,Not defining requirements clearly cannot be justified.,요구조건을 분명히 정하지 않는 것은 정당화될 수 없다.,Who failed to stipulate the terms?,누가 조건을 규정하지 못했나요?,stipulate terms,"[""stipulate terms"",""stipulate conditions""]","[""조건을 규정하다"",""요구조건을 명시하다""]",require,"[""require"",""demand""]",stipulate terms,계약서에 조건을 적어 규정하다.,,,13,12,TOEFL_30x56_FINAL,TRUE,PASS,98,A,There's no excuse for ...,~은 변명의 여지가 없다,98,A,,PASS,I'd kill for/to ...,,I feel sorry for ...,,There's no excuse for ...,,Create example sentence using selected pattern,criticism,요구조건을 규정하다,Daily Life,9,criticism_statement,,,,,,,,VOCAB,,,,,,,,,,,,,,,,,,,,,
TOEFL,T_D17_11,17,11,stockpile,비축하다,"store up, save, reserve",v.,Cause & Effect,원인과 결과 연결하기,53,Bridge,3,I'm fed up with companies that blindly stockpile supplies.,별 이유도 없이 물자를 무작정 비축하는 회사들 정말 지긋지긋해.,I'm annoyed by firms hoarding supplies without reason.,이유 없이 물자를 비축하는 회사들에 짜증이 난다는 뜻이다.,Why are they stockpiling so much?,왜 그렇게 많이 비축하고 있나요?,stockpile supplies,"[""stockpile supplies"",""stockpile resources""]","[""물자를 비축하다"",""자원을 비축하다""]",hoard,"[""store up"",""reserve"",""hoard""]",stockpile supplies,쌓아두어 필요할 때 쓰기 위해 비축한다.,,,2,45,TOEFL_30x56_FINAL,TRUE,PASS,97,A,I'm fed up with ...,정말 지긋지긋해요,97,A,,PASS,What's up with ...?,,I'm fed up with ...,,I don't feel up to ...,,Create example sentence using selected pattern,complaint,비축하다,Business,9,complaint_statement,,,,,,,,VOCAB,,,,,,,,,,,,,,,,,,,,,
TOEFL,T_D17_12,17,12,strenuous,"격렬한, 힘든","intense, arduous, laborious",adj.,Cause & Effect,원인과 결과 연결하기,53,Bridge,3,I'll be sure to avoid strenuous exercise after surgery.,수술 후에는 격렬한 운동을 피할게요.,I'll make sure not to do intense exercise after surgery.,수술 다음에는 힘든 운동을 하지 않겠다는 약속이다.,When can you exercise again?,언제 다시 운동할 수 있나요?,strenuous exercise,"[""strenuous exercise"",""strenuous activity""]","[""격렬한 운동"",""힘든 활동""]",intense,"[""intense"",""arduous""]",strenuous activity,힘이 많이 드는 강렬한 활동.,,,1,25,TOEFL_30x56_FINAL,TRUE,PASS,97,A,I'll be sure to ...,반드시 ~할게요,97,A,,PASS,I'll see ...,,I'll be sure to ...,,I'll let you know ...,,Create example sentence using selected pattern,promise,"격렬한, 힘든",Daily Life,9,promise,,,,,,,,VOCAB,,,,,,,,,,,,,,,,,,,,,
TOEFL,T_D17_13,17,13,stringent,엄한,"strict, rigorous, tight",adj.,Cause & Effect,원인과 결과 연결하기,53,Bridge,3,I'll see if the rules are stringent enough.,규정이 충분히 엄격한지 내가 알아볼게.,I'll check whether the regulations are strict enough.,규정이 충분히 엄격한지를 확인하겠다는 뜻이다.,Are the current rules sufficient?,현재 규정이 충분한가요?,stringent rules,"[""stringent rules"",""stringent standards""]","[""엄격한 규정"",""엄격한 기준""]",strict,"[""strict"",""rigorous""]",stringent regulations,엄격하고 철저한 규칙.,,,24,16,TOEFL_30x56_FINAL,TRUE,PASS,98,A,I'll see ...,내가 알아볼게,98,A,,PASS,I'll see ...,,I'll be sure to ...,,I'll let you know ...,,Create example sentence using selected pattern,future_action,"엄한, 엄격한",Business,8,investigative_statement,,,,,,,,VOCAB,,,,,,,,,,,,,,,,,,,,,
TOEFL,T_D17_14,17,14,succulent,즙이 많은,"juicy, pulpy",adj.,Cause & Effect,원인과 결과 연결하기,53,Bridge,3,I'll let you know when the steak is succulent.,스테이크가 즙이 많아지면 알려줄게.,I'll tell you once the steak becomes juicy.,스테이크가 육즙이 많아지면 알려주겠다는 의미다.,How long until it's ready?,얼마나 지나야 준비되나요?,succulent steak,"[""succulent steak"",""succulent fruit""]","[""즙이 많은 스테이크"",""즙이 많은 과일""]",juicy,"[""juicy"",""pulpy""]",succulent steak,즙이 풍부해 맛있는 상태.,,,4,51,TOEFL_30x56_FINAL,TRUE,PASS,97,A,I'll let you know ...,알려줄게요,97,A,,PASS,I'll see ...,,I'll be sure to ...,,I'll let you know ...,,Create example sentence using selected pattern,notification,즙이 많은,Family & Friends,9,conditional,,,,,,,,VOCAB,,,,,,,,,,,,,,,,,,,,,
TOEFL,T_D17_15,17,15,supersede,대신하다,"replace, displace, supplant, substitute",v.,Cause & Effect,원인과 결과 연결하기,53,Bridge,3,"I'll tell you what, new software will supersede that.","있잖아, 새 소프트웨어가 그걸 대신할 거야.",I think the new software will replace that system.,새 소프트웨어가 그 시스템을 대체할 것 같다고 말한다.,When will the new software launch?,새 소프트웨어는 언제 출시되나요?,supersede the old,"[""supersede the old"",""supersede a system""]","[""옛 것을 대체하다"",""시스템을 대체하다""]",replace,"[""replace"",""displace""]",supersede the system,새로운 것이 옛 것을 대체한다.,,,16,10,TOEFL_30x56_FINAL,TRUE,PASS,98,A,"I'll tell you what, ...","있잖아, ...",98,A,,PASS,I'll see ...,,I'll be sure to ...,,I'll let you know ...,,Create example sentence using selected pattern,offer/opinion,대신하다,Travel,9,opinion_statement,,,,,,,,VOCAB,,,,,,,,,,,,,,,,,,,,,
TOEFL,T_D17_16,17,16,sustained,지속적인,"constant, continued, uninterrupted, prolonged",adj.,Cause & Effect,원인과 결과 연결하기,53,Bridge,3,I'll see how to maintain sustained focus in lectures.,강의 중에 지속적인 집중을 유지하는 방법을 알아볼게.,I'll find ways to keep steady attention during classes.,수업 시간 동안 꾸준히 집중하는 방법을 찾아보겠다는 의미다.,What helps sustain focus?,무엇이 집중을 지속시키나요?,sustained focus,"[""sustained focus"",""sustained effort""]","[""지속적인 집중"",""지속적인 노력""]",continued,"[""continued"",""prolonged""]",sustained attention,지속적으로 이어지는 상태.,,,15,14,TOEFL_30x56_FINAL,TRUE,PASS,98,A,I'll see ...,내가 알아볼게,98,A,,PASS,I'll see ...,,I'll be sure to ...,,I'll let you know ...,,Create example sentence using selected pattern,future_action,지속적인,School & Learning,9,investigative_statement,,,,,,,,VOCAB,,,,,,,,,,,,,,,,,,,,,
TOEFL,T_D17_17,17,17,tantalize,애타게 하다,tempt,v.,Cause & Effect,원인과 결과 연결하기,53,Bridge,3,I'll be sure to test whether the display tantalizes customers.,그 진열이 고객들의 흥미를 애타게 하는지 반드시 테스트해볼게.,I'll confirm whether the display tempts shoppers.,진열이 손님들의 욕구를 자극하는지 확인하겠다는 뜻이다.,Will the display attract buyers?,그 진열이 구매자들을 끌어들일까요?,tantalize customers,"[""tantalize customers"",""tantalize the appetite""]","[""고객을 애타게 만들다"",""식욕을 자극하다""]",tempt,"[""tempt"",""tease""]",tantalize the audience,간질간질하게 유혹하다 = tantalize.,,,18,29,TOEFL_30x56_FINAL,TRUE,PASS,97,A,I'll be sure to ...,반드시 ~할게요,97,A,,PASS,I'll see ...,,I'll be sure to ...,,I'll let you know ...,,Create example sentence using selected pattern,promise,애타게 하다,Shopping & Services,10,testing_intent,,,,,,,,VOCAB,,,,,,,,,,,,,,,,,,,,,
TOEFL,T_D17_18,17,18,temperate,기후 등이 온화한,"moderate, mild, clement",adj.,Cause & Effect,원인과 결과 연결하기,53,Bridge,3,I'll let you know if the climate remains temperate.,기후가 온화하게 유지되면 알려줄게.,I'll inform you if the weather stays mild.,날씨가 온화하게 유지되면 알려주겠다는 의미다.,Will it stay mild all week?,일주일 내내 온화할까요?,temperate climate,"[""temperate climate"",""temperate zone""]","[""온화한 기후"",""온화대""]",mild,"[""moderate"",""mild""]",temperate climate,온화하고 온도가 극단적이지 않다.,,,11,46,TOEFL_30x56_FINAL,TRUE,PASS,98,A,I'll let you know ...,알려줄게요,98,A,,PASS,I'll see ...,,I'll be sure to ...,,I'll let you know ...,,Create example sentence using selected pattern,notification,온화한,Daily Life,9,conditional,,,,,,,,VOCAB,,,,,,,,,,,,,,,,,,,,,
TOEFL,T_D17_19,17,19,unambiguous,분명한,"clear, distinct, definite",adj.,Cause & Effect,원인과 결과 연결하기,47,Advanced,2,I'm not clear whether the instructions are unambiguous or not.,지시사항이 분명한지 잘 모르겠어요.,I don't know if the directions are clear.,지시가 분명한지 확신이 없다는 뜻이다.,Can you clarify the instructions?,지시사항을 명확히 해줄 수 있나요?,unambiguous instructions,"[""unambiguous instructions"",""clear and unambiguous""]","[""분명한 지시사항"",""명확하고 분명한""]",clear,"[""clear"",""definite""]",unambiguous instructions,혼동의 여지 없이 분명하다.,,,18,48,TOEFL_30x56_FINAL,TRUE,PASS,98,A,I'm not clear ...,잘 모르겠어요,98,A,,PASS,I'm not clear ...,,I'll see ...,,I'll be sure to ...,,Create example sentence using selected pattern,uncertainty,분명한,Business,10,uncertainty_statement,,,,,,,,VOCAB,,,,,,,,,,,,,,,,,,,,,
TOEFL,T_D17_20,17,20,undoubtedly,의심할 여지없이,"certainly, definitely, without question",adv.,Cause & Effect,원인과 결과 연결하기,47,Advanced,2,"I'll tell you what, undoubtedly the patch fixed the bug.","있잖아, 의심할 여지없이 그 패치가 버그를 고쳤어.",I'm saying the update clearly fixed the problem.,업데이트가 확실히 문제를 해결했다고 말하는 표현이다.,Are you sure the patch fixed it?,패치가 확실히 고쳤나요?,undoubtedly reliable,"[""undoubtedly reliable"",""undoubtedly true""]","[""의심할 여지없이 신뢰할 만한"",""의심할 여지없이 사실인""]",certainly,"[""certainly"",""definitely""]",undoubtedly true,의심할 여지 없이 확실하다.,,,17,28,TOEFL_30x56_FINAL,TRUE,PASS,98,A,"I'll tell you what, ...","있잖아, ...",98,A,,PASS,I'll see ...,,I'll be sure to ...,,I'll let you know ...,,Create example sentence using selected pattern,opinion,의심할 여지없이,Technology,10,opinion_statement,,,,,,,,VOCAB,,,,,,,,,,,,,,,,,,,,,
TOEFL,T_D17_21,17,21,unexpectedly,뜻밖에,"surprisingly, unpredictably",adv.,Cause & Effect,원인과 결과 연결하기,47,Advanced,2,"I have to say, the recovery was unexpectedly quick.",솔직히 회복이 뜻밖에 빨랐어.,"Honestly, recovery happened surprisingly fast.",솔직히 회복이 예상보다 빠르게 일어났다는 표현이다.,Were you surprised by the recovery speed?,회복 속도에 놀랐나요?,unexpectedly quick,"[""unexpectedly quick"",""unexpectedly fast""]","[""뜻밖에 빠른"",""예상 밖으로 빠른""]",surprisingly,"[""surprisingly"",""unpredictably""]",unexpectedly quick recovery,예상 밖으로 빠르게 진행되다.,,,24,36,TOEFL_30x56_FINAL,TRUE,PASS,98,A,I have to say ...,솔직히 말하면 ...,98,A,,PASS,I'll see ...,,I'll be sure to ...,,I'll let you know ...,,Create example sentence using selected pattern,opinion,뜻밖에,Health,9,statement,,,,,,,,VOCAB,,,,,,,,,,,,,,,,,,,,,
TOEFL,T_D17_22,17,22,unpromising,가망이 없는,unfavorable,adj.,Cause & Effect,원인과 결과 연결하기,47,Advanced,2,I bet that this plan looks unpromising now.,내기하건대 이 계획은 지금 가망이 없어 보여.,I'm guessing the plan seems hopeless at the moment.,지금은 그 계획이 가망 없어 보인다고 추측하는 말이다.,Why does it seem unpromising?,왜 가망이 없어 보이나요?,unpromising outlook,"[""unpromising outlook"",""unpromising prospects""]","[""가망 없는 전망"",""가망성 없는 가능성""]",unfavorable,"[""unfavorable"",""bleak""]",unpromising prospects,가능성이 희박하고 불리하다.,,,22,55,TOEFL_30x56_FINAL,TRUE,PASS,98,A,I bet (that) ...,내기하건대 ~,98,A,,PASS,I'll see ...,,I'll be sure to ...,,I'll let you know ...,,Create example sentence using selected pattern,speculation,가망이 없는,Daily Life,8,speculation,,,,,,,,VOCAB,,,,,,,,,,,,,,,,,,,,,
TOEFL,T_D17_23,17,23,unthinkable,상상도 할 수 없는,"inconceivable, unimaginable",adj.,Cause & Effect,원인과 결과 연결하기,47,Advanced,2,I'll see if anything unthinkable happened during the hike.,하이킹 중에 상상도 할 수 없는 일이 있었는지 내가 알아볼게.,I'll check whether something unimaginable occurred on the hike.,하이킹 도중 상상할 수 없는 일이 있었는지 확인하겠다는 뜻이다.,Did something unexpected occur on the hike?,하이킹에서 뜻밖의 일이 있었나요?,unthinkable event,"[""unthinkable event"",""unthinkable outcome""]","[""상상도 할 수 없는 사건"",""상상할 수 없는 결과""]",inconceivable,"[""inconceivable"",""unimaginable""]",unthinkable outcome,상상조차 할 수 없는 극단적 상황.,,,14,39,TOEFL_30x56_FINAL,TRUE,PASS,98,A,I'll see ...,내가 한번 볼게,98,A,,PASS,I'll see ...,,I'll be sure to ...,,I'll let you know ...,,Create example sentence using selected pattern,inquiry,상상도 할 수 없는,Hobbies,9,investigative_statement,,,,,,,,VOCAB,,,,,,,,,,,,,,,,,,,,,
TOEFL,T_D17_24,17,24,utilitarian,실용적인,"practical, pragmatic, functional",adj.,Cause & Effect,원인과 결과 연결하기,47,Advanced,2,"Like it or not, utilitarian design often wins in practicality.",믿기 어렵겠지만 실용적인 디자인이 실제로는 자주 실용성에서 이긴다.,"Surprisingly, practical design usually triumphs in usefulness.",실용성이 중요한 상황에서는 실용적인 디자인이 주로 우세하다는 말이다.,Do you prefer form or function?,형식과 기능 중 무엇을 선호하나요?,utilitarian design,"[""utilitarian design"",""utilitarian approach""]","[""실용적인 디자인"",""실용적인 접근""]",practical,"[""practical"",""functional""]",utilitarian approach,실용적(utility)인 접근법을 떠올리자.,,,12,46,TOEFL_30x56_FINAL,TRUE,PASS,97,A,"Like/Believe it or not, ...","믿기 어렵겠지만, ...",97,A,,PASS,I'll see ...,,I'll be sure to ...,,I'll let you know ...,,Create example sentence using selected pattern,statement,실용적인,Business,10,statement,,,,,,,,VOCAB,,,,,,,,,,,,,,,,,,,,,
TOEFL,T_D17_25,17,25,obtain,"얻다, 획득하다","acquire, gain, earn, derive, achieve",v.,Clear Communication,명확하게 전달하기,58,Core,3,"I'll tell you what, obtain local permission first.","있잖아, 먼저 현지 허가를 얻어봐.",Here's an idea: get local permission before proceeding.,진행하기 전에 현지 허가를 먼저 받으라는 제안이다.,Where do we apply for permission?,허가는 어디에 신청하죠?,obtain permission,"[""obtain permission"",""obtain a permit""]","[""허가를 얻다"",""허가증을 받다""]",acquire,"[""acquire"",""gain""]",obtain permission,얻다(acquire)라는 의미로 기억하자.,,,22,13,TOEFL_30x56_FINAL,TRUE,PASS,98,A,"I'll tell you what, ...","있잖아, ...",98,A,,PASS,I'll see ...,,I'll be sure to ...,,I'll let you know ...,,Create example sentence using selected pattern,advice,"얻다, 획득하다",Family & Friends,8,advice_statement,,,,,,,,VOCAB,,,,,,,,,,,,,,,,,,,,,
TOEFL,T_D17_26,17,26,occupy,마음을 사로잡다,"engross, engage, absorb",v.,Clear Communication,명확하게 전달하기,58,Core,3,I'm in the middle of a book that fully occupies my thoughts.,지금은 내 생각을 완전히 사로잡는 책을 읽는 중이에요.,I'm deeply absorbed in this book.,이 책에 깊이 몰두해 있다.,What does 'occupy' mean here?,여기서 'occupy'는 무슨 뜻인가요?,occupy my thoughts,"[""occupy my thoughts"",""occupy one's attention"",""be occupied with""]","[""마음을 사로잡다"",""주의를 끌다"",""~에 몰두하다""]",engross,"[""engross"",""engage"",""absorb""]",be occupied with,occupy = 마음이나 주의를 사로잡다,,,11,56,TOEFL_30x56_FINAL,yes,PASS,95,A,I'm in the middle of ...,지금 한창 ~하는 중이다,95,A,,PASS,I'll see ...,,I'll be sure to ...,,I'll let you know ...,,Create one natural example sentence using the target word and chosen pattern.,,마음이나 주의를 사로잡다,Hobbies,12,statement,,,,,,,,VOCAB,,,,,,,,,,,,,,,,,,,,,
TOEFL,T_D17_27,17,27,offset,상쇄하다,"counterbalance, counteract, cancel out",v.,Clear Communication,명확하게 전달하기,58,Core,3,Turns out that walking offset yesterday's heavy eating.,알고 보니 걷기가 어제의 과식을 상쇄했어.,It proved that walking balanced out the big meal yesterday.,걷기가 어제의 많은 식사를 상쇄했다는 사실이 드러났다는 뜻이다.,Did walking really cancel that out?,걷기가 정말로 그것을 상쇄했나요?,offset the effect,"[""offset the effect"",""offset emissions""]","[""효과를 상쇄하다"",""배출을 상쇄하다""]",counterbalance,"[""counterbalance"",""counteract""]",offset the impact,한 쪽을 상쇄해 균형을 맞춘다.,,,26,1,TOEFL_30x56_FINAL,TRUE,PASS,98,A,Turns out (that) ...,알고 보니 ~,98,A,,PASS,Turns out (that) ...,,I'm not cut out for /to ...,,I'll see ...,,Create example sentence using selected pattern,revelation,상쇄하다,Daily Life,8,revelation,,,,,,,,VOCAB,,,,,,,,,,,,,,,,,,,,,
TOEFL,T_D17_28,17,28,overly,지나치게,"excessively, inordinately, unduly",adv.,Clear Communication,명확하게 전달하기,58,Core,3,"The way I see it, you're being overly cautious this quarter.",내 생각에는 이번 분기에 너무 조심스러운 것 같아.,I believe you're excessively cautious this term.,이번 분기에 지나치게 신중하다고 생각한다는 표현이다.,Is caution hurting performance?,지나친 조심이 성과에 해를 끼치고 있나요?,overly cautious,"[""overly cautious"",""overly optimistic""]","[""지나치게 조심스러운"",""지나치게 낙관적인""]",excessively,"[""excessively"",""unduly""]",overly cautious approach,과하게(overly) 조심하는 모습으로 기억.,,,18,8,TOEFL_30x56_FINAL,TRUE,PASS,97,A,"The way I see it, ...","내 생각에는, ...",97,A,,PASS,I'll see ...,,I'll be sure to ...,,I'll let you know ...,,Create example sentence using selected pattern,opinion,지나치게,Business,11,opinion_statement,,,,,,,,VOCAB,,,,,,,,,,,,,,,,,,,,,
TOEFL,T_D17_29,17,29,patent,명백한,"evident, obvious, apparent, manifest",adj.,Clear Communication,명확하게 전달하기,58,Core,3,I think you deserve credit for spotting that patent error in the report earlier.,보고서에서 그 명백한 오류를 발견한 건 칭찬받아 마땅해요.,You should be praised for finding that obvious mistake earlier.,그 명백한 실수를 더 일찍 발견한 것에 대해 칭찬받아야 한다.,What does 'patent' mean here?,여기서 'patent'는 무슨 뜻인가요?,patent error,"[""patent error"",""patent fact"",""patent absurdity""]","[""명백한 오류"",""명백한 사실"",""명백한 어리석음""]",obvious,"[""obvious"",""apparent"",""evident""]",patent error,"patent = 명백한, 분명한",,,28,44,TOEFL_30x56_FINAL,yes,PASS,95,A,I think you deserve ...,네가 ~할 자격이 있다고 생각해,95,A,,PASS,I'll see ...,,I'll be sure to ...,,I'll let you know ...,,Create one natural example sentence using the target word and chosen pattern.,,명백한,School & Learning,14,statement,,,,,,,,VOCAB,,,,,,,,,,,,,,,,,,,,,
TOEFL,T_D17_30,17,30,permit,허락하다,"allow, let, approve",v.,Clear Communication,명확하게 전달하기,58,Core,3,Let's say the landlord doesn't permit pets in that building.,가령 집주인이 그 건물에서 애완동물을 허락하지 않는다고 해보자.,Imagine the landlord forbids pets in that apartment.,집주인이 아파트 내 반려동물을 허용하지 않는다고 상상해보라는 말이다.,What if we have a pet already?,이미 반려동물이 있으면 어떻게 하죠?,permit pets,"[""permit pets"",""permit entry""]","[""애완동물을 허락하다"",""출입을 허가하다""]",allow,"[""allow"",""approve""]",permit pets,허락(permit)은 허가하다의 의미다.,,,9,27,TOEFL_30x56_FINAL,TRUE,PASS,98,A,Let's Say ...,가정해 보자면 ...,98,A,,PASS,I'll let you know ...,,Let's Say ...,,Let's just Say ...,,Create example sentence using selected pattern,hypothetical,허락하다,Shopping & Services,10,hypothetical_statement,,,,,,,,VOCAB,,,,,,,,,,,,,,,,,,,,,
TOEFL,T_D18_01,18,1,plague,괴롭히다,"cause a problem for, bother, annoy",v.,Clear Communication,명확하게 전달하기,58,Core,3,I've got a problem with rats that plague my apartment.,쥐들이 내 아파트를 괴롭혀서 골치예요.,Pests are continuously bothering me at home.,해충들이 집에서 계속 나를 괴롭혀요.,What plagues the apartment?,무엇이 그 아파트를 괴롭히나요?,plague someone/something,"[""plague someone"",""plague a city"",""plague by pests""]","[""~을 괴롭히다"",""도시를 괴롭히다"",""해충에게 괴롭힘을 당하다""]",bother,"[""bother"",""annoy"",""afflict""]",,plague = 계속 괴롭히다(문제·골칫거리로 만들다),alert,,6,28,TOEFL_30x56_FINAL,TRUE,PASS,95,A,I've got a problem with ...,...에 문제가 있어요,95,A,,PASS,I've got a problem with ...,,I'd kill for/to ...,,I feel sorry for ...,,Create one natural example using the pattern.,Expression,"괴롭히다, 문제를 일으키다",Shopping & Services,10,statement,,,,,,,,VOCAB,,,,,,,,,,,,,,,,,,,,,
TOEFL,T_D18_02,18,2,plug,"메우다, 채우다","fill up, stuff, pack",v.,Clear Communication,명확하게 전달하기,58,Core,3,What's up with the pipe you didn't plug?,네가 막지 않은 그 배관은 무슨 일이야?,Why didn't you seal that pipe?,그 배관을 왜 막지 않았어?,Which sense of 'plug' is used here?,여기서 'plug'는 어떤 의미로 쓰였나요?,plug a leak,"[""plug a hole"",""plug a leak"",""plug the gap""]","[""구멍을 메우다"",""누수를 막다"",""빈틈을 채우다""]",seal,"[""seal"",""fill"",""block""]",plug a hole,플러그로 구멍을 막는다,,,2,54,TOEFL_30x56_FINAL,1,DONE,95,A,What's up with ...?,…는 어떻게 된 거야?,95,A,,ACCEPTED,What's up with ...?,,I'm fed up with ...,,I don't feel up to ...,,Write example sentence using pattern,question,"메우다, 막다",Daily Life,8,question,,,,,,,,VOCAB,,,,,,,,,,,,,,,,,,,,,
TOEFL,T_D18_03,18,3,pose,"(위험 등을) 가하다, 일으키다","present, create, give rise to",v.,Clear Communication,명확하게 전달하기,58,Core,3,How am I supposed to fix the hazard you posed?,네가 일으킨 위험을 내가 어떻게 해결하라는 거야?,How should I deal with that danger you created?,네가 만든 위험을 내가 어떻게 다뤄야 하나요?,What does 'pose' mean in this sentence?,이 문장에서 'pose'는 무슨 뜻인가요?,pose a threat,"[""pose a threat"",""pose a problem"",""pose risks""]","[""위협을 가하다"",""문제를 일으키다"",""위험을 초래하다""]",create,"[""create"",""present"",""cause""]",pose a threat,포즈가 위험을 만들어 낸다,,,30,1,TOEFL_30x56_FINAL,1,DONE,96,A,How am I supposed to ...?,어떻게 ...하라는 건가요?,96,A,,ACCEPTED,You're supposed to ...,,You were supposed to ...,,How am I supposed to ...?,,Write example sentence using pattern,question,위험을 초래하다,Health,10,question,,,,,,,,VOCAB,,,,,,,,,,,,,,,,,,,,,
TOEFL,T_D18_04,18,4,potent,강력한,"powerful, strong, influential",adj.,Clear Communication,명확하게 전달하기,58,Core,3,I'll be sure to use a potent cleaner tomorrow.,내일 강력한 세제를 꼭 사용할게요.,I'll make sure to use a very strong cleaner tomorrow.,내일 아주 강한 세제를 사용하도록 하겠습니다.,What sense of 'potent' is used here?,여기서 'potent'는 어떤 의미로 쓰였나요?,potent effect,"[""potent effect"",""potent drug"",""potent influence""]","[""강한 효과"",""강력한 약"",""강력한 영향""]",strong,"[""powerful"",""strong"",""effective""]",potent cleaner,포텐트한(강한) 세제,,,8,9,TOEFL_30x56_FINAL,1,DONE,95,A,I'll be sure to ...,반드시 ...할게요,95,A,,ACCEPTED,I'll see ...,,I'll be sure to ...,,I'll let you know ...,,Write example sentence using pattern,statement,강력한,Daily Life,9,question,,,,,,,,VOCAB,,,,,,,,,,,,,,,,,,,,,
TOEFL,T_D18_05,18,5,prime,"최고의, 우수한","peak, high-quality, superior, main",adj.,Clear Communication,명확하게 전달하기,58,Core,3,I'll let you know when the prime slot opens.,주요 시간대가 열리면 알려줄게요.,I will tell you once the best slot becomes available.,최고의 시간대가 가능해지면 알려드리겠습니다.,Which meaning of 'prime' fits here?,여기서 'prime'의 의미는 무엇인가요?,prime time,"[""prime time"",""prime example"",""prime quality""]","[""주요 시간대"",""대표적인 예"",""최고의 품질""]",best,"[""main"",""best"",""peak""]",prime slot,"프라임은 최고의, 주요한",,,15,16,TOEFL_30x56_FINAL,1,DONE,94,A,I'll let you know ...,나중에 알려줄게요,94,A,,ACCEPTED,I'll see ...,,I'll be sure to ...,,I'll let you know ...,,Write example sentence using pattern,statement,"최고의, 주요한",School & Learning,9,question,,,,,,,,VOCAB,,,,,,,,,,,,,,,,,,,,,
TOEFL,T_D18_06,18,6,prior,이전의,"previous, former, earlier",adj.,Clear Communication,명확하게 전달하기,58,Core,3,I'll be sure to check your prior notes first.,먼저 네 이전 메모를 꼭 확인할게.,I'll make sure to review your earlier notes first.,먼저 당신의 이전 노트를 검토하도록 하겠습니다.,What does 'prior' mean here?,'prior'는 여기서 무슨 뜻인가요?,prior experience,"[""prior experience"",""prior approval"",""prior notice""]","[""이전 경험"",""사전 승인"",""사전 통지""]",earlier,"[""previous"",""former"",""earlier""]",prior notes,prior = 이전의,,,3,22,TOEFL_30x56_FINAL,1,DONE,95,A,I'll be sure to ...,반드시 ...할게요,95,A,,ACCEPTED,I'll see ...,,I'll be sure to ...,,I'll let you know ...,,Write example sentence using pattern,statement,이전의,Shopping & Services,9,question,,,,,,,,VOCAB,,,,,,,,,,,,,,,,,,,,,
TOEFL,T_D18_07,18,7,prized,"뛰어난, 소중한","outstanding, prominent, valued",adj.,Clear Communication,명확하게 전달하기,58,Core,3,I'll see if that prized watch is available.,그 소중한 시계가 있는지 확인해볼게요.,I'll check whether that valuable watch can be found.,그 가치 있는 시계를 구할 수 있는지 확인하겠습니다.,Which meaning of 'prized' is used?,'prized'는 어떤 의미로 쓰였나요?,prized possession,"[""prized possession"",""highly prized"",""prized collection""]","[""소중한 소유물"",""매우 소중한"",""귀중한 컬렉션""]",valued,"[""valued"",""treasured"",""cherished""]",prized watch,prized = 소중한,,,24,45,TOEFL_30x56_FINAL,1,DONE,95,A,I'll see ...,확인해볼게요,95,A,,ACCEPTED,I'll see ...,,I'll be sure to ...,,I'll let you know ...,,Write example sentence using pattern,statement,"소중한, 가치 있는",Travel,8,request_or_suggestion,,,,,,,,VOCAB,,,,,,,,,,,,,,,,,,,,,
TOEFL,T_D18_08,18,8,prominent,"눈에 띄는; 중요한, 저명한","1. noticeable, conspicuous, outstanding, remarkable / 2. important, leading, notable",adj.,Clear Communication,명확하게 전달하기,58,Core,3,I'll let you know which prominent speaker attends.,어떤 저명한 연사가 참석하는지 알려줄게요.,I'll inform you which notable speaker will be there.,어떤 주목할 만한 연사가 참석할지 알려드리겠습니다.,What sense of 'prominent' is shown here?,여기서 'prominent'는 어떤 의미인가요?,prominent figure,"[""prominent figure"",""highly prominent"",""prominent role""]","[""저명한 인물"",""매우 눈에 띄는"",""중요한 역할""]",notable,"[""notable"",""outstanding"",""conspicuous""]",prominent speaker,"prominent = 눈에 띄는, 저명한",,,1,4,TOEFL_30x56_FINAL,1,DONE,95,A,I'll let you know ...,나중에 알려줄게요,95,A,,ACCEPTED,I'll see ...,,I'll be sure to ...,,I'll let you know ...,,Write example sentence using pattern,statement,"눈에 띄는, 저명한",Family & Friends,8,request_or_suggestion,,,,,,,,VOCAB,,,,,,,,,,,,,,,,,,,,,
TOEFL,T_D18_09,18,9,propel,몰아대다,"push, force, drive, impel",v.,Clear Communication,명확하게 전달하기,58,Core,3,I'll be sure to propel the project forward tomorrow.,내일 프로젝트를 확실히 추진하겠습니다.,I will make certain the project moves ahead tomorrow.,내일 프로젝트가 앞으로 나아가도록 확실히 하겠습니다.,How is 'propel' used here?,여기서 'propel'은 어떻게 쓰였나요?,propel forward,"[""propel forward"",""propel into"",""propel by force""]","[""앞으로 추진하다"",""~로 몰아넣다"",""힘으로 밀어붙이다""]",drive,"[""drive"",""push"",""impel""]",propel forward,프로펠러가 밀어붙인다,,,6,49,TOEFL_30x56_FINAL,1,DONE,95,A,I'll be sure to ...,반드시 ...할게요,95,A,,ACCEPTED,I'll see ...,,I'll be sure to ...,,I'll let you know ...,,Write example sentence using pattern,statement,"몰아대다, 추진하다",Business,9,request_or_suggestion,,,,,,,,VOCAB,,,,,,,,,,,,,,,,,,,,,
TOEFL,T_D18_10,18,10,proper,적절한,"suitable, appropriate, apposite",adj.,Clear Communication,명확하게 전달하기,58,Core,3,I'll see what the proper procedure should be.,적절한 절차가 무엇인지 확인해볼게요.,I'll check which procedure is appropriate.,어떤 절차가 적절한지 확인하겠습니다.,What does 'proper' mean here?,여기서 'proper'는 무슨 뜻인가요?,proper procedure,"[""proper procedure"",""proper attire"",""proper use""]","[""적절한 절차"",""적절한 복장"",""적절한 사용""]",appropriate,"[""appropriate"",""suitable"",""fitting""]",proper procedure,proper = 적절한,,,26,10,TOEFL_30x56_FINAL,1,DONE,94,A,I'll see ...,확인해볼게요,94,A,,ACCEPTED,I'll see ...,,I'll be sure to ...,,I'll let you know ...,,Write example sentence using pattern,question,적절한,Daily Life,8,question,,,,,,,,VOCAB,,,,,,,,,,,,,,,,,,,,,
TOEFL,T_D18_11,18,11,pursue,"실행하다, 수행하다","practice, conduct, perform",v.,Clear Communication,명확하게 전달하기,58,Core,3,I think you deserve to pursue that project opportunity.,당신은 그 프로젝트 기회를 추구할 자격이 있다고 생각해요.,You should be allowed to go after that project chance.,당신은 그 프로젝트 기회를 잡아야 마땅해요.,What is the speaker encouraging?,화자는 무엇을 권장하나요?,pursue a goal/project,"[""pursue a career"",""pursue a project"",""pursue opportunities""]","[""경력을 쌓다"",""프로젝트를 수행하다"",""기회를 추구하다""]",go after,"[""conduct"",""perform"",""go after""]",,"pursue = (기회·목표를) 추구하다, 해내다",target,,28,17,TOEFL_30x56_FINAL,TRUE,PASS,95,A,I think you deserve ...,당신은 ...할 자격이 있어요,95,A,,PASS,I'll see ...,,I'll be sure to ...,,I'll let you know ...,,Create one natural example using the pattern.,Expression,"실행하다, 수행하다",Business,9,request_or_suggestion,,,,,,,,VOCAB,,,,,,,,,,,,,,,,,,,,,
TOEFL,T_D18_12,18,12,random,"무작위의, 우연한","unplanned, unpredictable, chance",adj.,Clear Communication,명확하게 전달하기,58,Core,3,I'll let you know if the random samples are biased.,무작위 샘플이 편향되면 알려드릴게요.,I'll inform you should the random samples show bias.,무작위 샘플이 편향을 보이면 알려드리겠습니다.,What does 'random' mean here?,'random'는 여기서 무슨 뜻인가요?,random sample,"[""random sample"",""random selection"",""at random""]","[""무작위 샘플"",""무작위 선택"",""무작위로""]",chance,"[""unplanned"",""chance"",""unpredictable""]",random samples,random = 무작위의,,,21,13,TOEFL_30x56_FINAL,1,DONE,95,A,I'll let you know ...,나중에 알려줄게요,95,A,,ACCEPTED,I'll see ...,,I'll be sure to ...,,I'll let you know ...,,Write example sentence using pattern,statement,무작위의,Daily Life,10,conditional,,,,,,,,VOCAB,,,,,,,,,,,,,,,,,,,,,
TOEFL,T_D18_13,18,13,rare,드문,"(very) unusual, infrequent, scarce, uncommon",adj.,Clear Communication,명확하게 전달하기,58,Core,3,It's a shame that sightings of this bird are rare.,이 새의 목격 사례가 드물다는 것은 안타까운 일이다.,"Unfortunately, this bird is seen very infrequently.",불행히도 이 새는 매우 드물게 목격된다.,What is rare?,무엇이 드문가요?,rare sightings,"[""rare occurrence"",""rare sighting"",""extremely rare""]","[""희귀한 발생"",""드문 목격"",""매우 드문""]",infrequent,"[""unusual"",""infrequent"",""scarce""]",,"rare = 드문, 흔하지 않은",eye,,26,33,TOEFL_30x56_FINAL,TRUE,PASS,95,A,It's a shame (that) ...,안타깝다(사실),95,A,,PASS,I'll see ...,,I'll be sure to ...,,I'll let you know ...,,Create one natural example using the pattern.,Expression,"매우 드문, 흔치 않은",Travel,10,statement,,,,,,,,VOCAB,,,,,,,,,,,,,,,,,,,,,
TOEFL,T_D18_14,18,14,rate,평가하다,"judge, assess, evaluate",v.,Clear Communication,명확하게 전달하기,58,Core,3,I'll see how they rate the new proposal.,그들이 새 제안을 어떻게 평가하는지 확인해볼게요.,I'll check how the new proposal is evaluated.,새 제안을 어떻게 평가하는지 확인하겠습니다.,What does 'rate' mean here?,여기서 'rate'는 무슨 뜻인가요?,rate highly,"[""rate highly"",""rate as"",""rate the performance""]","[""높게 평가하다"",""~로 평가하다"",""성능을 평가하다""]",evaluate,"[""judge"",""assess"",""evaluate""]",rate the proposal,rate = 평가하다,,,13,40,TOEFL_30x56_FINAL,1,DONE,95,A,I'll see ...,확인해볼게요,95,A,,ACCEPTED,I'll see ...,,I'll be sure to ...,,I'll let you know ...,,Write example sentence using pattern,conditional,평가하다,Family & Friends,8,conditional,,,,,,,,VOCAB,,,,,,,,,,,,,,,,,,,,,
TOEFL,T_D18_15,18,15,ravage,파괴하다,"destroy, demolish, devastate, ruin",v.,Clear Communication,명확하게 전달하기,58,Core,3,I'll see how the flood will ravage farmland.,홍수가 농지를 어떻게 황폐화시킬지 보겠습니다.,I'll check the extent the flood destroys farmland.,홍수가 농지를 어느 정도 파괴하는지 확인하겠습니다.,How is 'ravage' used here?,여기서 'ravage'는 어떻게 쓰였나요?,ravage the land,"[""ravage the land"",""ravage by fire"",""be ravaged""]","[""땅을 파괴하다"",""불로 휩쓸리다"",""황폐화되다""]",devastate,"[""destroy"",""devastate"",""demolish""]",ravage farmland,ravage = 파괴하다,,,2,52,TOEFL_30x56_FINAL,1,DONE,95,A,I'll see ...,확인해볼게요,95,A,,ACCEPTED,I'll see ...,,I'll be sure to ...,,I'll let you know ...,,Write example sentence using pattern,conditional,파괴하다,School & Learning,8,conditional,,,,,,,,VOCAB,,,,,,,,,,,,,,,,,,,,,
TOEFL,T_D18_16,18,16,redundant,"불필요한, 장황한","superfluous, unnecessary; wordy, repetitious",adj.,Clear Communication,명확하게 전달하기,58,Core,3,I'm not used to sounding redundant in formal reports.,공식 보고서에서 반복적·장황하게 들리는 것에 익숙하지 않아요.,I rarely speak or write in a repetitious way for reports.,나는 보고서에서 반복적으로 말하거나 쓰는 편이 아니다.,What is the speaker not used to?,화자는 무엇에 익숙하지 않나요?,redundant phrasing,"[""redundant information"",""redundant phrasing"",""avoid redundancy""]","[""불필요한 정보"",""장황한 표현"",""중복을 피하다""]",wordy,"[""superfluous"",""unnecessary"",""wordy""]",,"redundant = 불필요하게 중복되다, 장황한",trash,,8,29,TOEFL_30x56_FINAL,TRUE,PASS,95,A,I'm not used to ...ing,...하는 것에 익숙하지 않다,95,A,,PASS,I'll see ...,,I'll be sure to ...,,I'll let you know ...,,Create one natural example using the pattern.,Expression,"불필요한, 장황한",Shopping & Services,9,reason_or_result,,,,,,,,VOCAB,,,,,,,,,,,,,,,,,,,,,
TOEFL,T_D18_17,18,17,refute,논박하다,"disprove, rebut, prove false",v.,Clear Communication,명확하게 전달하기,58,Core,3,No one would refute her decades of careful research.,아무도 그녀의 수십 년간의 철저한 연구를 반박하지 못할 것이다.,"Her long, careful research is indisputable.",그녀의 오랜 철저한 연구는 반박하기 어렵다.,What is unlikely to be refuted?,무엇이 반박되기 어려운가요?,refute a claim,"[""refute a claim"",""refute an argument"",""refute evidence""]","[""주장을 논박하다"",""주장/논리를 반박하다"",""증거를 반박하다""]",disprove,"[""disprove"",""rebut"",""prove false""]",,"refute = 논박하다, 반박하다",gavel,,11,43,TOEFL_30x56_FINAL,TRUE,PASS,95,A,No one would ...,아무도 ...하지 않을 것이다,95,A,,PASS,I'll see ...,,I'll be sure to ...,,I'll let you know ...,,Create one natural example using the pattern.,Expression,"논박하다, 반박하다",Daily Life,9,reason_or_result,,,,,,,,VOCAB,,,,,,,,,,,,,,,,,,,,,
TOEFL,T_D18_18,18,18,relay,전달하다,"transfer, communicate, transmit, impart",v.,Clear Communication,명확하게 전달하기,58,Core,3,What did you do with the message I asked you to relay?,내가 전달해 달라고 한 그 메시지를 어떻게 처리했어요?,Where is the message I wanted you to pass along?,내가 전달해 달라고 한 메시지는 어디 있나요?,What is being asked about the message?,메시지에 대해 무엇을 묻고 있나요?,relay a message/information,"[""relay a message"",""relay information"",""relay instructions""]","[""메시지를 전달하다"",""정보를 전달하다"",""지시를 전달하다""]",transmit,"[""transfer"",""communicate"",""transmit"",""impart""]",,"relay = 전달하다, 알리다",chat,,10,44,TOEFL_30x56_FINAL,TRUE,PASS,95,A,What did you do with/to ... ?,...을(를) 어떻게 했어요?,95,A,,PASS,I'll see ...,,I'll be sure to ...,,I'll let you know ...,,Create one natural example using the pattern.,Expression,"전달하다, 전해 주다",Business,12,reason_or_result,,,,,,,,VOCAB,,,,,,,,,,,,,,,,,,,,,
TOEFL,T_D18_19,18,19,relish,즐기다,"enjoy, like, delight in, revel in",v.,Clear Communication,명확하게 전달하기,58,Core,3,There's nothing like good coffee to relish mornings.,아침을 즐기기에 좋은 커피만한 게 없죠.,Good coffee makes mornings enjoyable like nothing else.,좋은 커피는 아침을 무엇과도 비교할 수 없이 즐겁게 만든다.,What does 'relish' mean here?,'relish'는 여기서 무슨 뜻인가요?,relish the moment,"[""relish the moment"",""relish food"",""relish the experience""]","[""순간을 즐기다"",""음식을 즐기다"",""경험을 즐기다""]",enjoy,"[""enjoy"",""delight in"",""savor""]",relish mornings,relish = 즐기다,,,28,29,TOEFL_30x56_FINAL,1,DONE,95,A,There's nothing like ...,…만한 것은 없다,95,A,,ACCEPTED,What's it like ... ?,,There's nothing like ...,,like the way you ...,,Write example sentence using pattern,statement,즐기다,Technology,8,reason_or_result,,,,,,,,VOCAB,,,,,,,,,,,,,,,,,,,,,
TOEFL,T_D18_20,18,20,remote,멀리 떨어진,"distant, secluded, removed",adj.,Clear Communication,명확하게 전달하기,58,Core,3,"I know it's remote, but the view is worth it.","멀리 떨어져 있는 건 알지만, 경치는 그만한 가치가 있어요.","Although the place is far away, the scenery justifies it.",그 장소가 멀지만 경치가 그만한 가치를 제공한다.,What does the speaker admit about the location?,화자는 그 위치에 대해 무엇을 인정하나요?,remote area/location,"[""remote area"",""remote location"",""far removed""]","[""외진 지역"",""멀리 떨어진 위치"",""떨어져 있다""]",distant,"[""distant"",""secluded"",""removed""]",,"remote = 멀리 떨어진, 외진",mountain,,5,16,TOEFL_30x56_FINAL,TRUE,PASS,95,A,"I know ..., but ...","알지만, ...",95,A,,PASS,I'll see ...,,I'll be sure to ...,,I'll let you know ...,,Create one natural example using the pattern.,Expression,"멀리 떨어진, 외진",Hobbies,10,contrast_or_concession,,,,,,,,VOCAB,,,,,,,,,,,,,,,,,,,,,
TOEFL,T_D18_21,18,21,remove,제거하다,"eliminate, extract, withdraw",v.,Clear Communication,명확하게 전달하기,58,Core,3,That is quite a scar after surgeons remove the growth.,외과의사들이 종양을 제거한 뒤 저 흉터는 꽤 크군요.,The scar looks significant following the surgery to remove it.,그것을 제거하는 수술 후에 흉터가 상당히 남아 보인다.,What caused the scar?,그 흉터는 무엇 때문에 생겼나요?,remove a tumor/growth,"[""remove a tumor"",""remove a stain"",""remove an obstacle""]","[""종양을 제거하다"",""얼룩을 제거하다"",""장애물을 제거하다""]",eliminate,"[""eliminate"",""extract"",""withdraw""]",,"remove = 제거하다, 없애다",scalpel,,10,35,TOEFL_30x56_FINAL,TRUE,PASS,95,A,This/That is quite a ...,이건/저건 꽤 ... 하다,95,A,,PASS,I'll see ...,,I'll be sure to ...,,I'll let you know ...,,Create one natural example using the pattern.,Expression,"제거하다, 없애다",Health,10,contrast_or_concession,,,,,,,,VOCAB,,,,,,,,,,,,,,,,,,,,,
TOEFL,T_D18_22,18,22,repel,물리치다,"drive away, beat off",v.,Clear Communication,명확하게 전달하기,58,Core,3,"I'm sorry, but that spray won't repel mosquitoes.",미안하지만 그 스프레이로는 모기를 쫓을 수 없을 거예요.,"Unfortunately, that spray will not drive mosquitos away.",안타깝게도 그 스프레이는 모기를 쫓아내지 못한다.,What won't the spray do?,그 스프레이가 무엇을 하지 못하나요?,repel insects/mosquitoes,"[""repel insects"",""repel mosquitoes"",""repel attacks""]","[""곤충을 물리치다"",""모기를 물리치다"",""공격을 막다""]",drive away,"[""drive away"",""beat off"",""repel""]",,"repel = 물리치다, 쫓아내다",mosquito,,10,53,TOEFL_30x56_FINAL,TRUE,PASS,95,A,"I'm sorry, but ...","미안하지만, ...",95,A,,PASS,I'll see ...,,I'll be sure to ...,,I'll let you know ...,,Create one natural example using the pattern.,Expression,"물리치다, 쫓아내다",Daily Life,8,contrast_or_concession,,,,,,,,VOCAB,,,,,,,,,,,,,,,,,,,,,
TOEFL,T_D18_23,18,23,requisite,"1. 필수품, 필요조건 / 2. 필수의","1. necessity, requirement / 2. essential, required, necessary",n./adj.,Clear Communication,명확하게 전달하기,58,Core,3,The manual tells me that a permit is requisite for excavation.,사용 설명서에는 굴착을 위해 허가가 필요하다고 적혀 있어요.,"According to the manual, a permit is required to excavate.",매뉴얼에 따르면 굴착에는 허가가 필요하다.,What does the manual say is necessary?,매뉴얼은 무엇이 필요하다고 말하나요?,requisite for/requirement,"[""requisite for operation"",""basic requisite"",""legal requisite""]","[""운영에 필요한 것"",""기본 요건"",""법적 필요조건""]",requirement,"[""necessity"",""requirement"",""essential""]",,"requisite = 필수 조건, 필요한 것",checklist,,23,8,TOEFL_30x56_FINAL,TRUE,PASS,95,A,... tells me (that) ...,...이(가) 나에게 ...라고 알려준다,95,A,,PASS,I'll see ...,,I'll be sure to ...,,I'll let you know ...,,Create one natural example using the pattern.,Expression,필수품·필요조건,Business,11,short_narrative,,,,,,,,VOCAB,,,,,,,,,,,,,,,,,,,,,
TOEFL,T_D18_24,18,24,resume,다시 시작하다,"restart, begin again, recommence",v.,Clear Communication,명확하게 전달하기,58,Core,3,I'm not used to resuming tasks after long breaks.,긴 휴식 후에 일을 다시 시작하는 것에 익숙하지 않아요.,Restarting work after long pauses is unfamiliar to me.,긴 중단 후에 업무를 다시 시작하는 것은 나에게 익숙하지 않다.,What activity is the speaker not used to?,화자는 어떤 활동에 익숙하지 않나요?,resume work/start again,"[""resume work"",""resume operations"",""resume activities""]","[""업무를 재개하다"",""작업을 재개하다"",""활동을 다시 시작하다""]",restart,"[""restart"",""begin again"",""recommence""]",,"resume = 다시 시작하다, 재개하다",play,,20,41,TOEFL_30x56_FINAL,TRUE,PASS,95,A,I'm not used to ...ing,...하는 것에 익숙하지 않다,95,A,,PASS,I'll see ...,,I'll be sure to ...,,I'll let you know ...,,Create one natural example using the pattern.,Expression,"다시 시작하다, 재개하다",Travel,9,short_narrative,,,,,,,,VOCAB,,,,,,,,,,,,,,,,,,,,,
TOEFL,T_D18_25,18,25,retain,"보유하다, 유지하다","preserve, keep, maintain",v.,Clear Communication,명확하게 전달하기,58,Core,3,I guess that hospitals retain patient records indefinitely.,병원은 환자 기록을 무기한 보관하는 것 같아요.,It seems hospitals keep patient files for a very long time.,병원들이 환자 서류를 오랫동안 보관하는 것처럼 보인다.,What do hospitals retain?,병원은 무엇을 보관하나요?,retain records/memory,"[""retain records"",""retain information"",""retain customers""]","[""기록을 보관하다"",""정보를 유지하다"",""고객을 유지하다""]",keep,"[""preserve"",""keep"",""maintain""]",,"retain = 보유하다, 유지하다",folder,,22,9,TOEFL_30x56_FINAL,TRUE,PASS,95,A,I guess (that) ...,내 생각에는 ... 같다,95,A,,PASS,I'll see ...,,I'll be sure to ...,,I'll let you know ...,,Create one natural example using the pattern.,Expression,"보유하다, 유지하다",Family & Friends,8,short_narrative,,,,,,,,VOCAB,,,,,,,,,,,,,,,,,,,,,
TOEFL,T_D18_26,18,26,retard,지체시키다,"slow down, delay",v.,Clear Communication,명확하게 전달하기,58,Core,3,Unexpected storms can't be allowed to retard progress.,예상치 못한 폭풍 때문에 진전이 지체되게 해서는 안 된다.,Storms should not be permitted to slow down our progress.,폭풍 때문에 진행이 늦어지도록 허용해서는 안 된다.,What should not be allowed to retard progress?,무엇이 진전을 지체하게 해서는 안 되나요?,retard progress/growth,"[""retard progress"",""retard growth"",""retard development""]","[""진전을 지연시키다"",""성장을 지체시키다"",""개발을 늦추다""]",slow down,"[""slow down"",""delay""]",,"retard = 지체시키다, 늦추다",hourglass,,30,13,TOEFL_30x56_FINAL,TRUE,PASS,95,A,... can't be ...,...해선 안 된다,95,A,,PASS,I'll see ...,,I'll be sure to ...,,I'll let you know ...,,Create one natural example using the pattern.,Expression,"지체시키다, 늦추다",Daily Life,8,comparison,,,,,,,,VOCAB,,,,,,,,,,,,,,,,,,,,,
TOEFL,T_D18_27,18,27,reveal,"밝히다, 드러내다","make known, show, unveil, uncover, expose",v.,Clear Communication,명확하게 전달하기,58,Core,3,Don't make me reveal the surprise party details.,날 강제로 파티 비밀을 밝히게 하지 마.,Please don't force me to disclose the party surprise.,제발 나를 강제로 파티의 깜짝 부분을 밝히게 하지 마세요.,Which meaning of 'reveal' is used here?,'reveal'는 여기서 어떤 의미로 쓰였나요?,reveal secrets,"[""reveal secrets"",""reveal information"",""reveal identity""]","[""비밀을 밝히다"",""정보를 전달하다"",""정체를 드러내다""]",disclose,"[""disclose"",""unveil"",""expose""]",reveal details,"reveal = 밝혀내다, 드러내다",,,3,10,TOEFL_30x56_FINAL,1,DONE,95,A,Don't make me ...,날 ...하게 만들지 마,95,A,,ACCEPTED,Don't make me ...,,I'll see ...,,I'll be sure to ...,,Write example sentence using pattern,request,"밝히다, 드러내다",School & Learning,8,comparison,,,,,,,,VOCAB,,,,,,,,,,,,,,,,,,,,,
TOEFL,T_D18_28,18,28,tentative,"잠정적인, 불확실한","uncertain, unsure",adj.,Clear Communication,명확하게 전달하기,53,Bridge,3,I'd appreciate it if you could confirm this tentative plan.,이 잠정적인 계획을 확인해 주시면 감사하겠습니다.,Please check and confirm this provisional plan for me.,이 잠정적인 계획을 확인해 주세요.,What does the speaker want confirmed?,화자는 무엇을 확인받고 싶어하나요?,tentative plan/arrangement,"[""tentative plan"",""tentative agreement"",""tentative schedule""]","[""잠정 계획"",""잠정 합의"",""임시 일정""]",provisional,"[""uncertain"",""unsure"",""provisional""]",,"tentative = 잠정적인, 불확실한",calendar,,20,48,TOEFL_30x56_FINAL,TRUE,PASS,95,A,I'd appreciate it if you could ...,...해 주시면 감사하겠습니다,95,A,,PASS,I'll see ...,,I'll be sure to ...,,I'll let you know ...,,Create one natural example using the pattern.,Expression,"잠정적인, 확실하지 않은",Business,10,comparison,,,,,,,,VOCAB,,,,,,,,,,,,,,,,,,,,,
TOEFL,T_D18_29,18,29,transform,"변형시키다, 바꾸다","convert, change, alter",v.,Clear Communication,명확하게 전달하기,53,Bridge,3,Can't you see how this tool can transform our workflow?,이 도구가 어떻게 우리의 작업 흐름을 변형시킬 수 있는지 안 보이나요?,This tool could significantly change the way we work.,이 도구는 우리가 일하는 방식을 크게 바꿀 수 있다.,What can the tool transform?,그 도구가 무엇을 변화시킬 수 있나요?,transform workflow/industry,"[""transform workflow"",""transform data"",""transform society""]","[""작업 흐름을 변화시키다"",""데이터를 변환하다"",""사회를 변화시키다""]",change,"[""convert"",""change"",""alter""]",,"transform = 바꾸다, 변형시키다",gear,,11,2,TOEFL_30x56_FINAL,TRUE,PASS,95,A,Can't you see ...?,안 보이나요?,95,A,,PASS,I'll see ...,,I'll be sure to ...,,I'll let you know ...,,Create one natural example using the pattern.,Expression,"변형시키다, 바꾸다",Shopping & Services,10,statement,,,,,,,,VOCAB,,,,,,,,,,,,,,,,,,,,,
TOEFL,T_D18_30,18,30,traumatic,정신적 충격이 큰,"highly stressful, upsetting, disturbing",adj.,Clear Communication,명확하게 전달하기,53,Bridge,3,I'm not used to handling such traumatic events.,그런 정신적으로 충격적인 사건들을 다루는 것에 익숙하지 않아요.,Dealing with extremely upsetting incidents is unfamiliar to me.,매우 충격적인 사건을 다루는 것은 나에게 익숙하지 않다.,What kind of events is the speaker not used to handling?,화자는 어떤 종류의 사건을 처리하는 데 익숙하지 않나요?,traumatic experience/event,"[""traumatic event"",""traumatic experience"",""psychologically traumatic""]","[""정신적 충격 사건"",""트라우마 경험"",""심리적으로 충격적인""]",upsetting,"[""upsetting"",""disturbing"",""highly stressful""]",,traumatic = 정신적으로 큰 충격을 주는,heartbeat,,20,17,TOEFL_30x56_FINAL,TRUE,PASS,95,A,I'm not used to ...ing,...하는 것에 익숙하지 않다,95,A,,PASS,I'll see ...,,I'll be sure to ...,,I'll let you know ...,,Create one natural example using the pattern.,Expression,"정신적 충격이 큰, 매우 불안한",Daily Life,8,statement,,,,,,,,VOCAB,,,,,,,,,,,,,,,,,,,,,
TOEFL,T_D19_01,19,1,turbulent,격동하는,"violent, agitated, tumultuous",adj.,Clear Communication,명확하게 전달하기,53,Bridge,3,It's not that turbulent during takeoff today.,오늘 이륙할 때 그렇게 난기류가 심하지 않았어.,There wasn't much turbulence on the flight.,비행 중에 심한 난기류는 없었어.,Was the takeoff turbulent?,이륙할 때 난기류가 있었어?,,,,rough,"[""rough"",""agitated""]",,"turbulent = 파도가 거칠게 이는, 격렬한 상태",,,5,51,TOEFL_30x56_FINAL,yes,COMPLETE,98,A,It's not that ...,그렇게 ...한 것은 아니다,97,A,,PASS,I'll see ...,,I'll be sure to ...,,I'll let you know ...,,Create one natural sentence using the chosen pattern and the target word.,statement,격동하거나 거친 상태,Travel,7,statement,,,,,,,,VOCAB,,,,,,,,,,,,,,,,,,,,,
TOEFL,T_D19_02,19,2,typically,보통,"usually, normally, ordinarily",adv.,Clear Communication,명확하게 전달하기,53,Bridge,3,"I don't know about you, but I typically study mornings.",나만 그런지 모르겠지만 나는 보통 아침에 공부해.,I usually study in the morning.,나는 보통 아침에 공부한다.,When do you typically study?,보통 언제 공부해?,,,,usually,"[""usually"",""normally""]",,"typically = 일반적으로, 보통",,,7,50,TOEFL_30x56_FINAL,yes,COMPLETE,98,A,"I don't know about you, but ...",너는 어떤지 모르겠지만 ...,97,A,,PASS,I'll see ...,,I'll be sure to ...,,I'll let you know ...,,Create one natural sentence using the chosen pattern and the target word.,opinion,"보통, 일반적으로",School & Learning,10,statement,,,,,,,,VOCAB,,,,,,,,,,,,,,,,,,,,,
TOEFL,T_D19_03,19,3,unaccounted for,설명되지 않은,not explained,phr.,Clear Communication,명확하게 전달하기,53,Bridge,3,I'm not clear why those items are unaccounted for.,왜 그 물품들이 설명되지 않는지 잘 모르겠어.,I don't understand why items are missing.,왜 물품들이 없어진 건지 이해되지 않아.,Are the items unaccounted for?,그 물품들이 설명되지 않나요?,,,,unexplained,"[""unexplained"",""missing""]",,unaccounted for = 설명되지 않거나 행방이 불분명한 상태,,,27,16,TOEFL_30x56_FINAL,yes,COMPLETE,98,A,I'm not clear ...,명확하지 않다 / 잘 모르겠다,97,A,,PASS,I'm not cut out for /to ...,,I'm not used to ...ing,,I'm not clear ...,,Create one natural sentence using the chosen pattern and the target word.,clarification,설명되지 않거나 행방이 불분명한 상태,Travel,9,statement,,,,,,,,VOCAB,,,,,,,,,,,,,,,,,,,,,
TOEFL,T_D19_04,19,4,undermine,약화시키다,"weaken, attenuate",v.,Clear Communication,명확하게 전달하기,53,Bridge,3,I'll be sure not to undermine your authority.,당신의 권위를 약화시키지 않도록 하겠습니다.,I will avoid weakening your authority.,당신의 권위를 약화시키지 않겠습니다.,Would that undermine your authority?,그렇게 하면 당신의 권위가 약해지나요?,,,,weaken,"[""weaken"",""attenuate""]",,"undermine = 밑에서 약하게 하다, 약화시키다",,,27,3,TOEFL_30x56_FINAL,yes,COMPLETE,98,A,I'll be sure to ...,반드시 ...할게요,97,A,,PASS,I'll see ...,,I'll be sure to ...,,I'll let you know ...,,Create one natural sentence using the chosen pattern and the target word.,promise,"약화시키다, 힘을 약하게 만들다",Business,8,statement,,,,,,,,VOCAB,,,,,,,,,,,,,,,,,,,,,
TOEFL,T_D19_05,19,5,underrate,과소평가하다,"undervalue, underestimate, belittle",v.,Clear Communication,명확하게 전달하기,53,Bridge,3,I can see that many underrate her skill.,많은 사람들이 그녀의 실력을 과소평가한다는 것을 알 수 있어.,It's clear many undervalue her ability.,많은 사람들이 그녀의 능력을 낮게 평가한다는 것이 분명하다.,Do people underrate her skill?,사람들이 그녀의 실력을 과소평가하나요?,,,,undervalue,"[""undervalue"",""underestimate""]",,underrate = 과소평가하다,,,10,9,TOEFL_30x56_FINAL,yes,COMPLETE,98,A,I can see (that) ...,~라는 것을 알겠다,97,A,,PASS,I'll see ...,,I'll be sure to ...,,I'll let you know ...,,Create one natural sentence using the chosen pattern and the target word.,observation,"과소평가하다, 가치를 낮게 보다",Hobbies,8,statement,,,,,,,,VOCAB,,,,,,,,,,,,,,,,,,,,,
TOEFL,T_D19_06,19,6,unethical,비윤리적인,"improper, immoral",adj.,Clear Communication,명확하게 전달하기,53,Bridge,3,I can see that attacking him was unethical.,그를 공격한 것은 비윤리적이었다.,I understand the action was morally wrong.,그 행동이 도덕적으로 잘못되었다고 이해한다.,Why was the action unethical?,왜 그 행동이 비윤리적이었나요?,unethical behavior,"[""unethical behavior"",""unethical practice"",""unethical conduct""]","[""비윤리적 행동"",""비윤리적 관행"",""비윤리적 행위""]",,"[""immoral"",""improper"",""wrong""]",unethical,윤리 기준에 어긋남,,,6,52,TOEFL_30x56_FINAL,yes,PASS,96,A,I can see (that) ...,나는 ...라는 것을 알겠다,96,A,,APPROVED,I'll see ...,,I'll be sure to ...,,I'll let you know ...,,Create example sentence and metadata,Understanding,도덕적으로 옳지 않은,Business,8,statement,,,,,,,,VOCAB,,,,,,,,,,,,,,,,,,,,,
TOEFL,T_D19_07,19,7,uniformly,"균일하게, 일관되게","evenly, regularly, consistently",adv.,Clear Communication,명확하게 전달하기,53,Bridge,3,I'll be sure to apply rules uniformly across teams.,팀들 전체에 걸쳐 규칙을 균일하게 적용하도록 하겠습니다.,I'll enforce rules consistently for all teams.,모든 팀에 규칙을 일관되게 적용하겠습니다.,Will you apply the rules uniformly?,규칙을 균일하게 적용할 건가요?,,,,evenly,"[""evenly"",""consistently""]",,"uniformly = 균일하게, 일관되게",,,10,20,TOEFL_30x56_FINAL,yes,COMPLETE,98,A,I'll be sure to ...,반드시 ...할게요,97,A,,PASS,I'll see ...,,I'll be sure to ...,,I'll let you know ...,,Create one natural sentence using the chosen pattern and the target word.,promise,"균일하게, 일관되게",School & Learning,9,statement,,,,,,,,VOCAB,,,,,,,,,,,,,,,,,,,,,
TOEFL,T_D19_08,19,8,universal,"전 세계적인, 보편적인","used everywhere, general",adj.,Clear Communication,명확하게 전달하기,53,Bridge,3,I'm not used to universal praise for my cooking.,내 요리에 대한 모두의 칭찬에 익숙하지 않아.,I'm unfamiliar with everyone praising my cooking.,모두가 내 요리를 칭찬하는 것에 익숙하지 않다.,Are you used to universal praise?,모두의 칭찬에 익숙하니?,,,,widespread,"[""widespread"",""general""]",,"universal = 보편적인, 널리 퍼진",,,25,36,TOEFL_30x56_FINAL,yes,COMPLETE,98,A,I'm not used to ...ing,~에 익숙하지 않다,97,A,,PASS,I'm not used to ...ing,,I'll see ...,,I'll be sure to ...,,Create one natural sentence using the chosen pattern and the target word.,adjustment,"보편적인, 널리 퍼진",Family & Friends,9,statement,,,,,,,,VOCAB,,,,,,,,,,,,,,,,,,,,,
TOEFL,T_D19_09,19,9,unrivaled,비할 데 없는,"unequaled, unparalleled, matchless, peerless",adj.,Clear Communication,명확하게 전달하기,53,Bridge,2,I'll be sure to recommend their unrivaled service.,그들의 비할 데 없는 서비스를 추천하도록 하겠습니다.,I will recommend their unmatched service.,그들의 남다른 서비스를 추천하겠습니다.,Is their service unrivaled?,그들의 서비스는 비할 데 없나요?,,,,unequaled,"[""unequaled"",""unparalleled""]",,unrivaled = 비교할 수 없이 뛰어난,,,1,40,TOEFL_30x56_FINAL,yes,COMPLETE,98,A,I'll be sure to ...,반드시 ...할게요,97,A,,PASS,I'll see ...,,I'll be sure to ...,,I'll let you know ...,,Create one natural sentence using the chosen pattern and the target word.,promise,"비할 데 없는, 비교 불가한",Travel,8,statement,,,,,,,,VOCAB,,,,,,,,,,,,,,,,,,,,,
TOEFL,T_D19_10,19,10,unwilling,"마지못해 하는, 꺼리는",reluctant,adj.,Clear Communication,명확하게 전달하기,53,Bridge,3,I'm not used to being unwilling to help others.,나는 다른 사람을 돕기를 꺼려하는 데 익숙하지 않다.,I usually don't hesitate to help.,나는 보통 도움을 주는 것을 주저하지 않는다.,Are you unwilling to help?,돕기 싫은 건가요?,,,,reluctant,"[""reluctant"",""hesitant""]",,"unwilling = 꺼리는, 마지못한",,,21,57,TOEFL_30x56_FINAL,yes,COMPLETE,98,A,I'm not used to ...ing,~에 익숙하지 않다,97,A,,PASS,I'll see ...,,I'll be sure to ...,,I'll let you know ...,,Create one natural sentence using the chosen pattern and the target word.,adjustment,"꺼려하는, 마지못한",Daily Life,9,statement,,,,,,,,VOCAB,,,,,,,,,,,,,,,,,,,,,
TOEFL,T_D19_11,19,11,versatile,"융통성 있는, 다방면의","adaptable, flexible",adj.,Clear Communication,명확하게 전달하기,53,Bridge,3,I'll see how versatile this new tool proves.,이 새 도구가 얼마나 다재다능한지 알아보겠어.,I'll check the tool's flexibility.,그 도구의 활용성을 확인하겠다.,Is the tool versatile?,그 도구는 다재다능한가요?,,,,adaptable,"[""adaptable"",""flexible""]",,"versatile = 여러 용도로 쓸 수 있는, 융통성 있는",,,4,10,TOEFL_30x56_FINAL,yes,COMPLETE,98,A,I'll see ...,확인해볼게요,97,A,,PASS,I'll see ...,,I'll be sure to ...,,I'll let you know ...,,Create one natural sentence using the chosen pattern and the target word.,checking,"다재다능한, 여러 용도로 쓸 수 있는",Business,8,statement,,,,,,,,VOCAB,,,,,,,,,,,,,,,,,,,,,
TOEFL,T_D19_12,19,12,virtue,미덕; 장점,"goodness; merit, desirable quality, strength",n.,Clear Communication,명확하게 전달하기,53,Bridge,3,What matters most is showing virtue in decisions.,가장 중요한 것은 결정에서 미덕을 보이는 것이다.,Prioritize moral qualities when making choices.,선택할 때 도덕적 특성을 우선시하라.,What matters most?,무엇이 가장 중요합니까?,virtue of patience,"[""virtue of patience"",""virtue of honesty"",""exercise virtue""]","[""인내의 미덕"",""정직의 미덕"",""미덕을 발휘하다""]",,"[""goodness"",""morality"",""merit""]",virtue,올바른 행동이나 성품,,,10,11,TOEFL_30x56_FINAL,yes,PASS,95,A,What matters (the) most is ...,가장 중요한 것은 ...이다,95,A,,APPROVED,I'll see ...,,I'll be sure to ...,,I'll let you know ...,,Create example sentence and metadata,Emphasis,"도덕적 장점, 미덕",Daily Life,8,statement,,,,,,,,VOCAB,,,,,,,,,,,,,,,,,,,,,
TOEFL,T_D19_13,19,13,voracious,탐욕스러운,"insatiable, greedy, gluttonous",adj.,Clear Communication,명확하게 전달하기,53,Bridge,3,"Her voracious appetite, to say the least, impressed everyone.",그녀의 식욕은 말할 필요도 없이 모두를 놀라게 했다.,Her huge appetite amazed everyone.,그녀의 대식은 모두를 놀라게 했다.,Was her appetite voracious?,그녀의 식욕이 대단했나요?,,,,insatiable,"[""insatiable"",""greedy""]",,"voracious = 탐욕스러운, 식욕이 왕성한",,,8,33,TOEFL_30x56_FINAL,yes,COMPLETE,98,A,... to say the least,적어도 말하자면,97,A,,PASS,I'll see ...,,I'll be sure to ...,,I'll let you know ...,,Create one natural sentence using the chosen pattern and the target word.,emphasis,탐욕스럽고 식욕이 왕성한,Business,9,statement,,,,,,,,VOCAB,,,,,,,,,,,,,,,,,,,,,
TOEFL,T_D19_14,19,14,adherent,지지자,"supporter, advocate",n.,Clear Communication,명확하게 전달하기,46,Advanced,2,"I'll tell you what, she's a loyal adherent to the cause.","말해줄게, 그녀는 그 운동의 충실한 지지자야.",She strongly supports the cause.,그녀는 그 대의를 강하게 지지한다.,Is she an adherent to the cause?,그녀는 그 운동의 지지자인가요?,,,,supporter,"[""supporter"",""advocate""]",,"adherent = 지지자, 추종자",,,20,37,TOEFL_30x56_FINAL,yes,COMPLETE,98,A,"I'll tell you what, ...","내가 말하는데, ...",97,A,,PASS,I'll see ...,,I'll be sure to ...,,I'll let you know ...,,Create one natural sentence using the chosen pattern and the target word.,opener,"지지자, 지지하는 사람",Family & Friends,11,statement,,,,,,,,VOCAB,,,,,,,,,,,,,,,,,,,,,
TOEFL,T_D19_15,19,15,allusion,"간접적인 언급, 암시","reference, mention, implication, suggestion",n.,Clear Communication,명확하게 전달하기,46,Advanced,2,I have to say the allusion in the article was subtle.,솔직히 그 글의 암시는 미묘했어.,The reference in the article was subtle.,그 기사에서의 암시는 미묘했다.,Was the allusion subtle?,그 암시는 미묘했나요?,,,,reference,"[""reference"",""hint""]",,"allusion = 간접적인 언급, 암시",,,9,54,TOEFL_30x56_FINAL,yes,COMPLETE,98,A,I have to say ...,솔직히 말하면 ...,97,A,,PASS,I'll see ...,,I'll be sure to ...,,I'll let you know ...,,Create one natural sentence using the chosen pattern and the target word.,opinion,간접적 언급이나 암시,Travel,11,statement,,,,,,,,VOCAB,,,,,,,,,,,,,,,,,,,,,
TOEFL,T_D19_16,19,16,anarchy,"무질서, 혼란","disorder, chaos, disorganization",n.,Clear Communication,명확하게 전달하기,46,Advanced,2,Let's just say the meeting descended into anarchy quickly.,그 회의는 빠르게 무질서 상태가 되었다고만 하자.,The meeting became chaotic quickly.,회의가 빠르게 혼란스러워졌다.,Did the meeting become chaotic?,회의가 혼란스러워졌나요?,,,,chaos,"[""chaos"",""disorder""]",,"anarchy = 무질서, 혼란",,,9,19,TOEFL_30x56_FINAL,yes,COMPLETE,98,A,Let's just Say ...,그냥 ~라고 하자,97,A,,PASS,I'll see ...,,I'll be sure to ...,,I'll let you know ...,,Create one natural sentence using the chosen pattern and the target word.,euphemism,"무질서, 혼란",School & Learning,9,statement,,,,,,,,VOCAB,,,,,,,,,,,,,,,,,,,,,
TOEFL,T_D19_17,19,17,anomaly,"이례적인 것, 예외","irregularity, abnormality, exception",n.,Clear Communication,명확하게 전달하기,46,Advanced,2,What do you say if we call that an anomaly?,그것을 이례적이라고 부르는 게 어때요?,Shall we call that an exception?,그것을 예외라고 부를까요?,Do you agree it's an anomaly?,그게 이례적이라는 데 동의하나요?,,,,exception,"[""exception"",""irregularity""]",,"anomaly = 이례적인 것, 예외",,,10,26,TOEFL_30x56_FINAL,yes,COMPLETE,98,A,What do you say ... ?,어때요?,97,A,,PASS,I'll see ...,,I'll be sure to ...,,I'll let you know ...,,Create one natural sentence using the chosen pattern and the target word.,suggestion,예외적이거나 비정상적인 것,Daily Life,10,question,,,,,,,,VOCAB,,,,,,,,,,,,,,,,,,,,,
TOEFL,T_D19_18,19,18,anxiety,"걱정, 불안","worry, angst, uneasiness",n.,Clear Communication,명확하게 전달하기,46,Advanced,2,There's nothing like anxiety before a big presentation.,큰 발표 전의 불안감만큼은 어쩔 수 없다.,Pre-presentation nerves are unique.,발표 전의 긴장은 특별하다.,Do you feel anxiety before presentations?,발표 전에 불안하니?,,,,worry,"[""worry"",""uneasiness""]",,"anxiety = 걱정, 불안",,,16,39,TOEFL_30x56_FINAL,yes,COMPLETE,98,A,There's nothing like ...,~만큼 좋은/특별한 것은 없다,97,A,,PASS,I'll see ...,,I'll be sure to ...,,I'll let you know ...,,Create one natural sentence using the chosen pattern and the target word.,emphasis,"걱정, 불안",Business,8,statement,,,,,,,,VOCAB,,,,,,,,,,,,,,,,,,,,,
TOEFL,T_D19_19,19,19,archive,"기록, 문서 보관소","official document, record",n.,Clear Communication,명확하게 전달하기,46,Advanced,2,I'll let you know where the archive is stored.,기록 보관소가 어디에 저장되어 있는지 알려줄게요.,I'll inform you of the archive's location.,기록 보관소의 위치를 알려드리겠습니다.,Where is the archive stored?,기록 보관소는 어디에 저장되어 있나요?,digital archive,"[""digital archive"",""archive records"",""access archives""]","[""디지털 아카이브"",""기록 보관"",""아카이브 접근""]",,"[""record"",""repository"",""archives""]",archive,중요 기록을 보관하는 장소,,,17,30,TOEFL_30x56_FINAL,yes,PASS,96,A,I'll let you know ...,알려줄게요...,96,A,,APPROVED,I'll see ...,,I'll be sure to ...,,I'll let you know ...,,Create example sentence and metadata,Promise/Inform,공식 문서나 기록 보관소,School & Learning,9,statement,,,,,,,,VOCAB,,,,,,,,,,,,,,,,,,,,,
TOEFL,T_D19_20,19,20,aridity,건조함,"dryness, waterlessness",n.,Clear Communication,명확하게 전달하기,46,Advanced,2,I'm not used to aridity after moving from the coast.,해안에서 이사 온 후 건조함에 익숙하지 않다.,I haven't adapted to the dryness.,건조한 환경에 적응하지 못했다.,Are you used to the aridity?,건조함에 익숙하니?,,,,dryness,"[""dryness"",""waterlessness""]",,"aridity = 건조함, 물 부족 상태",,,16,46,TOEFL_30x56_FINAL,yes,COMPLETE,98,A,I'm not used to ...ing,~에 익숙하지 않다,97,A,,PASS,I'll see ...,,I'll be sure to ...,,I'll let you know ...,,Create one natural sentence using the chosen pattern and the target word.,adjustment,"건조함, 물 부족 상태",Hobbies,10,statement,,,,,,,,VOCAB,,,,,,,,,,,,,,,,,,,,,
TOEFL,T_D19_21,19,21,revere,"존경하다, 숭배하다","honor, admire, venerate, respect",v.,Work & Collaboration,업무와 협업 표현,58,Core,3,I think you deserve to be revered for your leadership.,당신의 리더십 때문에 존경받을 자격이 있다고 생각해.,You merit respect for your leadership.,당신은 리더십 때문에 존경받을 만하다.,Do you deserve to be revered?,존경받을 자격이 있나요?,,,,honor,"[""honor"",""admire""]",,"revere = 존경하다, 숭배하다",,,22,54,TOEFL_30x56_FINAL,yes,COMPLETE,98,A,I think you deserve ...,당신은 ...할 자격이 있다,97,A,,PASS,I'll see ...,,I'll be sure to ...,,I'll let you know ...,,Create one natural sentence using the chosen pattern and the target word.,compliment,존경하거나 숭배하다,Technology,10,statement,,,,,,,,VOCAB,,,,,,,,,,,,,,,,,,,,,
TOEFL,T_D19_22,19,22,revise,"수정하다, 변경하다","change, modify, alter, edit, correct",v.,Work & Collaboration,업무와 협업 표현,58,Core,3,I'll see about revising the report before lunch.,점심 전까지 보고서를 수정할 수 있는지 확인할게요.,I'll check whether I can edit the report.,보고서를 수정할 수 있는지 확인하겠습니다.,When will they revise the report?,언제 보고서를 수정할 건가요?,revise the draft,"[""revise the draft"",""revise the manuscript"",""revise policies""]","[""초안을 수정하다"",""원고를 수정하다"",""정책을 수정하다""]",,"[""edit"",""modify"",""alter""]",revise,문서나 계획을 고쳐 더 나아지게 함,,,19,12,TOEFL_30x56_FINAL,yes,PASS,95,A,I'll see ...,내가 확인해볼게...,95,A,,APPROVED,I'll see ...,,I'll be sure to ...,,I'll let you know ...,,Create example sentence and metadata,Checking,수정하거나 바꾸다,Business,8,statement,,,,,,,,VOCAB,,,,,,,,,,,,,,,,,,,,,
TOEFL,T_D19_23,19,23,revive,"회복하다, 소생하다",recover,v.,Work & Collaboration,업무와 협업 표현,58,Core,3,"I'll tell you what, that idea revived interest in the project.","내가 말할게, 그 아이디어가 프로젝트에 대한 관심을 되살렸어.",That idea brought the project back to life.,그 아이디어가 프로젝트에 대한 관심을 회복시켰다.,Did that idea revive interest?,그 아이디어가 관심을 되살렸나요?,,,,recover,"[""recover"",""restore""]",,"revive = 회복시키다, 소생시키다",,,9,58,TOEFL_30x56_FINAL,yes,COMPLETE,98,A,"I'll tell you what, ...","내가 말할게, ...",97,A,,PASS,I'll see ...,,I'll be sure to ...,,I'll let you know ...,,Create one natural sentence using the chosen pattern and the target word.,opener,"회복하다, 다시 활기를 불어넣다",Business,11,statement,,,,,,,,VOCAB,,,,,,,,,,,,,,,,,,,,,
TOEFL,T_D19_24,19,24,ritual,의식적인,ceremonial,adj.,Work & Collaboration,업무와 협업 표현,58,Core,3,What's worse is that their ritual felt utterly staged.,더 나쁜 것은 그들의 의식이 매우 연출된 느낌이었다.,"Even worse, the ceremony seemed fake.",더 나쁘게도 그 의식은 가식적으로 보였다.,Why was the ritual criticized?,왜 그 의식이 비판받았나요?,morning ritual,"[""morning ritual"",""religious ritual"",""ritual practice""]","[""아침 의식"",""종교적 의식"",""의식적 실행""]",,"[""ceremonial"",""formal"",""customary""]",ritual,전통적이거나 형식적인 절차,,,24,11,TOEFL_30x56_FINAL,yes,PASS,95,A,What's worse is (that) ...,더 나쁜 것은 ...이다,95,A,,APPROVED,I'll see ...,,I'll be sure to ...,,I'll let you know ...,,Create example sentence and metadata,Contrast,의례적이고 형식적인,Family & Friends,9,statement,,,,,,,,VOCAB,,,,,,,,,,,,,,,,,,,,,
TOEFL,T_D19_25,19,25,robust,"튼튼한, 강한","strong, vigorous, healthy, stalwart",adj.,Work & Collaboration,업무와 협업 표현,58,Core,3,I'll see how robust the new system really is.,새 시스템이 얼마나 튼튼한지 확인해볼게.,I'll check the system's strength.,시스템의 견고함을 확인하겠다.,Is the system robust?,그 시스템은 튼튼한가요?,,,,strong,"[""strong"",""vigorous""]",,"robust = 튼튼한, 강한",,,25,25,TOEFL_30x56_FINAL,yes,COMPLETE,98,A,I'll see ...,확인해볼게요,97,A,,PASS,I'll see ...,,I'll be sure to ...,,I'll let you know ...,,Create one natural sentence using the chosen pattern and the target word.,checking,튼튼하고 강한,Travel,9,statement,,,,,,,,VOCAB,,,,,,,,,,,,,,,,,,,,,
TOEFL,T_D19_26,19,26,rough,"울퉁불퉁한, 거친","uneven, rugged, bumpy, coarse",adj.,Work & Collaboration,업무와 협업 표현,58,Core,3,I said I'd fix the rough patch after lunch.,나는 점심 후에 거친 부분을 고치겠다고 말했어.,I promised to repair the uneven area later.,나중에 울퉁불퉁한 부분을 수리하겠다고 약속했다.,When will they fix the rough patch?,언제 울퉁불퉁한 부분을 고칠 건가요?,rough surface,"[""rough surface"",""rough texture"",""rough estimate""]","[""거친 표면"",""거친 질감"",""대략적인 추정""]",,"[""uneven"",""coarse"",""rugged""]",rough,평평하지 않고 거친 상태,,,9,43,TOEFL_30x56_FINAL,yes,PASS,96,A,I said I'd ...,내가 ~하겠다고 말했었다,96,A,,APPROVED,I'll see ...,,I'll be sure to ...,,I'll let you know ...,,Create example sentence and metadata,Promise,울퉁불퉁하고 거친,Daily Life,9,statement,,,,,,,,VOCAB,,,,,,,,,,,,,,,,,,,,,
TOEFL,T_D19_27,19,27,sacred,신성한,"holy, divine",adj.,Work & Collaboration,업무와 협업 표현,58,Core,3,I'll see that the sacred items are treated with respect.,신성한 물건들이 존중받도록 제가 살펴보겠습니다.,I will ensure holy items get respect.,신성한 물건들이 존중받도록 하겠다.,Will the sacred items be respected?,신성한 물건들이 존중받을까요?,,,,holy,"[""holy"",""divine""]",,"sacred = 신성한, 거룩한",,,24,26,TOEFL_30x56_FINAL,yes,COMPLETE,98,A,I'll see ...,확인해볼게요,97,A,,PASS,I'll see ...,,I'll be sure to ...,,I'll let you know ...,,Create one natural sentence using the chosen pattern and the target word.,ensuring,"신성한, 거룩한",Shopping & Services,10,statement,,,,,,,,VOCAB,,,,,,,,,,,,,,,,,,,,,
TOEFL,T_D19_28,19,28,scanty,부족한,"scarce, sparse, thin, short, meager",adj.,Work & Collaboration,업무와 협업 표현,58,Core,3,You might want to collect more data; it's scanty.,데이터가 부족하니 더 수집하는 것이 좋을 것 같아요.,Consider gathering additional data because it's insufficient.,데이터가 불충분하니 추가 수집을 고려하세요.,What should you do about scanty data?,데이터가 부족하면 무엇을 해야 하나요?,scanty information,"[""scanty information"",""scanty evidence"",""scanty resources""]","[""부족한 정보"",""부족한 증거"",""부족한 자원""]",,"[""scarce"",""meager"",""sparse""]",scanty,양이 적고 불충분함,,,24,34,TOEFL_30x56_FINAL,yes,PASS,95,A,You might want to/wanna ...,~하는 것이 좋을 것 같아요,95,A,,APPROVED,I'll see ...,,I'll be sure to ...,,I'll let you know ...,,Create example sentence and metadata,Suggestion,부족하고 불충분한,Business,9,suggestion,,,,,,,,VOCAB,,,,,,,,,,,,,,,,,,,,,
TOEFL,T_D19_29,19,29,scorn,"비웃다, 경멸하다","ridicule, disdain, sneer, despise",v.,Work & Collaboration,업무와 협업 표현,58,Core,3,I feel sorry for those who face his scorn.,그의 경멸을 마주하는 사람들이 안타깝다.,I pity people he ridicules.,그가 비웃는 사람들이 안타깝다.,Do you feel sorry for them?,그들에게 안타까움을 느끼나요?,,,,despise,"[""despise"",""ridicule""]",,"scorn = 비웃다, 경멸하다",,,14,48,TOEFL_30x56_FINAL,yes,COMPLETE,98,A,I feel sorry for ...,~이 안타깝다,97,A,,PASS,I'll see ...,,I'll be sure to ...,,I'll let you know ...,,Create one natural sentence using the chosen pattern and the target word.,sympathy,경멸하거나 비웃다,School & Learning,9,statement,,,,,,,,VOCAB,,,,,,,,,,,,,,,,,,,,,
TOEFL,T_D19_30,19,30,seep,스며 나오다,"ooze, flow slowly, pass through slowly",v.,Work & Collaboration,업무와 협업 표현,58,Core,3,I've got a problem with water seeping through the ceiling.,천장에서 물이 스며들어 문제가 있어요.,Water leaking through the ceiling is a problem.,천장으로 물이 스며드는 것이 문제다.,Is water seeping through the ceiling?,천장에 물이 스며들고 있나요?,,,,ooze,"[""ooze"",""flow slowly""]",,"seep = 스며 나오다, 서서히 흐르다",,,13,57,TOEFL_30x56_FINAL,yes,COMPLETE,98,A,I've got a problem with ...,~에 문제가 있다,97,A,,PASS,I'll see ...,,I'll be sure to ...,,I'll let you know ...,,Create one natural sentence using the chosen pattern and the target word.,complaint,"스며나오다, 서서히 흐르다",Daily Life,10,statement,,,,,,,,VOCAB,,,,,,,,,,,,,,,,,,,,,
TOEFL,T_D20_01,20,1,sever,"자르다, 분리하다","cut, cut off, part, separate, divide",v.,Work & Collaboration,업무와 협업 표현,58,Core,3,,,,,,,,,,,,,,,,28,47,TOEFL_30x56_FINAL,,PENDING,,,,,,,,,,,,,,,,,,,,,,,,,,,,VOCAB,,,,,,,,,,,,,,,,,,,,,
TOEFL,T_D20_02,20,2,severe,"엄한, 가혹한","harsh, extreme, rigorous, strict",adj.,Work & Collaboration,업무와 협업 표현,58,Core,3,,,,,,,,,,,,,,,,14,43,TOEFL_30x56_FINAL,,PENDING,,,,,,,,,,,,,,,,,,,,,,,,,,,,VOCAB,,,,,,,,,,,,,,,,,,,,,
TOEFL,T_D20_03,20,3,shape,영향을 미쳐 형성하다,"affect, form, influence",v.,Work & Collaboration,업무와 협업 표현,58,Core,3,,,,,,,,,,,,,,,,6,45,TOEFL_30x56_FINAL,,PENDING,,,,,,,,,,,,,,,,,,,,,,,,,,,,VOCAB,,,,,,,,,,,,,,,,,,,,,
TOEFL,T_D20_04,20,4,shield,보호하다,"protect, defend, safeguard",v.,Work & Collaboration,업무와 협업 표현,58,Core,3,,,,,,,,,,,,,,,,14,56,TOEFL_30x56_FINAL,,PENDING,,,,,,,,,,,,,,,,,,,,,,,,,,,,VOCAB,,,,,,,,,,,,,,,,,,,,,
TOEFL,T_D20_05,20,5,shift,"옮기다, 바꾸다","move, transfer, change, switch",v.,Work & Collaboration,업무와 협업 표현,58,Core,3,,,,,,,,,,,,,,,,13,17,TOEFL_30x56_FINAL,,PENDING,,,,,,,,,,,,,,,,,,,,,,,,,,,,VOCAB,,,,,,,,,,,,,,,,,,,,,
TOEFL,T_D20_06,20,6,shoddy,질이 떨어지는,"inferior, poor",adj.,Work & Collaboration,업무와 협업 표현,58,Core,3,,,,,,,,,,,,,,,,8,47,TOEFL_30x56_FINAL,,PENDING,,,,,,,,,,,,,,,,,,,,,,,,,,,,VOCAB,,,,,,,,,,,,,,,,,,,,,
TOEFL,T_D20_07,20,7,signal,신호를 보내다,"cue, indicate, communicate, gesture, motion",v.,Work & Collaboration,업무와 협업 표현,58,Core,3,,,,,,,,,,,,,,,,24,54,TOEFL_30x56_FINAL,,PENDING,,,,,,,,,,,,,,,,,,,,,,,,,,,,VOCAB,,,,,,,,,,,,,,,,,,,,,
TOEFL,T_D20_08,20,8,sleek,매끄러운,"smooth, silky",adj.,Work & Collaboration,업무와 협업 표현,58,Core,3,,,,,,,,,,,,,,,,1,26,TOEFL_30x56_FINAL,,PENDING,,,,,,,,,,,,,,,,,,,,,,,,,,,,VOCAB,,,,,,,,,,,,,,,,,,,,,
TOEFL,T_D20_09,20,9,snake,구불구불 가다,"wind, meander, curve, twist",v.,Work & Collaboration,업무와 협업 표현,58,Core,3,,,,,,,,,,,,,,,,9,20,TOEFL_30x56_FINAL,,PENDING,,,,,,,,,,,,,,,,,,,,,,,,,,,,VOCAB,,,,,,,,,,,,,,,,,,,,,
TOEFL,T_D20_10,20,10,sole,유일한,"only, single, solitary",adj.,Work & Collaboration,업무와 협업 표현,58,Core,3,,,,,,,,,,,,,,,,9,23,TOEFL_30x56_FINAL,,PENDING,,,,,,,,,,,,,,,,,,,,,,,,,,,,VOCAB,,,,,,,,,,,,,,,,,,,,,
TOEFL,T_D20_11,20,11,solely,오로지,"only, purely, exclusively, entirely",adv.,Work & Collaboration,업무와 협업 표현,58,Core,3,,,,,,,,,,,,,,,,28,8,TOEFL_30x56_FINAL,,PENDING,,,,,,,,,,,,,,,,,,,,,,,,,,,,VOCAB,,,,,,,,,,,,,,,,,,,,,
TOEFL,T_D20_12,20,12,spark,유발하다,"bring about, trigger, provoke",v.,Work & Collaboration,업무와 협업 표현,58,Core,3,,,,,,,,,,,,,,,,26,19,TOEFL_30x56_FINAL,,PENDING,,,,,,,,,,,,,,,,,,,,,,,,,,,,VOCAB,,,,,,,,,,,,,,,,,,,,,
TOEFL,T_D20_13,20,13,spawn,야기하다,"give rise to, create, produce",v.,Work & Collaboration,업무와 협업 표현,58,Core,3,,,,,,,,,,,,,,,,16,55,TOEFL_30x56_FINAL,,PENDING,,,,,,,,,,,,,,,,,,,,,,,,,,,,VOCAB,,,,,,,,,,,,,,,,,,,,,
TOEFL,T_D20_14,20,14,static,"변하지 않는, 고정된","unchanging, immobile, unmoving",adj.,Work & Collaboration,업무와 협업 표현,58,Core,3,,,,,,,,,,,,,,,,22,8,TOEFL_30x56_FINAL,,PENDING,,,,,,,,,,,,,,,,,,,,,,,,,,,,VOCAB,,,,,,,,,,,,,,,,,,,,,
TOEFL,T_D20_15,20,15,strew,흩뿌리다,"scatter, sprinkle, disperse",v.,Work & Collaboration,업무와 협업 표현,58,Core,3,,,,,,,,,,,,,,,,7,6,TOEFL_30x56_FINAL,,PENDING,,,,,,,,,,,,,,,,,,,,,,,,,,,,VOCAB,,,,,,,,,,,,,,,,,,,,,
TOEFL,T_D20_16,20,16,sturdy,튼튼한,"well-built, strong, robust, stalwart",adj.,Work & Collaboration,업무와 협업 표현,58,Core,3,,,,,,,,,,,,,,,,3,11,TOEFL_30x56_FINAL,,PENDING,,,,,,,,,,,,,,,,,,,,,,,,,,,,VOCAB,,,,,,,,,,,,,,,,,,,,,
TOEFL,T_D20_17,20,17,subdue,"정복하다, 제압하다","defeat, conquer, vanquish",v.,Work & Collaboration,업무와 협업 표현,58,Core,2,,,,,,,,,,,,,,,,1,33,TOEFL_30x56_FINAL,,PENDING,,,,,,,,,,,,,,,,,,,,,,,,,,,,VOCAB,,,,,,,,,,,,,,,,,,,,,
TOEFL,T_D20_18,20,18,subtle,"미묘한, 감지하기 어려운","hard to recognize, hardly perceived, slight",adj.,Work & Collaboration,업무와 협업 표현,58,Core,3,,,,,,,,,,,,,,,,11,19,TOEFL_30x56_FINAL,,PENDING,,,,,,,,,,,,,,,,,,,,,,,,,,,,VOCAB,,,,,,,,,,,,,,,,,,,,,
TOEFL,T_D20_19,20,19,sue,고소하다,"take a strong legal action against, charge",v.,Work & Collaboration,업무와 협업 표현,58,Core,3,,,,,,,,,,,,,,,,11,28,TOEFL_30x56_FINAL,,PENDING,,,,,,,,,,,,,,,,,,,,,,,,,,,,VOCAB,,,,,,,,,,,,,,,,,,,,,
TOEFL,T_D20_20,20,20,superb,훌륭한,"excellent, outstanding, magnificent",adj.,Work & Collaboration,업무와 협업 표현,58,Core,3,,,,,,,,,,,,,,,,19,26,TOEFL_30x56_FINAL,,PENDING,,,,,,,,,,,,,,,,,,,,,,,,,,,,VOCAB,,,,,,,,,,,,,,,,,,,,,
TOEFL,T_D20_21,20,21,surge,급증하다,"increase, rise, wax",v.,Work & Collaboration,업무와 협업 표현,58,Core,3,,,,,,,,,,,,,,,,14,45,TOEFL_30x56_FINAL,,PENDING,,,,,,,,,,,,,,,,,,,,,,,,,,,,VOCAB,,,,,,,,,,,,,,,,,,,,,
TOEFL,T_D20_22,20,22,swell,"팽창하다, 부풀어 오르다","increase, expand, enlarge",v.,Work & Collaboration,업무와 협업 표현,58,Core,3,,,,,,,,,,,,,,,,19,53,TOEFL_30x56_FINAL,,PENDING,,,,,,,,,,,,,,,,,,,,,,,,,,,,VOCAB,,,,,,,,,,,,,,,,,,,,,
TOEFL,T_D20_23,20,23,withstand,견디다,"endure, resist, sustain",v.,Work & Collaboration,업무와 협업 표현,53,Bridge,3,,,,,,,,,,,,,,,,14,24,TOEFL_30x56_FINAL,,PENDING,,,,,,,,,,,,,,,,,,,,,,,,,,,,VOCAB,,,,,,,,,,,,,,,,,,,,,
TOEFL,T_D20_24,20,24,witness,목격하다,"observe, see, look on",v.,Work & Collaboration,업무와 협업 표현,53,Bridge,3,,,,,,,,,,,,,,,,28,3,TOEFL_30x56_FINAL,,PENDING,,,,,,,,,,,,,,,,,,,,,,,,,,,,VOCAB,,,,,,,,,,,,,,,,,,,,,
TOEFL,T_D20_25,20,25,accessible,접근할 수 있는,"reachable, able to be reached; obtainable",adj.,Work & Collaboration,업무와 협업 표현,52,Bridge,3,,,,,,,,,,,,,,,,8,41,TOEFL_30x56_FINAL,,PENDING,,,,,,,,,,,,,,,,,,,,,,,,,,,,VOCAB,,,,,,,,,,,,,,,,,,,,,
TOEFL,T_D20_26,20,26,antagonize,화나게 하다; 대항하다,"anger, aggravate; counteract",v.,Work & Collaboration,업무와 협업 표현,52,Bridge,3,,,,,,,,,,,,,,,,9,25,TOEFL_30x56_FINAL,,PENDING,,,,,,,,,,,,,,,,,,,,,,,,,,,,VOCAB,,,,,,,,,,,,,,,,,,,,,
TOEFL,T_D20_27,20,27,anyone can see,누가 봐도 알 수 있듯이,"it is clear, it is apparent",phr.,Work & Collaboration,업무와 협업 표현,52,Bridge,3,,,,,,,,,,,,,,,,16,33,TOEFL_30x56_FINAL,,PENDING,,,,,,,,,,,,,,,,,,,,,,,,,,,,VOCAB,,,,,,,,,,,,,,,,,,,,,
TOEFL,T_D20_28,20,28,apart from,~을 제외하고,"besides, except for, excluding",prep.,Work & Collaboration,업무와 협업 표현,52,Bridge,3,,,,,,,,,,,,,,,,25,28,TOEFL_30x56_FINAL,,PENDING,,,,,,,,,,,,,,,,,,,,,,,,,,,,VOCAB,,,,,,,,,,,,,,,,,,,,,
TOEFL,T_D20_29,20,29,be inclined to,~하는 경향이 있다,tend to,phr.,Work & Collaboration,업무와 협업 표현,52,Bridge,3,,,,,,,,,,,,,,,,23,41,TOEFL_30x56_FINAL,,PENDING,,,,,,,,,,,,,,,,,,,,,,,,,,,,VOCAB,,,,,,,,,,,,,,,,,,,,,
TOEFL,T_D20_30,20,30,coincide with,일치하다,"correspond to, accord with",phr.,Work & Collaboration,업무와 협업 표현,52,Bridge,3,,,,,,,,,,,,,,,,25,8,TOEFL_30x56_FINAL,,PENDING,,,,,,,,,,,,,,,,,,,,,,,,,,,,VOCAB,,,,,,,,,,,,,,,,,,,,,
TOEFL,T_D21_01,21,1,concentrate on,~에 집중하다,"focus on, pay attention to",phr.,Work & Collaboration,업무와 협업 표현,52,Bridge,3,,,,,,,,,,,,,,,,12,15,TOEFL_30x56_FINAL,,PENDING,,,,,,,,,,,,,,,,,,,,,,,,,,,,VOCAB,,,,,,,,,,,,,,,,,,,,,
TOEFL,T_D21_02,21,2,considerable,상당한; 중요한,"substantial, a large amount of, large; meaningful, significant",adj.,Work & Collaboration,업무와 협업 표현,52,Bridge,3,,,,,,,,,,,,,,,,7,1,TOEFL_30x56_FINAL,,PENDING,,,,,,,,,,,,,,,,,,,,,,,,,,,,VOCAB,,,,,,,,,,,,,,,,,,,,,
TOEFL,T_D21_03,21,3,contribute,"기부하다, 공헌하다","donate, endow, pitch in with; conduce",v.,Work & Collaboration,업무와 협업 표현,52,Bridge,3,,,,,,,,,,,,,,,,25,45,TOEFL_30x56_FINAL,,PENDING,,,,,,,,,,,,,,,,,,,,,,,,,,,,VOCAB,,,,,,,,,,,,,,,,,,,,,
TOEFL,T_D21_04,21,4,course through,~속을 흐르다,run through,phr.,Work & Collaboration,업무와 협업 표현,52,Bridge,3,,,,,,,,,,,,,,,,8,11,TOEFL_30x56_FINAL,,PENDING,,,,,,,,,,,,,,,,,,,,,,,,,,,,VOCAB,,,,,,,,,,,,,,,,,,,,,
TOEFL,T_D21_05,21,5,extracted from,~에서 뽑아낸,"taken out of, drawn out of",phr.,Work & Collaboration,업무와 협업 표현,52,Bridge,3,,,,,,,,,,,,,,,,18,28,TOEFL_30x56_FINAL,,PENDING,,,,,,,,,,,,,,,,,,,,,,,,,,,,VOCAB,,,,,,,,,,,,,,,,,,,,,
TOEFL,T_D21_06,21,6,formidable,"어마어마한, 굉장한; 다루기 힘든",1. impressive / 2. difficult to handle,adj.,Work & Collaboration,업무와 협업 표현,52,Bridge,3,,,,,,,,,,,,,,,,4,5,TOEFL_30x56_FINAL,,PENDING,,,,,,,,,,,,,,,,,,,,,,,,,,,,VOCAB,,,,,,,,,,,,,,,,,,,,,
TOEFL,T_D21_07,21,7,found wanting,부족하다고 여겨지는,judged inadequate,phr.,Work & Collaboration,업무와 협업 표현,52,Bridge,3,,,,,,,,,,,,,,,,23,21,TOEFL_30x56_FINAL,,PENDING,,,,,,,,,,,,,,,,,,,,,,,,,,,,VOCAB,,,,,,,,,,,,,,,,,,,,,
TOEFL,T_D21_08,21,8,illuminate,빛을 비추다; 명백히 하다,"light, brighten; clarify",v.,Work & Collaboration,업무와 협업 표현,52,Bridge,3,,,,,,,,,,,,,,,,20,44,TOEFL_30x56_FINAL,,PENDING,,,,,,,,,,,,,,,,,,,,,,,,,,,,VOCAB,,,,,,,,,,,,,,,,,,,,,
TOEFL,T_D21_09,21,9,article,물품,"object, item, thing",n.,Work & Collaboration,업무와 협업 표현,46,Advanced,2,,,,,,,,,,,,,,,,7,34,TOEFL_30x56_FINAL,,PENDING,,,,,,,,,,,,,,,,,,,,,,,,,,,,VOCAB,,,,,,,,,,,,,,,,,,,,,
TOEFL,T_D21_10,21,10,artifact,인공 유물,"object, item, article",n.,Work & Collaboration,업무와 협업 표현,46,Advanced,2,,,,,,,,,,,,,,,,12,50,TOEFL_30x56_FINAL,,PENDING,,,,,,,,,,,,,,,,,,,,,,,,,,,,VOCAB,,,,,,,,,,,,,,,,,,,,,
TOEFL,T_D21_11,21,11,artisan,장인,"craftsman, craftsperson",n.,Work & Collaboration,업무와 협업 표현,46,Advanced,2,,,,,,,,,,,,,,,,30,24,TOEFL_30x56_FINAL,,PENDING,,,,,,,,,,,,,,,,,,,,,,,,,,,,VOCAB,,,,,,,,,,,,,,,,,,,,,
TOEFL,T_D21_12,21,12,autonomy,자치권,"self-rule, independence",n.,Work & Collaboration,업무와 협업 표현,46,Advanced,2,,,,,,,,,,,,,,,,19,33,TOEFL_30x56_FINAL,,PENDING,,,,,,,,,,,,,,,,,,,,,,,,,,,,VOCAB,,,,,,,,,,,,,,,,,,,,,
TOEFL,T_D21_13,21,13,barrier,"장벽, 장애물","bar, obstacle, obstruction",n.,Work & Collaboration,업무와 협업 표현,46,Advanced,2,,,,,,,,,,,,,,,,11,34,TOEFL_30x56_FINAL,,PENDING,,,,,,,,,,,,,,,,,,,,,,,,,,,,VOCAB,,,,,,,,,,,,,,,,,,,,,
TOEFL,T_D21_14,21,14,breeding,번식,"reproduction, propagation",n.,Work & Collaboration,업무와 협업 표현,46,Advanced,2,,,,,,,,,,,,,,,,13,34,TOEFL_30x56_FINAL,,PENDING,,,,,,,,,,,,,,,,,,,,,,,,,,,,VOCAB,,,,,,,,,,,,,,,,,,,,,
TOEFL,T_D21_15,21,15,buildup,축적,accumulation,n.,Work & Collaboration,업무와 협업 표현,46,Advanced,2,,,,,,,,,,,,,,,,18,34,TOEFL_30x56_FINAL,,PENDING,,,,,,,,,,,,,,,,,,,,,,,,,,,,VOCAB,,,,,,,,,,,,,,,,,,,,,
TOEFL,T_D21_16,21,16,capacity,"능력, 재능","ability, talent, flair",n.,Work & Collaboration,업무와 협업 표현,46,Advanced,2,,,,,,,,,,,,,,,,24,39,TOEFL_30x56_FINAL,,PENDING,,,,,,,,,,,,,,,,,,,,,,,,,,,,VOCAB,,,,,,,,,,,,,,,,,,,,,
TOEFL,T_D21_17,21,17,swift,재빠른,"quick, speedy, fleet",adj.,Problems & Solutions,문제와 해결책,58,Core,3,,,,,,,,,,,,,,,,11,22,TOEFL_30x56_FINAL,,PENDING,,,,,,,,,,,,,,,,,,,,,,,,,,,,VOCAB,,,,,,,,,,,,,,,,,,,,,
TOEFL,T_D21_18,21,18,tacit,"무언의, 암묵적인","implicit, implied, unspoken",adj.,Problems & Solutions,문제와 해결책,58,Core,3,,,,,,,,,,,,,,,,4,28,TOEFL_30x56_FINAL,,PENDING,,,,,,,,,,,,,,,,,,,,,,,,,,,,VOCAB,,,,,,,,,,,,,,,,,,,,,
TOEFL,T_D21_19,21,19,tame,길들이다,"domesticate, train",v.,Problems & Solutions,문제와 해결책,58,Core,3,,,,,,,,,,,,,,,,4,44,TOEFL_30x56_FINAL,,PENDING,,,,,,,,,,,,,,,,,,,,,,,,,,,,VOCAB,,,,,,,,,,,,,,,,,,,,,
TOEFL,T_D21_20,21,20,tend,돌보다,"take care of, look after, care for, foster",v.,Problems & Solutions,문제와 해결책,58,Core,3,,,,,,,,,,,,,,,,19,17,TOEFL_30x56_FINAL,,PENDING,,,,,,,,,,,,,,,,,,,,,,,,,,,,VOCAB,,,,,,,,,,,,,,,,,,,,,
TOEFL,T_D21_21,21,21,term,명명하다,"call, name, designate, denominate",v.,Problems & Solutions,문제와 해결책,58,Core,3,,,,,,,,,,,,,,,,21,27,TOEFL_30x56_FINAL,,PENDING,,,,,,,,,,,,,,,,,,,,,,,,,,,,VOCAB,,,,,,,,,,,,,,,,,,,,,
TOEFL,T_D21_22,21,22,thrive,번영하다,"do well, prosper, flourish",v.,Problems & Solutions,문제와 해결책,58,Core,3,,,,,,,,,,,,,,,,19,36,TOEFL_30x56_FINAL,,PENDING,,,,,,,,,,,,,,,,,,,,,,,,,,,,VOCAB,,,,,,,,,,,,,,,,,,,,,
TOEFL,T_D21_23,21,23,thus,따라서,"consequently, therefore, accordingly",adv.,Problems & Solutions,문제와 해결책,58,Core,3,,,,,,,,,,,,,,,,19,15,TOEFL_30x56_FINAL,,PENDING,,,,,,,,,,,,,,,,,,,,,,,,,,,,VOCAB,,,,,,,,,,,,,,,,,,,,,
TOEFL,T_D21_24,21,24,thwart,좌절시키다,frustrate,v.,Problems & Solutions,문제와 해결책,58,Core,3,,,,,,,,,,,,,,,,22,21,TOEFL_30x56_FINAL,,PENDING,,,,,,,,,,,,,,,,,,,,,,,,,,,,VOCAB,,,,,,,,,,,,,,,,,,,,,
TOEFL,T_D21_25,21,25,timid,"소심한, 겁 많은","shy, fearful, cowardly",adj.,Problems & Solutions,문제와 해결책,58,Core,3,,,,,,,,,,,,,,,,25,24,TOEFL_30x56_FINAL,,PENDING,,,,,,,,,,,,,,,,,,,,,,,,,,,,VOCAB,,,,,,,,,,,,,,,,,,,,,
TOEFL,T_D21_26,21,26,toil,힘써 일하다,"work hard, labor",v.,Problems & Solutions,문제와 해결책,58,Core,3,,,,,,,,,,,,,,,,28,19,TOEFL_30x56_FINAL,,PENDING,,,,,,,,,,,,,,,,,,,,,,,,,,,,VOCAB,,,,,,,,,,,,,,,,,,,,,
TOEFL,T_D21_27,21,27,track,추적하다,"follow, chase, monitor",v.,Problems & Solutions,문제와 해결책,58,Core,3,,,,,,,,,,,,,,,,4,43,TOEFL_30x56_FINAL,,PENDING,,,,,,,,,,,,,,,,,,,,,,,,,,,,VOCAB,,,,,,,,,,,,,,,,,,,,,
TOEFL,T_D21_28,21,28,trap,잡다,"catch, capture",v.,Problems & Solutions,문제와 해결책,58,Core,3,,,,,,,,,,,,,,,,24,50,TOEFL_30x56_FINAL,,PENDING,,,,,,,,,,,,,,,,,,,,,,,,,,,,VOCAB,,,,,,,,,,,,,,,,,,,,,
TOEFL,T_D21_29,21,29,uneasy,"불안한, 편안하지 않은","apprehensive, unstable, disturbed, ill at ease",adj.,Problems & Solutions,문제와 해결책,58,Core,3,,,,,,,,,,,,,,,,23,54,TOEFL_30x56_FINAL,,PENDING,,,,,,,,,,,,,,,,,,,,,,,,,,,,VOCAB,,,,,,,,,,,,,,,,,,,,,
TOEFL,T_D21_30,21,30,up,"(가격 등을) 올리다, 증가시키다","increase, raise, augment, multiply",v.,Problems & Solutions,문제와 해결책,58,Core,3,,,,,,,,,,,,,,,,27,52,TOEFL_30x56_FINAL,,PENDING,,,,,,,,,,,,,,,,,,,,,,,,,,,,VOCAB,,,,,,,,,,,,,,,,,,,,,
TOEFL,T_D22_01,22,1,upset,불안하게 하다,"disturb, agitate, unsettle, worry",v.,Problems & Solutions,문제와 해결책,58,Core,3,,,,,,,,,,,,,,,,25,54,TOEFL_30x56_FINAL,,PENDING,,,,,,,,,,,,,,,,,,,,,,,,,,,,VOCAB,,,,,,,,,,,,,,,,,,,,,
TOEFL,T_D22_02,22,2,urbane,세련된,"cultivated, sophisticated, polished, refined",adj.,Problems & Solutions,문제와 해결책,58,Core,3,,,,,,,,,,,,,,,,12,18,TOEFL_30x56_FINAL,,PENDING,,,,,,,,,,,,,,,,,,,,,,,,,,,,VOCAB,,,,,,,,,,,,,,,,,,,,,
TOEFL,T_D22_03,22,3,vacant,(집·땅 등이) 비어 있는,"empty, unoccupied, void",adj.,Problems & Solutions,문제와 해결책,58,Core,3,,,,,,,,,,,,,,,,26,36,TOEFL_30x56_FINAL,,PENDING,,,,,,,,,,,,,,,,,,,,,,,,,,,,VOCAB,,,,,,,,,,,,,,,,,,,,,
TOEFL,T_D22_04,22,4,vacate,"떠나다, 비우다","abandon, evacuate, void",v.,Problems & Solutions,문제와 해결책,58,Core,3,,,,,,,,,,,,,,,,5,44,TOEFL_30x56_FINAL,,PENDING,,,,,,,,,,,,,,,,,,,,,,,,,,,,VOCAB,,,,,,,,,,,,,,,,,,,,,
TOEFL,T_D22_05,22,5,vague,"모호한, 불분명한","unclear, uncertain, imprecise, obscure",adj.,Problems & Solutions,문제와 해결책,58,Core,3,,,,,,,,,,,,,,,,26,53,TOEFL_30x56_FINAL,,PENDING,,,,,,,,,,,,,,,,,,,,,,,,,,,,VOCAB,,,,,,,,,,,,,,,,,,,,,
TOEFL,T_D22_06,22,6,vanish,사라지다,"disappear, fade, evaporate",v.,Problems & Solutions,문제와 해결책,58,Core,3,,,,,,,,,,,,,,,,22,22,TOEFL_30x56_FINAL,,PENDING,,,,,,,,,,,,,,,,,,,,,,,,,,,,VOCAB,,,,,,,,,,,,,,,,,,,,,
TOEFL,T_D22_07,22,7,vast,"광대한, 거대한","extensive, immense, great, huge, enormous",adj.,Problems & Solutions,문제와 해결책,58,Core,3,,,,,,,,,,,,,,,,3,2,TOEFL_30x56_FINAL,,PENDING,,,,,,,,,,,,,,,,,,,,,,,,,,,,VOCAB,,,,,,,,,,,,,,,,,,,,,
TOEFL,T_D22_08,22,8,vastly,대단히,"greatly, enormously, immensely, exceedingly",adv.,Problems & Solutions,문제와 해결책,58,Core,3,,,,,,,,,,,,,,,,24,17,TOEFL_30x56_FINAL,,PENDING,,,,,,,,,,,,,,,,,,,,,,,,,,,,VOCAB,,,,,,,,,,,,,,,,,,,,,
TOEFL,T_D22_09,22,9,wary,경계하는,"cautious, distrustful, watchful",adj.,Problems & Solutions,문제와 해결책,58,Core,3,,,,,,,,,,,,,,,,19,31,TOEFL_30x56_FINAL,,PENDING,,,,,,,,,,,,,,,,,,,,,,,,,,,,VOCAB,,,,,,,,,,,,,,,,,,,,,
TOEFL,T_D22_10,22,10,wholly,완전히,"completely, entirely, fully, thoroughly",adv.,Problems & Solutions,문제와 해결책,58,Core,3,,,,,,,,,,,,,,,,27,25,TOEFL_30x56_FINAL,,PENDING,,,,,,,,,,,,,,,,,,,,,,,,,,,,VOCAB,,,,,,,,,,,,,,,,,,,,,
TOEFL,T_D22_11,22,11,widely,널리,"extensively, broadly",adv.,Problems & Solutions,문제와 해결책,58,Core,3,,,,,,,,,,,,,,,,9,35,TOEFL_30x56_FINAL,,PENDING,,,,,,,,,,,,,,,,,,,,,,,,,,,,VOCAB,,,,,,,,,,,,,,,,,,,,,
TOEFL,T_D22_12,22,12,wield,"(권력·무기 등을) 휘두르다, 행사하다","exercise, use, handle",v.,Problems & Solutions,문제와 해결책,58,Core,3,,,,,,,,,,,,,,,,23,51,TOEFL_30x56_FINAL,,PENDING,,,,,,,,,,,,,,,,,,,,,,,,,,,,VOCAB,,,,,,,,,,,,,,,,,,,,,
TOEFL,T_D22_13,22,13,yearn,갈망하다,"long, desire, crave, pine",v.,Problems & Solutions,문제와 해결책,58,Core,3,,,,,,,,,,,,,,,,9,26,TOEFL_30x56_FINAL,,PENDING,,,,,,,,,,,,,,,,,,,,,,,,,,,,VOCAB,,,,,,,,,,,,,,,,,,,,,
TOEFL,T_D22_14,22,14,advocate,지지하다; 지지자,"1. promote, speak in favor of, argue in support of / 2. proponent, supporter, upholder",v./n.,Problems & Solutions,문제와 해결책,57,Core,3,,,,,,,,,,,,,,,,4,2,TOEFL_30x56_FINAL,,PENDING,,,,,,,,,,,,,,,,,,,,,,,,,,,,VOCAB,,,,,,,,,,,,,,,,,,,,,
TOEFL,T_D22_15,22,15,affluent,1. 풍부한 / 2. 부유한,"1. plentiful, abundant / 2. wealthy, rich, well-off",adj.,Problems & Solutions,문제와 해결책,57,Core,3,,,,,,,,,,,,,,,,20,27,TOEFL_30x56_FINAL,,PENDING,,,,,,,,,,,,,,,,,,,,,,,,,,,,VOCAB,,,,,,,,,,,,,,,,,,,,,
TOEFL,T_D22_16,22,16,allocate,"할당하다, 배정하다","distribute, allot; designate, earmark",v.,Problems & Solutions,문제와 해결책,57,Core,3,,,,,,,,,,,,,,,,2,8,TOEFL_30x56_FINAL,,PENDING,,,,,,,,,,,,,,,,,,,,,,,,,,,,VOCAB,,,,,,,,,,,,,,,,,,,,,
TOEFL,T_D22_17,22,17,anxious,1. 걱정하는 / 2. 열망하는,"1. worried, concerned, apprehensive, uneasy / 2. eager, keen, longing",adj.,Problems & Solutions,문제와 해결책,57,Core,3,,,,,,,,,,,,,,,,26,30,TOEFL_30x56_FINAL,,PENDING,,,,,,,,,,,,,,,,,,,,,,,,,,,,VOCAB,,,,,,,,,,,,,,,,,,,,,
TOEFL,T_D22_18,22,18,implement,"도구, 기구","tool, instrument, appliance",n.,Problems & Solutions,문제와 해결책,52,Bridge,3,,,,,,,,,,,,,,,,23,28,TOEFL_30x56_FINAL,,PENDING,,,,,,,,,,,,,,,,,,,,,,,,,,,,VOCAB,,,,,,,,,,,,,,,,,,,,,
TOEFL,T_D22_19,22,19,in response to,~에 대한 대응으로,in reaction to,phr.,Problems & Solutions,문제와 해결책,52,Bridge,3,,,,,,,,,,,,,,,,29,29,TOEFL_30x56_FINAL,,PENDING,,,,,,,,,,,,,,,,,,,,,,,,,,,,VOCAB,,,,,,,,,,,,,,,,,,,,,
TOEFL,T_D22_20,22,20,in tandem with,~와 협력하여,"in association with, in conjunction with",phr.,Problems & Solutions,문제와 해결책,52,Bridge,3,,,,,,,,,,,,,,,,29,6,TOEFL_30x56_FINAL,,PENDING,,,,,,,,,,,,,,,,,,,,,,,,,,,,VOCAB,,,,,,,,,,,,,,,,,,,,,
TOEFL,T_D22_21,22,21,inclement,날씨가 혹독한,"unfavorable, harsh, severe",adj.,Problems & Solutions,문제와 해결책,52,Bridge,3,,,,,,,,,,,,,,,,18,7,TOEFL_30x56_FINAL,,PENDING,,,,,,,,,,,,,,,,,,,,,,,,,,,,VOCAB,,,,,,,,,,,,,,,,,,,,,
TOEFL,T_D22_22,22,22,inviolable,예외를 허용할 수 없는; 신성한,"without exception, allowing no exception; sacred",adj.,Problems & Solutions,문제와 해결책,52,Bridge,3,,,,,,,,,,,,,,,,16,9,TOEFL_30x56_FINAL,,PENDING,,,,,,,,,,,,,,,,,,,,,,,,,,,,VOCAB,,,,,,,,,,,,,,,,,,,,,
TOEFL,T_D22_23,22,23,keep in check,"제어하다, 억제하다","limit, control, restrict, restrain",phr.,Problems & Solutions,문제와 해결책,52,Bridge,3,,,,,,,,,,,,,,,,9,30,TOEFL_30x56_FINAL,,PENDING,,,,,,,,,,,,,,,,,,,,,,,,,,,,VOCAB,,,,,,,,,,,,,,,,,,,,,
TOEFL,T_D22_24,22,24,manipulate,"1. 다루다, 조종하다 / 2. 조작하다, 속이다","1. handle, control, operate, maneuver / 2. change, deliberately alter",v.,Problems & Solutions,문제와 해결책,52,Bridge,3,,,,,,,,,,,,,,,,26,15,TOEFL_30x56_FINAL,,PENDING,,,,,,,,,,,,,,,,,,,,,,,,,,,,VOCAB,,,,,,,,,,,,,,,,,,,,,
TOEFL,T_D22_25,22,25,momentous,중대한,"significant, major, meaningful, substantial",adj.,Problems & Solutions,문제와 해결책,52,Bridge,3,,,,,,,,,,,,,,,,4,17,TOEFL_30x56_FINAL,,PENDING,,,,,,,,,,,,,,,,,,,,,,,,,,,,VOCAB,,,,,,,,,,,,,,,,,,,,,
TOEFL,T_D22_26,22,26,monotonous,"단조로운, 지루한","unvaried; boring, tedious, dull",adj.,Problems & Solutions,문제와 해결책,52,Bridge,3,,,,,,,,,,,,,,,,2,20,TOEFL_30x56_FINAL,,PENDING,,,,,,,,,,,,,,,,,,,,,,,,,,,,VOCAB,,,,,,,,,,,,,,,,,,,,,
TOEFL,T_D22_27,22,27,notion,"개념, 견해","concept, general idea; opinion, view",n.,Problems & Solutions,문제와 해결책,52,Bridge,3,,,,,,,,,,,,,,,,4,31,TOEFL_30x56_FINAL,,PENDING,,,,,,,,,,,,,,,,,,,,,,,,,,,,VOCAB,,,,,,,,,,,,,,,,,,,,,
TOEFL,T_D22_28,22,28,obsession with,~에 대한 집착,"fixation on, preoccupation with",phr.,Problems & Solutions,문제와 해결책,52,Bridge,3,,,,,,,,,,,,,,,,2,22,TOEFL_30x56_FINAL,,PENDING,,,,,,,,,,,,,,,,,,,,,,,,,,,,VOCAB,,,,,,,,,,,,,,,,,,,,,
TOEFL,T_D22_29,22,29,originate from,~에서 비롯되다,"come from, derive from, stem from",phr.,Problems & Solutions,문제와 해결책,52,Bridge,3,,,,,,,,,,,,,,,,12,32,TOEFL_30x56_FINAL,,PENDING,,,,,,,,,,,,,,,,,,,,,,,,,,,,VOCAB,,,,,,,,,,,,,,,,,,,,,
TOEFL,T_D22_30,22,30,perishable,"1. 잘 상하는, 썩기 쉬운 / 2. 영속하지 않는","1. likely to decay, likely to spoil, spoilable / 2. not permanent",adj.,Problems & Solutions,문제와 해결책,52,Bridge,3,,,,,,,,,,,,,,,,29,15,TOEFL_30x56_FINAL,,PENDING,,,,,,,,,,,,,,,,,,,,,,,,,,,,VOCAB,,,,,,,,,,,,,,,,,,,,,
TOEFL,T_D23_01,23,1,profoundly,"깊이, 대단히","deeply; completely, strongly",adv.,Problems & Solutions,문제와 해결책,52,Bridge,3,,,,,,,,,,,,,,,,14,6,TOEFL_30x56_FINAL,,PENDING,,,,,,,,,,,,,,,,,,,,,,,,,,,,VOCAB,,,,,,,,,,,,,,,,,,,,,
TOEFL,T_D23_02,23,2,prosperous,1. 번영하는 / 2. 부유한,"1. flourishing, thriving, blooming / 2. financially successful, wealthy, affluent",adj.,Problems & Solutions,문제와 해결책,52,Bridge,3,,,,,,,,,,,,,,,,23,7,TOEFL_30x56_FINAL,,PENDING,,,,,,,,,,,,,,,,,,,,,,,,,,,,VOCAB,,,,,,,,,,,,,,,,,,,,,
TOEFL,T_D23_03,23,3,provided that,만약 ~이라면,"if, once, on the condition that, supposing",phr.,Problems & Solutions,문제와 해결책,52,Bridge,3,,,,,,,,,,,,,,,,18,2,TOEFL_30x56_FINAL,,PENDING,,,,,,,,,,,,,,,,,,,,,,,,,,,,VOCAB,,,,,,,,,,,,,,,,,,,,,
TOEFL,T_D23_04,23,4,characteristic,"독특한; 특징, 특성","distinctive, peculiar, special; quality, feature, trait",adj./n.,Problems & Solutions,문제와 해결책,46,Advanced,2,,,,,,,,,,,,,,,,15,34,TOEFL_30x56_FINAL,,PENDING,,,,,,,,,,,,,,,,,,,,,,,,,,,,VOCAB,,,,,,,,,,,,,,,,,,,,,
TOEFL,T_D23_05,23,5,coating,"피막, 막, 입힌 것","layer, film",n.,Problems & Solutions,문제와 해결책,46,Advanced,2,,,,,,,,,,,,,,,,20,40,TOEFL_30x56_FINAL,,PENDING,,,,,,,,,,,,,,,,,,,,,,,,,,,,VOCAB,,,,,,,,,,,,,,,,,,,,,
TOEFL,T_D23_06,23,6,coinage,신조어,"creation, innovation",n.,Problems & Solutions,문제와 해결책,46,Advanced,2,,,,,,,,,,,,,,,,14,40,TOEFL_30x56_FINAL,,PENDING,,,,,,,,,,,,,,,,,,,,,,,,,,,,VOCAB,,,,,,,,,,,,,,,,,,,,,
TOEFL,T_D23_07,23,7,collectively,공동으로,"together, all together, unitedly",adv.,Problems & Solutions,문제와 해결책,46,Advanced,2,,,,,,,,,,,,,,,,23,15,TOEFL_30x56_FINAL,,PENDING,,,,,,,,,,,,,,,,,,,,,,,,,,,,VOCAB,,,,,,,,,,,,,,,,,,,,,
TOEFL,T_D23_08,23,8,concept,개념,"idea, notion",n.,Problems & Solutions,문제와 해결책,46,Advanced,2,,,,,,,,,,,,,,,,26,48,TOEFL_30x56_FINAL,,PENDING,,,,,,,,,,,,,,,,,,,,,,,,,,,,VOCAB,,,,,,,,,,,,,,,,,,,,,
TOEFL,T_D23_09,23,9,contour,"윤곽, 외형",outline,n.,Problems & Solutions,문제와 해결책,46,Advanced,2,,,,,,,,,,,,,,,,1,46,TOEFL_30x56_FINAL,,PENDING,,,,,,,,,,,,,,,,,,,,,,,,,,,,VOCAB,,,,,,,,,,,,,,,,,,,,,
TOEFL,T_D23_10,23,10,conventional,"전통적인, 관습적인","traditional, customary, standard, usual",adj.,Problems & Solutions,문제와 해결책,46,Advanced,2,,,,,,,,,,,,,,,,15,4,TOEFL_30x56_FINAL,,PENDING,,,,,,,,,,,,,,,,,,,,,,,,,,,,VOCAB,,,,,,,,,,,,,,,,,,,,,
TOEFL,T_D23_11,23,11,despite,~에도 불구하고,"in spite of, notwithstanding",prep.,Problems & Solutions,문제와 해결책,46,Advanced,2,,,,,,,,,,,,,,,,29,43,TOEFL_30x56_FINAL,,PENDING,,,,,,,,,,,,,,,,,,,,,,,,,,,,VOCAB,,,,,,,,,,,,,,,,,,,,,
TOEFL,T_D23_12,23,12,detrimental,해로운,"harmful, injurious, damaging, pernicious",adj.,Problems & Solutions,문제와 해결책,46,Advanced,2,,,,,,,,,,,,,,,,9,17,TOEFL_30x56_FINAL,,PENDING,,,,,,,,,,,,,,,,,,,,,,,,,,,,VOCAB,,,,,,,,,,,,,,,,,,,,,
TOEFL,T_D23_13,23,13,as a whole,전체적으로,"generally, overall, all together, by and large",phr.,Analysis & Evidence,분석과 근거 제시,57,Core,3,,,,,,,,,,,,,,,,17,48,TOEFL_30x56_FINAL,,PENDING,,,,,,,,,,,,,,,,,,,,,,,,,,,,VOCAB,,,,,,,,,,,,,,,,,,,,,
TOEFL,T_D23_14,23,14,as well as,~뿐만 아니라,"in addition to, not to mention",phr.,Analysis & Evidence,분석과 근거 제시,57,Core,3,,,,,,,,,,,,,,,,8,34,TOEFL_30x56_FINAL,,PENDING,,,,,,,,,,,,,,,,,,,,,,,,,,,,VOCAB,,,,,,,,,,,,,,,,,,,,,
TOEFL,T_D23_15,23,15,besides,게다가; ~을 제외하고,"in addition, moreover; apart from",adv./prep.,Analysis & Evidence,분석과 근거 제시,57,Core,3,,,,,,,,,,,,,,,,13,56,TOEFL_30x56_FINAL,,PENDING,,,,,,,,,,,,,,,,,,,,,,,,,,,,VOCAB,,,,,,,,,,,,,,,,,,,,,
TOEFL,T_D23_16,23,16,cast about,찾아보다,"seek, search, hunt",phr.,Analysis & Evidence,분석과 근거 제시,57,Core,3,,,,,,,,,,,,,,,,3,23,TOEFL_30x56_FINAL,,PENDING,,,,,,,,,,,,,,,,,,,,,,,,,,,,VOCAB,,,,,,,,,,,,,,,,,,,,,
TOEFL,T_D23_17,23,17,colonize,~에 식민지를 세우다; 식민지화하다,"1. inhabit, populate / 2. conquer",v.,Analysis & Evidence,분석과 근거 제시,57,Core,3,,,,,,,,,,,,,,,,5,21,TOEFL_30x56_FINAL,,PENDING,,,,,,,,,,,,,,,,,,,,,,,,,,,,VOCAB,,,,,,,,,,,,,,,,,,,,,
TOEFL,T_D23_18,23,18,compact,1. 빽빽한 / 2. 작은 / 3. 압축하다,"1. dense, thick / 2. smaller, pocket-sized, little / 3. compress, condense",adj./v.,Analysis & Evidence,분석과 근거 제시,57,Core,3,,,,,,,,,,,,,,,,29,12,TOEFL_30x56_FINAL,,PENDING,,,,,,,,,,,,,,,,,,,,,,,,,,,,VOCAB,,,,,,,,,,,,,,,,,,,,,
TOEFL,T_D23_19,23,19,comprise,포함하다; ~으로 구성되다,"include, encompass; consist of, be made up of",v.,Analysis & Evidence,분석과 근거 제시,57,Core,3,,,,,,,,,,,,,,,,9,7,TOEFL_30x56_FINAL,,PENDING,,,,,,,,,,,,,,,,,,,,,,,,,,,,VOCAB,,,,,,,,,,,,,,,,,,,,,
TOEFL,T_D23_20,23,20,concede,1. 인정하다 / 2. 허락하다,"1. admit, accept as true, acknowledge / 2. grant",v.,Analysis & Evidence,분석과 근거 제시,57,Core,3,,,,,,,,,,,,,,,,27,20,TOEFL_30x56_FINAL,,PENDING,,,,,,,,,,,,,,,,,,,,,,,,,,,,VOCAB,,,,,,,,,,,,,,,,,,,,,
TOEFL,T_D23_21,23,21,concern,1. 걱정시키다 / 2. 관심사,"1. worry / 2. interest, regard, care",v./n.,Analysis & Evidence,분석과 근거 제시,57,Core,3,,,,,,,,,,,,,,,,24,9,TOEFL_30x56_FINAL,,PENDING,,,,,,,,,,,,,,,,,,,,,,,,,,,,VOCAB,,,,,,,,,,,,,,,,,,,,,
TOEFL,T_D23_22,23,22,confine,"1. 경계, 범위 / 2. 가두다, 제한하다","1. boundary, limit / 2. cramp, enclose, cage; limit",n./v.,Analysis & Evidence,분석과 근거 제시,57,Core,3,,,,,,,,,,,,,,,,23,12,TOEFL_30x56_FINAL,,PENDING,,,,,,,,,,,,,,,,,,,,,,,,,,,,VOCAB,,,,,,,,,,,,,,,,,,,,,
TOEFL,T_D23_23,23,23,curious,호기심이 강한; 이상한,"inquisitive, questioning, inquiring; strange, mysterious, extraordinary",adj.,Analysis & Evidence,분석과 근거 제시,57,Core,3,,,,,,,,,,,,,,,,6,12,TOEFL_30x56_FINAL,,PENDING,,,,,,,,,,,,,,,,,,,,,,,,,,,,VOCAB,,,,,,,,,,,,,,,,,,,,,
TOEFL,T_D23_24,23,24,decline,"쇠퇴; 쇠퇴하다, 감소하다; 거절하다","1. weakening, decay / 2. decrease, lessen, fall / 3. refuse, reject",n./v.,Analysis & Evidence,분석과 근거 제시,57,Core,3,,,,,,,,,,,,,,,,2,6,TOEFL_30x56_FINAL,,PENDING,,,,,,,,,,,,,,,,,,,,,,,,,,,,VOCAB,,,,,,,,,,,,,,,,,,,,,
TOEFL,T_D23_25,23,25,delicate,1. 깨지기 쉬운 / 2. 섬세한,"1. fragile, brittle / 2. dainty, exquisite, fine",adj.,Analysis & Evidence,분석과 근거 제시,57,Core,3,,,,,,,,,,,,,,,,28,55,TOEFL_30x56_FINAL,,PENDING,,,,,,,,,,,,,,,,,,,,,,,,,,,,VOCAB,,,,,,,,,,,,,,,,,,,,,
TOEFL,T_D23_26,23,26,deplete,"다 써버리다, 고갈시키다","exhaust, empty, use up; reduce",v.,Analysis & Evidence,분석과 근거 제시,57,Core,3,,,,,,,,,,,,,,,,15,33,TOEFL_30x56_FINAL,,PENDING,,,,,,,,,,,,,,,,,,,,,,,,,,,,VOCAB,,,,,,,,,,,,,,,,,,,,,
TOEFL,T_D23_27,23,27,disperse,"흩어지게 하다, 퍼뜨리다","scatter, dissipate; spread, disseminate",v.,Analysis & Evidence,분석과 근거 제시,57,Core,3,,,,,,,,,,,,,,,,6,1,TOEFL_30x56_FINAL,,PENDING,,,,,,,,,,,,,,,,,,,,,,,,,,,,VOCAB,,,,,,,,,,,,,,,,,,,,,
TOEFL,T_D23_28,23,28,displace,1. 대체하다 / 2. 옮기다,"1. supplant, replace / 2. move out of position",v.,Analysis & Evidence,분석과 근거 제시,57,Core,3,,,,,,,,,,,,,,,,27,53,TOEFL_30x56_FINAL,,PENDING,,,,,,,,,,,,,,,,,,,,,,,,,,,,VOCAB,,,,,,,,,,,,,,,,,,,,,
TOEFL,T_D23_29,23,29,dispose of,~을 처리하다,get rid of,phr.,Analysis & Evidence,분석과 근거 제시,57,Core,3,,,,,,,,,,,,,,,,17,29,TOEFL_30x56_FINAL,,PENDING,,,,,,,,,,,,,,,,,,,,,,,,,,,,VOCAB,,,,,,,,,,,,,,,,,,,,,
TOEFL,T_D23_30,23,30,dispute,1. 논쟁하다 / 2. 논쟁,"1. argue, contend / 2. argument, disagreement, debate",v./n.,Analysis & Evidence,분석과 근거 제시,57,Core,3,,,,,,,,,,,,,,,,25,32,TOEFL_30x56_FINAL,,PENDING,,,,,,,,,,,,,,,,,,,,,,,,,,,,VOCAB,,,,,,,,,,,,,,,,,,,,,
TOEFL,T_D24_01,24,1,distinct,"다른, 별개의; 뚜렷한","different, separate, discrete; definite, clear and recognizable",adj.,Analysis & Evidence,분석과 근거 제시,57,Core,3,,,,,,,,,,,,,,,,10,13,TOEFL_30x56_FINAL,,PENDING,,,,,,,,,,,,,,,,,,,,,,,,,,,,VOCAB,,,,,,,,,,,,,,,,,,,,,
TOEFL,T_D24_02,24,2,dominate,지배하다; 압도적으로 우세하다,"control, govern, rule; be widespread in",v.,Analysis & Evidence,분석과 근거 제시,57,Core,3,,,,,,,,,,,,,,,,7,2,TOEFL_30x56_FINAL,,PENDING,,,,,,,,,,,,,,,,,,,,,,,,,,,,VOCAB,,,,,,,,,,,,,,,,,,,,,
TOEFL,T_D24_03,24,3,endorse,1. 지지하다 / 2. 서명하다,"1. support, subscribe, back, advocate / 2. sign",v.,Analysis & Evidence,분석과 근거 제시,57,Core,3,,,,,,,,,,,,,,,,25,16,TOEFL_30x56_FINAL,,PENDING,,,,,,,,,,,,,,,,,,,,,,,,,,,,VOCAB,,,,,,,,,,,,,,,,,,,,,
TOEFL,T_D24_04,24,4,execute,수행하다; 만들어 내다,"perform, carry out, fulfill, implement; produce",v.,Analysis & Evidence,분석과 근거 제시,57,Core,3,,,,,,,,,,,,,,,,12,17,TOEFL_30x56_FINAL,,PENDING,,,,,,,,,,,,,,,,,,,,,,,,,,,,VOCAB,,,,,,,,,,,,,,,,,,,,,
TOEFL,T_D24_05,24,5,exhaust,"1. 다 써 버리다, 고갈시키다 / 2. 지치게 하다","1. use up, deplete, run out of / 2. tire, weary, fatigue",v.,Analysis & Evidence,분석과 근거 제시,57,Core,3,,,,,,,,,,,,,,,,26,13,TOEFL_30x56_FINAL,,PENDING,,,,,,,,,,,,,,,,,,,,,,,,,,,,VOCAB,,,,,,,,,,,,,,,,,,,,,
TOEFL,T_D24_06,24,6,fashion,"1. 방식 / 2. 만들다, 형성하다","1. way, manner, mode / 2. shape, create, make",n./v.,Analysis & Evidence,분석과 근거 제시,57,Core,3,,,,,,,,,,,,,,,,27,4,TOEFL_30x56_FINAL,,PENDING,,,,,,,,,,,,,,,,,,,,,,,,,,,,VOCAB,,,,,,,,,,,,,,,,,,,,,
TOEFL,T_D24_07,24,7,figure out,알아내다,"determine, calculate, work out",phr.,Analysis & Evidence,분석과 근거 제시,57,Core,3,,,,,,,,,,,,,,,,16,21,TOEFL_30x56_FINAL,,PENDING,,,,,,,,,,,,,,,,,,,,,,,,,,,,VOCAB,,,,,,,,,,,,,,,,,,,,,
TOEFL,T_D24_08,24,8,full sweep,모든 범위,whole range,phr.,Analysis & Evidence,분석과 근거 제시,57,Core,3,,,,,,,,,,,,,,,,24,48,TOEFL_30x56_FINAL,,PENDING,,,,,,,,,,,,,,,,,,,,,,,,,,,,VOCAB,,,,,,,,,,,,,,,,,,,,,
TOEFL,T_D24_09,24,9,get rid of,~을 없애다,"eliminate, remove, dispose of",phr.,Analysis & Evidence,분석과 근거 제시,57,Core,3,,,,,,,,,,,,,,,,10,52,TOEFL_30x56_FINAL,,PENDING,,,,,,,,,,,,,,,,,,,,,,,,,,,,VOCAB,,,,,,,,,,,,,,,,,,,,,
TOEFL,T_D24_10,24,10,given that,~을 고려하면,"accepting that, considering that",phr.,Analysis & Evidence,분석과 근거 제시,57,Core,3,,,,,,,,,,,,,,,,14,34,TOEFL_30x56_FINAL,,PENDING,,,,,,,,,,,,,,,,,,,,,,,,,,,,VOCAB,,,,,,,,,,,,,,,,,,,,,
TOEFL,T_D24_11,24,11,in earnest,진지하게,"seriously, earnestly, solemnly",phr.,Analysis & Evidence,분석과 근거 제시,57,Core,3,,,,,,,,,,,,,,,,17,20,TOEFL_30x56_FINAL,,PENDING,,,,,,,,,,,,,,,,,,,,,,,,,,,,VOCAB,,,,,,,,,,,,,,,,,,,,,
TOEFL,T_D24_12,24,12,in essence,본질적으로,"essentially, fundamentally, basically, in substance",phr.,Analysis & Evidence,분석과 근거 제시,57,Core,3,,,,,,,,,,,,,,,,27,29,TOEFL_30x56_FINAL,,PENDING,,,,,,,,,,,,,,,,,,,,,,,,,,,,VOCAB,,,,,,,,,,,,,,,,,,,,,
TOEFL,T_D24_13,24,13,reasonable,합리적인; 가격 등이 적당한,"sensible, rational, logical; sufficient",adj.,Analysis & Evidence,분석과 근거 제시,52,Bridge,3,,,,,,,,,,,,,,,,15,5,TOEFL_30x56_FINAL,,PENDING,,,,,,,,,,,,,,,,,,,,,,,,,,,,VOCAB,,,,,,,,,,,,,,,,,,,,,
TOEFL,T_D24_14,24,14,revolve around,~을 중심으로 돌다,"focus on, center on",phr.,Analysis & Evidence,분석과 근거 제시,52,Bridge,3,,,,,,,,,,,,,,,,12,44,TOEFL_30x56_FINAL,,PENDING,,,,,,,,,,,,,,,,,,,,,,,,,,,,VOCAB,,,,,,,,,,,,,,,,,,,,,
TOEFL,T_D24_15,24,15,scrupulous,"세심한, 꼼꼼한; 양심적인","careful, fastidious, meticulous; honest, moral",adj.,Analysis & Evidence,분석과 근거 제시,52,Bridge,3,,,,,,,,,,,,,,,,10,46,TOEFL_30x56_FINAL,,PENDING,,,,,,,,,,,,,,,,,,,,,,,,,,,,VOCAB,,,,,,,,,,,,,,,,,,,,,
TOEFL,T_D24_16,24,16,self-confident,자신감 있는,"assured, self-assured",adj.,Analysis & Evidence,분석과 근거 제시,52,Bridge,3,,,,,,,,,,,,,,,,24,29,TOEFL_30x56_FINAL,,PENDING,,,,,,,,,,,,,,,,,,,,,,,,,,,,VOCAB,,,,,,,,,,,,,,,,,,,,,
TOEFL,T_D24_17,24,17,susceptible to,"~에 걸리기 쉬운, 영향을 받기 쉬운","likely to get, vulnerable to, prone to",phr.,Analysis & Evidence,분석과 근거 제시,52,Bridge,3,,,,,,,,,,,,,,,,2,28,TOEFL_30x56_FINAL,,PENDING,,,,,,,,,,,,,,,,,,,,,,,,,,,,VOCAB,,,,,,,,,,,,,,,,,,,,,
TOEFL,T_D24_18,24,18,to some extent,어느 정도까지,within limits,phr.,Analysis & Evidence,분석과 근거 제시,52,Bridge,3,,,,,,,,,,,,,,,,19,56,TOEFL_30x56_FINAL,,PENDING,,,,,,,,,,,,,,,,,,,,,,,,,,,,VOCAB,,,,,,,,,,,,,,,,,,,,,
TOEFL,T_D24_19,24,19,with regard to,~에 관하여,"in terms of, with respect to, concerning",phr.,Analysis & Evidence,분석과 근거 제시,52,Bridge,3,,,,,,,,,,,,,,,,5,50,TOEFL_30x56_FINAL,,PENDING,,,,,,,,,,,,,,,,,,,,,,,,,,,,VOCAB,,,,,,,,,,,,,,,,,,,,,
TOEFL,T_D24_20,24,20,as a rule of thumb,경험적으로 보아 대개,in general,phr.,Analysis & Evidence,분석과 근거 제시,51,Bridge,3,,,,,,,,,,,,,,,,10,42,TOEFL_30x56_FINAL,,PENDING,,,,,,,,,,,,,,,,,,,,,,,,,,,,VOCAB,,,,,,,,,,,,,,,,,,,,,
TOEFL,T_D24_21,24,21,at the same time,"동시에, 함께",simultaneously,phr.,Analysis & Evidence,분석과 근거 제시,51,Bridge,3,,,,,,,,,,,,,,,,24,58,TOEFL_30x56_FINAL,,PENDING,,,,,,,,,,,,,,,,,,,,,,,,,,,,VOCAB,,,,,,,,,,,,,,,,,,,,,
TOEFL,T_D24_22,24,22,at the urging of,~의 권고로,at the recommendation of,phr.,Analysis & Evidence,분석과 근거 제시,51,Bridge,3,,,,,,,,,,,,,,,,18,19,TOEFL_30x56_FINAL,,PENDING,,,,,,,,,,,,,,,,,,,,,,,,,,,,VOCAB,,,,,,,,,,,,,,,,,,,,,
TOEFL,T_D24_23,24,23,attributable to,~에 기인하는,"caused by, ascribable to",phr.,Analysis & Evidence,분석과 근거 제시,51,Bridge,3,,,,,,,,,,,,,,,,5,47,TOEFL_30x56_FINAL,,PENDING,,,,,,,,,,,,,,,,,,,,,,,,,,,,VOCAB,,,,,,,,,,,,,,,,,,,,,
TOEFL,T_D24_24,24,24,be accompanied by,~을 동반하다,occur together with,phr.,Analysis & Evidence,분석과 근거 제시,51,Bridge,3,,,,,,,,,,,,,,,,8,58,TOEFL_30x56_FINAL,,PENDING,,,,,,,,,,,,,,,,,,,,,,,,,,,,VOCAB,,,,,,,,,,,,,,,,,,,,,
TOEFL,T_D24_25,24,25,be incorporated in,"포함되다, 편입되다",be part of,phr.,Analysis & Evidence,분석과 근거 제시,51,Bridge,3,,,,,,,,,,,,,,,,29,54,TOEFL_30x56_FINAL,,PENDING,,,,,,,,,,,,,,,,,,,,,,,,,,,,VOCAB,,,,,,,,,,,,,,,,,,,,,
TOEFL,T_D24_26,24,26,conclusive,"결정적인, 확실한","definitive, final, enough to settle the issue, clear",adj.,Analysis & Evidence,분석과 근거 제시,51,Bridge,3,,,,,,,,,,,,,,,,1,17,TOEFL_30x56_FINAL,,PENDING,,,,,,,,,,,,,,,,,,,,,,,,,,,,VOCAB,,,,,,,,,,,,,,,,,,,,,
TOEFL,T_D24_27,24,27,consequent,결과로서 일어나는,"resultant, resulting, eventual, ensuing",adj.,Analysis & Evidence,분석과 근거 제시,51,Bridge,3,,,,,,,,,,,,,,,,25,2,TOEFL_30x56_FINAL,,PENDING,,,,,,,,,,,,,,,,,,,,,,,,,,,,VOCAB,,,,,,,,,,,,,,,,,,,,,
TOEFL,T_D24_28,24,28,consistent with,~와 일치하는,"in agreement with, congruent with",phr.,Analysis & Evidence,분석과 근거 제시,51,Bridge,3,,,,,,,,,,,,,,,,11,47,TOEFL_30x56_FINAL,,PENDING,,,,,,,,,,,,,,,,,,,,,,,,,,,,VOCAB,,,,,,,,,,,,,,,,,,,,,
TOEFL,T_D24_29,24,29,disgust,"혐오감, 불쾌감","distaste, nausea, aversion",n.,Analysis & Evidence,분석과 근거 제시,46,Advanced,2,,,,,,,,,,,,,,,,23,30,TOEFL_30x56_FINAL,,PENDING,,,,,,,,,,,,,,,,,,,,,,,,,,,,VOCAB,,,,,,,,,,,,,,,,,,,,,
TOEFL,T_D24_30,24,30,doctrine,"교리, 원칙","tenet, principle, dogma",n.,Analysis & Evidence,분석과 근거 제시,46,Advanced,2,,,,,,,,,,,,,,,,25,44,TOEFL_30x56_FINAL,,PENDING,,,,,,,,,,,,,,,,,,,,,,,,,,,,VOCAB,,,,,,,,,,,,,,,,,,,,,
TOEFL,T_D25_01,25,1,drawback,결점,"disadvantage, problem, defect, shortcoming",n.,Analysis & Evidence,분석과 근거 제시,46,Advanced,2,,,,,,,,,,,,,,,,15,8,TOEFL_30x56_FINAL,,PENDING,,,,,,,,,,,,,,,,,,,,,,,,,,,,VOCAB,,,,,,,,,,,,,,,,,,,,,
TOEFL,T_D25_02,25,2,dweller,거주자,"inhabitant, resident, occupant",n.,Analysis & Evidence,분석과 근거 제시,46,Advanced,2,,,,,,,,,,,,,,,,4,27,TOEFL_30x56_FINAL,,PENDING,,,,,,,,,,,,,,,,,,,,,,,,,,,,VOCAB,,,,,,,,,,,,,,,,,,,,,
TOEFL,T_D25_03,25,3,dwelling,거처,"living quarters, habitation, residence, home",n.,Analysis & Evidence,분석과 근거 제시,46,Advanced,2,,,,,,,,,,,,,,,,27,50,TOEFL_30x56_FINAL,,PENDING,,,,,,,,,,,,,,,,,,,,,,,,,,,,VOCAB,,,,,,,,,,,,,,,,,,,,,
TOEFL,T_D25_04,25,4,efficacy,효능,"effectiveness, efficiency, potency",n.,Analysis & Evidence,분석과 근거 제시,46,Advanced,2,,,,,,,,,,,,,,,,30,53,TOEFL_30x56_FINAL,,PENDING,,,,,,,,,,,,,,,,,,,,,,,,,,,,VOCAB,,,,,,,,,,,,,,,,,,,,,
TOEFL,T_D25_05,25,5,episode,하나의 사건,"event, occurrence, incident, happening",n.,Analysis & Evidence,분석과 근거 제시,46,Advanced,2,,,,,,,,,,,,,,,,30,32,TOEFL_30x56_FINAL,,PENDING,,,,,,,,,,,,,,,,,,,,,,,,,,,,VOCAB,,,,,,,,,,,,,,,,,,,,,
TOEFL,T_D25_06,25,6,essence,본질,"fundamental, essentiality, substance, nature",n.,Analysis & Evidence,분석과 근거 제시,46,Advanced,2,,,,,,,,,,,,,,,,22,40,TOEFL_30x56_FINAL,,PENDING,,,,,,,,,,,,,,,,,,,,,,,,,,,,VOCAB,,,,,,,,,,,,,,,,,,,,,
TOEFL,T_D25_07,25,7,evidence,증거,"proof, verification",n.,Analysis & Evidence,분석과 근거 제시,46,Advanced,2,,,,,,,,,,,,,,,,24,21,TOEFL_30x56_FINAL,,PENDING,,,,,,,,,,,,,,,,,,,,,,,,,,,,VOCAB,,,,,,,,,,,,,,,,,,,,,
TOEFL,T_D25_08,25,8,exceptional,예외적인,"extraordinary, abnormal, unusual",adj.,Analysis & Evidence,분석과 근거 제시,46,Advanced,2,,,,,,,,,,,,,,,,10,16,TOEFL_30x56_FINAL,,PENDING,,,,,,,,,,,,,,,,,,,,,,,,,,,,VOCAB,,,,,,,,,,,,,,,,,,,,,
TOEFL,T_D25_09,25,9,in profile,옆모습으로,from side view,phr.,Change & Improvement,변화와 개선,57,Core,3,,,,,,,,,,,,,,,,26,26,TOEFL_30x56_FINAL,,PENDING,,,,,,,,,,,,,,,,,,,,,,,,,,,,VOCAB,,,,,,,,,,,,,,,,,,,,,
TOEFL,T_D25_10,25,10,integral,"1. 필수적인 / 2. 완전한, 빠진 것이 없는","1. essential, crucial, indispensable / 2. complete",adj.,Change & Improvement,변화와 개선,57,Core,3,,,,,,,,,,,,,,,,19,3,TOEFL_30x56_FINAL,,PENDING,,,,,,,,,,,,,,,,,,,,,,,,,,,,VOCAB,,,,,,,,,,,,,,,,,,,,,
TOEFL,T_D25_11,25,11,likewise,"마찬가지로, 똑같이; 또한","similarly, in the same way; also, as well",adv.,Change & Improvement,변화와 개선,57,Core,3,,,,,,,,,,,,,,,,18,4,TOEFL_30x56_FINAL,,PENDING,,,,,,,,,,,,,,,,,,,,,,,,,,,,VOCAB,,,,,,,,,,,,,,,,,,,,,
TOEFL,T_D25_12,25,12,manifest,1. 나타내다 / 2. 명백한,"1. indicate, reveal, demonstrate / 2. obvious, clear, definite, evident",v./adj.,Change & Improvement,변화와 개선,57,Core,3,,,,,,,,,,,,,,,,27,17,TOEFL_30x56_FINAL,,PENDING,,,,,,,,,,,,,,,,,,,,,,,,,,,,VOCAB,,,,,,,,,,,,,,,,,,,,,
TOEFL,T_D25_13,25,13,moderate,"누그러지다; 온건한, 온화한","lessen, diminish; gentle, temperate, mild",v./adj.,Change & Improvement,변화와 개선,57,Core,3,,,,,,,,,,,,,,,,16,36,TOEFL_30x56_FINAL,,PENDING,,,,,,,,,,,,,,,,,,,,,,,,,,,,VOCAB,,,,,,,,,,,,,,,,,,,,,
TOEFL,T_D25_14,25,14,obsolete,"쓸모없게 된, 쓰이지 않는","out of date, outdated; unused, out of use",adj.,Change & Improvement,변화와 개선,57,Core,3,,,,,,,,,,,,,,,,2,37,TOEFL_30x56_FINAL,,PENDING,,,,,,,,,,,,,,,,,,,,,,,,,,,,VOCAB,,,,,,,,,,,,,,,,,,,,,
TOEFL,T_D25_15,25,15,ominous,"불길한, 험악한","foreboding, portentous; threatening",adj.,Change & Improvement,변화와 개선,57,Core,3,,,,,,,,,,,,,,,,28,33,TOEFL_30x56_FINAL,,PENDING,,,,,,,,,,,,,,,,,,,,,,,,,,,,VOCAB,,,,,,,,,,,,,,,,,,,,,
TOEFL,T_D25_16,25,16,partake of,"함께 먹다, 함께 하다","consume, share",phr.,Change & Improvement,변화와 개선,57,Core,3,,,,,,,,,,,,,,,,23,9,TOEFL_30x56_FINAL,,PENDING,,,,,,,,,,,,,,,,,,,,,,,,,,,,VOCAB,,,,,,,,,,,,,,,,,,,,,
TOEFL,T_D25_17,25,17,peculiar,"특유의, 독특한; 이상한","1. unique, distinct, particular / 2. strange, unusual, odd",adj.,Change & Improvement,변화와 개선,57,Core,3,,,,,,,,,,,,,,,,5,46,TOEFL_30x56_FINAL,,PENDING,,,,,,,,,,,,,,,,,,,,,,,,,,,,VOCAB,,,,,,,,,,,,,,,,,,,,,
TOEFL,T_D25_18,25,18,pioneer,선구자; 개척하다,"leader, founder; first develop, first start, first use, introduce",n./v.,Change & Improvement,변화와 개선,57,Core,3,,,,,,,,,,,,,,,,17,5,TOEFL_30x56_FINAL,,PENDING,,,,,,,,,,,,,,,,,,,,,,,,,,,,VOCAB,,,,,,,,,,,,,,,,,,,,,
TOEFL,T_D25_19,25,19,preclude,막다; 배제하다,"prevent, stop, hinder; rule out, exclude",v.,Change & Improvement,변화와 개선,57,Core,3,,,,,,,,,,,,,,,,9,44,TOEFL_30x56_FINAL,,PENDING,,,,,,,,,,,,,,,,,,,,,,,,,,,,VOCAB,,,,,,,,,,,,,,,,,,,,,
TOEFL,T_D25_20,25,20,prevail,"널리 퍼지다, 만연하다; 이기다","be dominant, dominate, be widespread, be prevalent; triumph",v.,Change & Improvement,변화와 개선,57,Core,3,,,,,,,,,,,,,,,,14,13,TOEFL_30x56_FINAL,,PENDING,,,,,,,,,,,,,,,,,,,,,,,,,,,,VOCAB,,,,,,,,,,,,,,,,,,,,,
TOEFL,T_D25_21,25,21,profound,"1. 엄청난 / 2. 깊은, 심오한 / 3. 광범위한","1. great, significant / 2. deep, fundamental / 3. far-reaching",adj.,Change & Improvement,변화와 개선,57,Core,3,,,,,,,,,,,,,,,,21,3,TOEFL_30x56_FINAL,,PENDING,,,,,,,,,,,,,,,,,,,,,,,,,,,,VOCAB,,,,,,,,,,,,,,,,,,,,,
TOEFL,T_D25_22,25,22,prolific,"다산의, 풍부한","fertile, fruitful, productive; abundant",adj.,Change & Improvement,변화와 개선,57,Core,3,,,,,,,,,,,,,,,,2,12,TOEFL_30x56_FINAL,,PENDING,,,,,,,,,,,,,,,,,,,,,,,,,,,,VOCAB,,,,,,,,,,,,,,,,,,,,,
TOEFL,T_D25_23,25,23,qualify,"자격을 갖추다, 자격을 주다","meet the requirement; entitle, empower",v.,Change & Improvement,변화와 개선,57,Core,3,,,,,,,,,,,,,,,,29,41,TOEFL_30x56_FINAL,,PENDING,,,,,,,,,,,,,,,,,,,,,,,,,,,,VOCAB,,,,,,,,,,,,,,,,,,,,,
TOEFL,T_D25_24,25,24,radical,근본적인; 극단적인,"fundamental, basic; extreme, drastic",adj.,Change & Improvement,변화와 개선,57,Core,3,,,,,,,,,,,,,,,,15,15,TOEFL_30x56_FINAL,,PENDING,,,,,,,,,,,,,,,,,,,,,,,,,,,,VOCAB,,,,,,,,,,,,,,,,,,,,,
TOEFL,T_D25_25,25,25,readily,"손쉽게, 즉시; 기꺼이","1. easily, effortlessly; quickly / 2. willingly, without reluctance",adv.,Change & Improvement,변화와 개선,57,Core,3,,,,,,,,,,,,,,,,4,1,TOEFL_30x56_FINAL,,PENDING,,,,,,,,,,,,,,,,,,,,,,,,,,,,VOCAB,,,,,,,,,,,,,,,,,,,,,
TOEFL,T_D25_26,25,26,realize,깨닫다; 달성하다,"be aware of, understand, catch on; achieve, accomplish, fulfill",v.,Change & Improvement,변화와 개선,57,Core,3,,,,,,,,,,,,,,,,13,42,TOEFL_30x56_FINAL,,PENDING,,,,,,,,,,,,,,,,,,,,,,,,,,,,VOCAB,,,,,,,,,,,,,,,,,,,,,
TOEFL,T_D25_27,25,27,rebound,"1. 다시 일어서다, 회복하다 / 2. 회복","1. recover, rally, bounce back / 2. recovery, return",v./n.,Change & Improvement,변화와 개선,57,Core,3,,,,,,,,,,,,,,,,19,14,TOEFL_30x56_FINAL,,PENDING,,,,,,,,,,,,,,,,,,,,,,,,,,,,VOCAB,,,,,,,,,,,,,,,,,,,,,
TOEFL,T_D25_28,25,28,reflect,나타내다; 숙고하다,"show, indicate, display, demonstrate; meditate, think, consider, ponder",v.,Change & Improvement,변화와 개선,57,Core,3,,,,,,,,,,,,,,,,7,37,TOEFL_30x56_FINAL,,PENDING,,,,,,,,,,,,,,,,,,,,,,,,,,,,VOCAB,,,,,,,,,,,,,,,,,,,,,
TOEFL,T_D25_29,25,29,release,석방하다; 방출하다,"free, liberate, loose; emit, give off, discharge, exude",v.,Change & Improvement,변화와 개선,57,Core,3,,,,,,,,,,,,,,,,9,38,TOEFL_30x56_FINAL,,PENDING,,,,,,,,,,,,,,,,,,,,,,,,,,,,VOCAB,,,,,,,,,,,,,,,,,,,,,
TOEFL,T_D25_30,25,30,retrieve,되찾다,"bring back, get back, recover; obtain, regain",v.,Change & Improvement,변화와 개선,57,Core,3,,,,,,,,,,,,,,,,13,4,TOEFL_30x56_FINAL,,PENDING,,,,,,,,,,,,,,,,,,,,,,,,,,,,VOCAB,,,,,,,,,,,,,,,,,,,,,
TOEFL,T_D26_01,26,1,rigorous,엄격한; 가혹한,"1. strict, severe, demanding, precise / 2. harsh",adj.,Change & Improvement,변화와 개선,57,Core,3,,,,,,,,,,,,,,,,3,24,TOEFL_30x56_FINAL,,PENDING,,,,,,,,,,,,,,,,,,,,,,,,,,,,VOCAB,,,,,,,,,,,,,,,,,,,,,
TOEFL,T_D26_02,26,2,rupture,"파열되다, 찢어지다; 불화","1. burst, break apart, split, tear / 2. breach, discord",v./n.,Change & Improvement,변화와 개선,57,Core,3,,,,,,,,,,,,,,,,4,35,TOEFL_30x56_FINAL,,PENDING,,,,,,,,,,,,,,,,,,,,,,,,,,,,VOCAB,,,,,,,,,,,,,,,,,,,,,
TOEFL,T_D26_03,26,3,secrete,1. 분비하다 / 2. 숨기다,"1. release, produce, excrete / 2. conceal, hide, veil",v.,Change & Improvement,변화와 개선,57,Core,3,,,,,,,,,,,,,,,,28,16,TOEFL_30x56_FINAL,,PENDING,,,,,,,,,,,,,,,,,,,,,,,,,,,,VOCAB,,,,,,,,,,,,,,,,,,,,,
TOEFL,T_D26_04,26,4,solitary,"외딴, 외로운","isolated, secluded, remote; alone, lonely",adj.,Change & Improvement,변화와 개선,57,Core,3,,,,,,,,,,,,,,,,14,36,TOEFL_30x56_FINAL,,PENDING,,,,,,,,,,,,,,,,,,,,,,,,,,,,VOCAB,,,,,,,,,,,,,,,,,,,,,
TOEFL,T_D26_05,26,5,strictly,"1. 엄격히, 정확히 / 2. 오로지","1. rigorously, severely, tightly, precisely / 2. only, exclusively, solely",adv.,Change & Improvement,변화와 개선,57,Core,3,,,,,,,,,,,,,,,,22,10,TOEFL_30x56_FINAL,,PENDING,,,,,,,,,,,,,,,,,,,,,,,,,,,,VOCAB,,,,,,,,,,,,,,,,,,,,,
TOEFL,T_D26_06,26,6,subject,피실험자; 노출시키다,participant; expose,n./v.,Change & Improvement,변화와 개선,57,Core,3,,,,,,,,,,,,,,,,7,53,TOEFL_30x56_FINAL,,PENDING,,,,,,,,,,,,,,,,,,,,,,,,,,,,VOCAB,,,,,,,,,,,,,,,,,,,,,
TOEFL,T_D26_07,26,7,subject to,~에 영향을 받기 쉬운,"susceptible to, likely to get",phr.,Change & Improvement,변화와 개선,57,Core,3,,,,,,,,,,,,,,,,30,38,TOEFL_30x56_FINAL,,PENDING,,,,,,,,,,,,,,,,,,,,,,,,,,,,VOCAB,,,,,,,,,,,,,,,,,,,,,
TOEFL,T_D26_08,26,8,critically,결정적으로,"fundamentally, decisively, crucially",adv.,Change & Improvement,변화와 개선,51,Bridge,3,,,,,,,,,,,,,,,,17,19,TOEFL_30x56_FINAL,,PENDING,,,,,,,,,,,,,,,,,,,,,,,,,,,,VOCAB,,,,,,,,,,,,,,,,,,,,,
TOEFL,T_D26_09,26,9,deeply ingrained,"(습관 등이) 깊이 배어든, 뿌리박힌",firmly established,phr.,Change & Improvement,변화와 개선,51,Bridge,3,,,,,,,,,,,,,,,,26,23,TOEFL_30x56_FINAL,,PENDING,,,,,,,,,,,,,,,,,,,,,,,,,,,,VOCAB,,,,,,,,,,,,,,,,,,,,,
TOEFL,T_D26_10,26,10,from time to time,가끔,"occasionally, now and then",phr.,Change & Improvement,변화와 개선,51,Bridge,3,,,,,,,,,,,,,,,,29,30,TOEFL_30x56_FINAL,,PENDING,,,,,,,,,,,,,,,,,,,,,,,,,,,,VOCAB,,,,,,,,,,,,,,,,,,,,,
TOEFL,T_D26_11,26,11,grow accustomed to,~에 익숙해지다,"become used to, become familiar with",phr.,Change & Improvement,변화와 개선,51,Bridge,3,,,,,,,,,,,,,,,,2,3,TOEFL_30x56_FINAL,,PENDING,,,,,,,,,,,,,,,,,,,,,,,,,,,,VOCAB,,,,,,,,,,,,,,,,,,,,,
TOEFL,T_D26_12,26,12,in the ascendant,(인기·세력 등이) 상승 중인,rising in importance,phr.,Change & Improvement,변화와 개선,51,Bridge,3,,,,,,,,,,,,,,,,29,48,TOEFL_30x56_FINAL,,PENDING,,,,,,,,,,,,,,,,,,,,,,,,,,,,VOCAB,,,,,,,,,,,,,,,,,,,,,
TOEFL,T_D26_13,26,13,indefinite period,무기한,a period whose end has not been determined,phr.,Change & Improvement,변화와 개선,51,Bridge,3,,,,,,,,,,,,,,,,8,55,TOEFL_30x56_FINAL,,PENDING,,,,,,,,,,,,,,,,,,,,,,,,,,,,VOCAB,,,,,,,,,,,,,,,,,,,,,
TOEFL,T_D26_14,26,14,intervening years,사이에 있는 세월,between years,phr.,Change & Improvement,변화와 개선,51,Bridge,3,,,,,,,,,,,,,,,,30,51,TOEFL_30x56_FINAL,,PENDING,,,,,,,,,,,,,,,,,,,,,,,,,,,,VOCAB,,,,,,,,,,,,,,,,,,,,,
TOEFL,T_D26_15,26,15,manageable,관리하기 쉬운,"controllable, affordable, easy to handle",adj.,Change & Improvement,변화와 개선,51,Bridge,3,,,,,,,,,,,,,,,,18,43,TOEFL_30x56_FINAL,,PENDING,,,,,,,,,,,,,,,,,,,,,,,,,,,,VOCAB,,,,,,,,,,,,,,,,,,,,,
TOEFL,T_D26_16,26,16,mere subsistence,"최저 생계 수단, 생계품",basic living necessaries,phr.,Change & Improvement,변화와 개선,51,Bridge,3,,,,,,,,,,,,,,,,20,36,TOEFL_30x56_FINAL,,PENDING,,,,,,,,,,,,,,,,,,,,,,,,,,,,VOCAB,,,,,,,,,,,,,,,,,,,,,
TOEFL,T_D26_17,26,17,mutually exclusive,상호 배타적인,different from one another,phr.,Change & Improvement,변화와 개선,51,Bridge,3,,,,,,,,,,,,,,,,26,35,TOEFL_30x56_FINAL,,PENDING,,,,,,,,,,,,,,,,,,,,,,,,,,,,VOCAB,,,,,,,,,,,,,,,,,,,,,
TOEFL,T_D26_18,26,18,on the contrary,그와는 반대로,"conversely, on the other hand",phr.,Change & Improvement,변화와 개선,51,Bridge,3,,,,,,,,,,,,,,,,28,51,TOEFL_30x56_FINAL,,PENDING,,,,,,,,,,,,,,,,,,,,,,,,,,,,VOCAB,,,,,,,,,,,,,,,,,,,,,
TOEFL,T_D26_19,26,19,overriding,가장 중요한,"dominant, chief, principal",adj.,Change & Improvement,변화와 개선,51,Bridge,3,,,,,,,,,,,,,,,,13,35,TOEFL_30x56_FINAL,,PENDING,,,,,,,,,,,,,,,,,,,,,,,,,,,,VOCAB,,,,,,,,,,,,,,,,,,,,,
TOEFL,T_D26_20,26,20,preoccupied with,~에 몰두한,"concentrated on, absorbed in, immersed in",phr.,Change & Improvement,변화와 개선,51,Bridge,3,,,,,,,,,,,,,,,,11,21,TOEFL_30x56_FINAL,,PENDING,,,,,,,,,,,,,,,,,,,,,,,,,,,,VOCAB,,,,,,,,,,,,,,,,,,,,,
TOEFL,T_D26_21,26,21,take precedence over,~보다 우선하다,"be more important than, come before",phr.,Change & Improvement,변화와 개선,51,Bridge,3,,,,,,,,,,,,,,,,9,53,TOEFL_30x56_FINAL,,PENDING,,,,,,,,,,,,,,,,,,,,,,,,,,,,VOCAB,,,,,,,,,,,,,,,,,,,,,
TOEFL,T_D26_22,26,22,to a large extent,대체로,"for the most part, mainly, largely",phr.,Change & Improvement,변화와 개선,51,Bridge,3,,,,,,,,,,,,,,,,24,18,TOEFL_30x56_FINAL,,PENDING,,,,,,,,,,,,,,,,,,,,,,,,,,,,VOCAB,,,,,,,,,,,,,,,,,,,,,
TOEFL,T_D26_23,26,23,voracious predator,탐욕스러운 포식자,strong competitor,phr.,Change & Improvement,변화와 개선,51,Bridge,3,,,,,,,,,,,,,,,,24,59,TOEFL_30x56_FINAL,,PENDING,,,,,,,,,,,,,,,,,,,,,,,,,,,,VOCAB,,,,,,,,,,,,,,,,,,,,,
TOEFL,T_D26_24,26,24,with respect to,~에 관하여,"with regard to, in terms of, in reference to",phr.,Change & Improvement,변화와 개선,51,Bridge,3,,,,,,,,,,,,,,,,13,46,TOEFL_30x56_FINAL,,PENDING,,,,,,,,,,,,,,,,,,,,,,,,,,,,VOCAB,,,,,,,,,,,,,,,,,,,,,
TOEFL,T_D26_25,26,25,exclusively,"오로지, 전적으로","solely, only, entirely, totally",adv.,Change & Improvement,변화와 개선,46,Advanced,2,,,,,,,,,,,,,,,,14,14,TOEFL_30x56_FINAL,,PENDING,,,,,,,,,,,,,,,,,,,,,,,,,,,,VOCAB,,,,,,,,,,,,,,,,,,,,,
TOEFL,T_D26_26,26,26,experimental,시험적인,"trial, tentative",adj.,Change & Improvement,변화와 개선,46,Advanced,2,,,,,,,,,,,,,,,,3,30,TOEFL_30x56_FINAL,,PENDING,,,,,,,,,,,,,,,,,,,,,,,,,,,,VOCAB,,,,,,,,,,,,,,,,,,,,,
TOEFL,T_D26_27,26,27,feature,특징,"characteristic, attribute, quality",n.,Change & Improvement,변화와 개선,46,Advanced,2,,,,,,,,,,,,,,,,29,22,TOEFL_30x56_FINAL,,PENDING,,,,,,,,,,,,,,,,,,,,,,,,,,,,VOCAB,,,,,,,,,,,,,,,,,,,,,
TOEFL,T_D26_28,26,28,flattery,아첨,praise,n.,Change & Improvement,변화와 개선,46,Advanced,2,,,,,,,,,,,,,,,,15,30,TOEFL_30x56_FINAL,,PENDING,,,,,,,,,,,,,,,,,,,,,,,,,,,,VOCAB,,,,,,,,,,,,,,,,,,,,,
TOEFL,T_D26_29,26,29,fracture,"균열, 갈라진 틈","rupture, crack, gap, cleft",n.,Change & Improvement,변화와 개선,46,Advanced,2,,,,,,,,,,,,,,,,24,33,TOEFL_30x56_FINAL,,PENDING,,,,,,,,,,,,,,,,,,,,,,,,,,,,VOCAB,,,,,,,,,,,,,,,,,,,,,
TOEFL,T_D26_30,26,30,fragmentary,단편적인,"incomplete, fractional, partial",adj.,Change & Improvement,변화와 개선,46,Advanced,2,,,,,,,,,,,,,,,,3,49,TOEFL_30x56_FINAL,,PENDING,,,,,,,,,,,,,,,,,,,,,,,,,,,,VOCAB,,,,,,,,,,,,,,,,,,,,,
TOEFL,T_D27_01,27,1,fundamental,"근본적인, 기본적인","essential, basic, primary, elementary",adj.,Change & Improvement,변화와 개선,46,Advanced,2,,,,,,,,,,,,,,,,13,15,TOEFL_30x56_FINAL,,PENDING,,,,,,,,,,,,,,,,,,,,,,,,,,,,VOCAB,,,,,,,,,,,,,,,,,,,,,
TOEFL,T_D27_02,27,2,gesture,"제스처, 몸짓","a movement made with the head, hand or arm",n.,Change & Improvement,변화와 개선,46,Advanced,2,,,,,,,,,,,,,,,,28,57,TOEFL_30x56_FINAL,,PENDING,,,,,,,,,,,,,,,,,,,,,,,,,,,,VOCAB,,,,,,,,,,,,,,,,,,,,,
TOEFL,T_D27_03,27,3,hallmark,특징,"feature, distinguishing trait, sure signal",n.,Change & Improvement,변화와 개선,46,Advanced,2,,,,,,,,,,,,,,,,25,23,TOEFL_30x56_FINAL,,PENDING,,,,,,,,,,,,,,,,,,,,,,,,,,,,VOCAB,,,,,,,,,,,,,,,,,,,,,
TOEFL,T_D27_04,27,4,immunity,면제,"exemption, impunity",n.,Change & Improvement,변화와 개선,46,Advanced,2,,,,,,,,,,,,,,,,26,9,TOEFL_30x56_FINAL,,PENDING,,,,,,,,,,,,,,,,,,,,,,,,,,,,VOCAB,,,,,,,,,,,,,,,,,,,,,
TOEFL,T_D27_05,27,5,suppress,억제하다; 진압하다,"hold back, restrain; stop by force",v.,Performance & Results,성과와 결과,57,Core,3,,,,,,,,,,,,,,,,15,9,TOEFL_30x56_FINAL,,PENDING,,,,,,,,,,,,,,,,,,,,,,,,,,,,VOCAB,,,,,,,,,,,,,,,,,,,,,
TOEFL,T_D27_06,27,6,sustain,"1. 떠받치다, 지탱하다 / 2. 지속하다, 유지하다","1. support, bear, uphold / 2. maintain, continue",v.,Performance & Results,성과와 결과,57,Core,3,,,,,,,,,,,,,,,,24,1,TOEFL_30x56_FINAL,,PENDING,,,,,,,,,,,,,,,,,,,,,,,,,,,,VOCAB,,,,,,,,,,,,,,,,,,,,,
TOEFL,T_D27_07,27,7,to be sure,틀림없이,"certainly, definitely, surely",phr.,Performance & Results,성과와 결과,57,Core,3,,,,,,,,,,,,,,,,8,44,TOEFL_30x56_FINAL,,PENDING,,,,,,,,,,,,,,,,,,,,,,,,,,,,VOCAB,,,,,,,,,,,,,,,,,,,,,
TOEFL,T_D27_08,27,8,verging on,"~에 가까운, 거의 ~인",bordering on,phr.,Performance & Results,성과와 결과,57,Core,3,,,,,,,,,,,,,,,,20,31,TOEFL_30x56_FINAL,,PENDING,,,,,,,,,,,,,,,,,,,,,,,,,,,,VOCAB,,,,,,,,,,,,,,,,,,,,,
TOEFL,T_D27_09,27,9,vibrant,활기 넘치는; 선명한,"active, vivacious, energetic; vivid, bright, brilliant",adj.,Performance & Results,성과와 결과,57,Core,3,,,,,,,,,,,,,,,,12,4,TOEFL_30x56_FINAL,,PENDING,,,,,,,,,,,,,,,,,,,,,,,,,,,,VOCAB,,,,,,,,,,,,,,,,,,,,,
TOEFL,T_D27_10,27,10,vigorous,"건강한, 활기찬; 힘찬","1. strong and healthy, strong; energetic / 2. forceful",adj.,Performance & Results,성과와 결과,57,Core,3,,,,,,,,,,,,,,,,3,15,TOEFL_30x56_FINAL,,PENDING,,,,,,,,,,,,,,,,,,,,,,,,,,,,VOCAB,,,,,,,,,,,,,,,,,,,,,
TOEFL,T_D27_11,27,11,well-to-do,부유한,"wealthy, affluent, rich",adj.,Performance & Results,성과와 결과,57,Core,3,,,,,,,,,,,,,,,,4,37,TOEFL_30x56_FINAL,,PENDING,,,,,,,,,,,,,,,,,,,,,,,,,,,,VOCAB,,,,,,,,,,,,,,,,,,,,,
TOEFL,T_D27_12,27,12,aggregate,"1. 총합의, 집합적인 / 2. 모으다","1. overall, total; combined, collective / 2. gather, collect, combine, accumulate, amass",adj./v.,Performance & Results,성과와 결과,56,Core,3,,,,,,,,,,,,,,,,22,15,TOEFL_30x56_FINAL,,PENDING,,,,,,,,,,,,,,,,,,,,,,,,,,,,VOCAB,,,,,,,,,,,,,,,,,,,,,
TOEFL,T_D27_13,27,13,assist with,~을 돕다,"help with, aid, support",phr.,Performance & Results,성과와 결과,56,Core,3,,,,,,,,,,,,,,,,7,32,TOEFL_30x56_FINAL,,PENDING,,,,,,,,,,,,,,,,,,,,,,,,,,,,VOCAB,,,,,,,,,,,,,,,,,,,,,
TOEFL,T_D27_14,27,14,attribute,특성; ~의 탓으로 돌리다,"characteristic, trait, quality, property; ascribe, credit, impute, refer",n./v.,Performance & Results,성과와 결과,56,Core,3,,,,,,,,,,,,,,,,10,7,TOEFL_30x56_FINAL,,PENDING,,,,,,,,,,,,,,,,,,,,,,,,,,,,VOCAB,,,,,,,,,,,,,,,,,,,,,
TOEFL,T_D27_15,27,15,by and large,대체로,"for the most part, on the whole",phr.,Performance & Results,성과와 결과,56,Core,3,,,,,,,,,,,,,,,,19,37,TOEFL_30x56_FINAL,,PENDING,,,,,,,,,,,,,,,,,,,,,,,,,,,,VOCAB,,,,,,,,,,,,,,,,,,,,,
TOEFL,T_D27_16,27,16,by virtue of,"~ 덕분에, ~ 때문에","because of, thanks to, on account of",phr.,Performance & Results,성과와 결과,56,Core,3,,,,,,,,,,,,,,,,28,46,TOEFL_30x56_FINAL,,PENDING,,,,,,,,,,,,,,,,,,,,,,,,,,,,VOCAB,,,,,,,,,,,,,,,,,,,,,
TOEFL,T_D27_17,27,17,conducive to,~에 도움이 되는,"favorable to, helpful for, beneficial to",phr.,Performance & Results,성과와 결과,56,Core,3,,,,,,,,,,,,,,,,11,20,TOEFL_30x56_FINAL,,PENDING,,,,,,,,,,,,,,,,,,,,,,,,,,,,VOCAB,,,,,,,,,,,,,,,,,,,,,
TOEFL,T_D27_18,27,18,constrain,강요하다; 억제하다,"oblige, bind, force, pressure; inhibit, restrain, restrict",v.,Performance & Results,성과와 결과,56,Core,3,,,,,,,,,,,,,,,,7,42,TOEFL_30x56_FINAL,,PENDING,,,,,,,,,,,,,,,,,,,,,,,,,,,,VOCAB,,,,,,,,,,,,,,,,,,,,,
TOEFL,T_D27_19,27,19,coupled with,~와 결합된,"together with, combined with",phr.,Performance & Results,성과와 결과,56,Core,3,,,,,,,,,,,,,,,,14,51,TOEFL_30x56_FINAL,,PENDING,,,,,,,,,,,,,,,,,,,,,,,,,,,,VOCAB,,,,,,,,,,,,,,,,,,,,,
TOEFL,T_D27_20,27,20,crucial,"결정적인, 중대한","decisive, important, essential, vital, acute",adj.,Performance & Results,성과와 결과,56,Core,3,,,,,,,,,,,,,,,,8,6,TOEFL_30x56_FINAL,,PENDING,,,,,,,,,,,,,,,,,,,,,,,,,,,,VOCAB,,,,,,,,,,,,,,,,,,,,,
TOEFL,T_D27_21,27,21,culminate in,~에서 절정에 달하다,"reach completion in, reach the highest point in",phr.,Performance & Results,성과와 결과,56,Core,3,,,,,,,,,,,,,,,,21,17,TOEFL_30x56_FINAL,,PENDING,,,,,,,,,,,,,,,,,,,,,,,,,,,,VOCAB,,,,,,,,,,,,,,,,,,,,,
TOEFL,T_D27_22,27,22,decisive,"결정적인, 명확한","significant, definitive, definite",adj.,Performance & Results,성과와 결과,56,Core,3,,,,,,,,,,,,,,,,19,9,TOEFL_30x56_FINAL,,PENDING,,,,,,,,,,,,,,,,,,,,,,,,,,,,VOCAB,,,,,,,,,,,,,,,,,,,,,
TOEFL,T_D27_23,27,23,destitute of,~이 없는,"lacking, empty of, deficient in",phr.,Performance & Results,성과와 결과,56,Core,3,,,,,,,,,,,,,,,,21,30,TOEFL_30x56_FINAL,,PENDING,,,,,,,,,,,,,,,,,,,,,,,,,,,,VOCAB,,,,,,,,,,,,,,,,,,,,,
TOEFL,T_D27_24,27,24,duplicate,복제하다; 되풀이하다,"copy, reproduce, imitate; repeat",v.,Performance & Results,성과와 결과,56,Core,3,,,,,,,,,,,,,,,,7,4,TOEFL_30x56_FINAL,,PENDING,,,,,,,,,,,,,,,,,,,,,,,,,,,,VOCAB,,,,,,,,,,,,,,,,,,,,,
TOEFL,T_D27_25,27,25,encourage,장려하다; 격려하다,"1. promote, prompt, motivate / 2. cheer up, hearten",v.,Performance & Results,성과와 결과,56,Core,3,,,,,,,,,,,,,,,,2,14,TOEFL_30x56_FINAL,,PENDING,,,,,,,,,,,,,,,,,,,,,,,,,,,,VOCAB,,,,,,,,,,,,,,,,,,,,,
TOEFL,T_D27_26,27,26,entitled to,~할 권리가 있는,"given the right to, authorized to, qualified to",phr.,Performance & Results,성과와 결과,56,Core,3,,,,,,,,,,,,,,,,22,37,TOEFL_30x56_FINAL,,PENDING,,,,,,,,,,,,,,,,,,,,,,,,,,,,VOCAB,,,,,,,,,,,,,,,,,,,,,
TOEFL,T_D27_27,27,27,epitomize,1. ~의 전형이 되다 / 2. 요약하다,"1. exemplify, typify, represent / 2. summarize, abridge",v.,Performance & Results,성과와 결과,56,Core,3,,,,,,,,,,,,,,,,22,14,TOEFL_30x56_FINAL,,PENDING,,,,,,,,,,,,,,,,,,,,,,,,,,,,VOCAB,,,,,,,,,,,,,,,,,,,,,
TOEFL,T_D27_28,27,28,feasible,실행 가능한,"practicable, viable, possible, achievable, most likely",adj.,Performance & Results,성과와 결과,56,Core,3,,,,,,,,,,,,,,,,12,3,TOEFL_30x56_FINAL,,PENDING,,,,,,,,,,,,,,,,,,,,,,,,,,,,VOCAB,,,,,,,,,,,,,,,,,,,,,
TOEFL,T_D27_29,27,29,formulate,고안하다; 명확히 밝히다,"develop, devise, forge; state, specify, express",v.,Performance & Results,성과와 결과,56,Core,3,,,,,,,,,,,,,,,,9,50,TOEFL_30x56_FINAL,,PENDING,,,,,,,,,,,,,,,,,,,,,,,,,,,,VOCAB,,,,,,,,,,,,,,,,,,,,,
TOEFL,T_D27_30,27,30,fragment,"1. 조각, 파편 / 2. 산산이 부수다","1. piece, flake, particle, part / 2. break apart, shatter, divide",n./v.,Performance & Results,성과와 결과,56,Core,3,,,,,,,,,,,,,,,,21,8,TOEFL_30x56_FINAL,,PENDING,,,,,,,,,,,,,,,,,,,,,,,,,,,,VOCAB,,,,,,,,,,,,,,,,,,,,,
TOEFL,T_D28_01,28,1,full-fledged,완전히 발달한,"well-developed, full-blown",adj.,Performance & Results,성과와 결과,56,Core,3,,,,,,,,,,,,,,,,13,19,TOEFL_30x56_FINAL,,PENDING,,,,,,,,,,,,,,,,,,,,,,,,,,,,VOCAB,,,,,,,,,,,,,,,,,,,,,
TOEFL,T_D28_02,28,2,give rise to,~을 초래하다,"cause, produce, provoke, bring about",phr.,Performance & Results,성과와 결과,56,Core,3,,,,,,,,,,,,,,,,20,9,TOEFL_30x56_FINAL,,PENDING,,,,,,,,,,,,,,,,,,,,,,,,,,,,VOCAB,,,,,,,,,,,,,,,,,,,,,
TOEFL,T_D28_03,28,3,accommodate,"1. 수용하다 / 2. 적응하다, 맞추다","1. lodge, make room for, hold / 2. adjust to, suit, adapt, fit",v.,Performance & Results,성과와 결과,50,Bridge,2,,,,,,,,,,,,,,,,19,27,TOEFL_30x56_FINAL,,PENDING,,,,,,,,,,,,,,,,,,,,,,,,,,,,VOCAB,,,,,,,,,,,,,,,,,,,,,
TOEFL,T_D28_04,28,4,advent,"출현, 도래","arrival, coming, introduction, appearance",n.,Performance & Results,성과와 결과,50,Bridge,2,,,,,,,,,,,,,,,,25,17,TOEFL_30x56_FINAL,,PENDING,,,,,,,,,,,,,,,,,,,,,,,,,,,,VOCAB,,,,,,,,,,,,,,,,,,,,,
TOEFL,T_D28_05,28,5,albeit,비록 ~이지만,"although, though, even though",conj.,Performance & Results,성과와 결과,50,Bridge,2,,,,,,,,,,,,,,,,15,2,TOEFL_30x56_FINAL,,PENDING,,,,,,,,,,,,,,,,,,,,,,,,,,,,VOCAB,,,,,,,,,,,,,,,,,,,,,
TOEFL,T_D28_06,28,6,alternative,대안의; 대안,"substitutive, different; substitute, choice, option",adj./n.,Performance & Results,성과와 결과,50,Bridge,2,,,,,,,,,,,,,,,,11,15,TOEFL_30x56_FINAL,,PENDING,,,,,,,,,,,,,,,,,,,,,,,,,,,,VOCAB,,,,,,,,,,,,,,,,,,,,,
TOEFL,T_D28_07,28,7,apex,정점,"crest, peak, acme, pinnacle",n.,Performance & Results,성과와 결과,50,Bridge,2,,,,,,,,,,,,,,,,21,47,TOEFL_30x56_FINAL,,PENDING,,,,,,,,,,,,,,,,,,,,,,,,,,,,VOCAB,,,,,,,,,,,,,,,,,,,,,
TOEFL,T_D28_08,28,8,approximate,"1. 대략적인, 가까운 / 2. 비슷하다","1. rough; close, near / 2. resemble",adj./v.,Performance & Results,성과와 결과,50,Bridge,2,,,,,,,,,,,,,,,,28,20,TOEFL_30x56_FINAL,,PENDING,,,,,,,,,,,,,,,,,,,,,,,,,,,,VOCAB,,,,,,,,,,,,,,,,,,,,,
TOEFL,T_D28_09,28,9,bias,편견,prejudice,n.,Performance & Results,성과와 결과,50,Bridge,2,,,,,,,,,,,,,,,,11,52,TOEFL_30x56_FINAL,,PENDING,,,,,,,,,,,,,,,,,,,,,,,,,,,,VOCAB,,,,,,,,,,,,,,,,,,,,,
TOEFL,T_D28_10,28,10,boon,"큰 이익, 혜택","great benefit, advantage",n.,Performance & Results,성과와 결과,50,Bridge,2,,,,,,,,,,,,,,,,10,18,TOEFL_30x56_FINAL,,PENDING,,,,,,,,,,,,,,,,,,,,,,,,,,,,VOCAB,,,,,,,,,,,,,,,,,,,,,
TOEFL,T_D28_11,28,11,cargo,"화물, 짐","shipment, load, freight, burden",n.,Performance & Results,성과와 결과,50,Bridge,2,,,,,,,,,,,,,,,,14,35,TOEFL_30x56_FINAL,,PENDING,,,,,,,,,,,,,,,,,,,,,,,,,,,,VOCAB,,,,,,,,,,,,,,,,,,,,,
TOEFL,T_D28_12,28,12,clue,"단서, 증거","information, indication, evidence, trace, sign",n.,Performance & Results,성과와 결과,50,Bridge,2,,,,,,,,,,,,,,,,14,27,TOEFL_30x56_FINAL,,PENDING,,,,,,,,,,,,,,,,,,,,,,,,,,,,VOCAB,,,,,,,,,,,,,,,,,,,,,
TOEFL,T_D28_13,28,13,column,기둥,"pillar, post",n.,Performance & Results,성과와 결과,50,Bridge,2,,,,,,,,,,,,,,,,19,50,TOEFL_30x56_FINAL,,PENDING,,,,,,,,,,,,,,,,,,,,,,,,,,,,VOCAB,,,,,,,,,,,,,,,,,,,,,
TOEFL,T_D28_14,28,14,contemporary,현대의; 동시대의,"1. modern, present-day, current / 2. coexisting, concurrent",adj.,Performance & Results,성과와 결과,50,Bridge,2,,,,,,,,,,,,,,,,2,7,TOEFL_30x56_FINAL,,PENDING,,,,,,,,,,,,,,,,,,,,,,,,,,,,VOCAB,,,,,,,,,,,,,,,,,,,,,
TOEFL,T_D28_15,28,15,core,핵심,"central idea, center, heart",n.,Performance & Results,성과와 결과,50,Bridge,2,,,,,,,,,,,,,,,,21,50,TOEFL_30x56_FINAL,,PENDING,,,,,,,,,,,,,,,,,,,,,,,,,,,,VOCAB,,,,,,,,,,,,,,,,,,,,,
TOEFL,T_D28_16,28,16,crisis,위기,"critical situation, emergency",n.,Performance & Results,성과와 결과,50,Bridge,2,,,,,,,,,,,,,,,,28,36,TOEFL_30x56_FINAL,,PENDING,,,,,,,,,,,,,,,,,,,,,,,,,,,,VOCAB,,,,,,,,,,,,,,,,,,,,,
TOEFL,T_D28_17,28,17,cue,신호,"signal, sign",n.,Performance & Results,성과와 결과,50,Bridge,2,,,,,,,,,,,,,,,,16,53,TOEFL_30x56_FINAL,,PENDING,,,,,,,,,,,,,,,,,,,,,,,,,,,,VOCAB,,,,,,,,,,,,,,,,,,,,,
TOEFL,T_D28_18,28,18,debris,"파편, 잔해","fragment, wreckage, remains, dreg",n.,Performance & Results,성과와 결과,50,Bridge,2,,,,,,,,,,,,,,,,24,35,TOEFL_30x56_FINAL,,PENDING,,,,,,,,,,,,,,,,,,,,,,,,,,,,VOCAB,,,,,,,,,,,,,,,,,,,,,
TOEFL,T_D28_19,28,19,demise,"종말, 몰락","end, fall, collapse, downfall",n.,Performance & Results,성과와 결과,50,Bridge,2,,,,,,,,,,,,,,,,8,21,TOEFL_30x56_FINAL,,PENDING,,,,,,,,,,,,,,,,,,,,,,,,,,,,VOCAB,,,,,,,,,,,,,,,,,,,,,
TOEFL,T_D28_20,28,20,impetus,"자극, 추진력","motivation, stimulus, spur, impulse",n.,Performance & Results,성과와 결과,46,Advanced,2,,,,,,,,,,,,,,,,17,7,TOEFL_30x56_FINAL,,PENDING,,,,,,,,,,,,,,,,,,,,,,,,,,,,VOCAB,,,,,,,,,,,,,,,,,,,,,
TOEFL,T_D28_21,28,21,impulse,자극(제),"stimulus, basic motivation, impetus",n.,Performance & Results,성과와 결과,46,Advanced,2,,,,,,,,,,,,,,,,24,20,TOEFL_30x56_FINAL,,PENDING,,,,,,,,,,,,,,,,,,,,,,,,,,,,VOCAB,,,,,,,,,,,,,,,,,,,,,
TOEFL,T_D28_22,28,22,insight,"통찰력, 이해","understanding, perception, sense",n.,Performance & Results,성과와 결과,46,Advanced,2,,,,,,,,,,,,,,,,26,51,TOEFL_30x56_FINAL,,PENDING,,,,,,,,,,,,,,,,,,,,,,,,,,,,VOCAB,,,,,,,,,,,,,,,,,,,,,
TOEFL,T_D28_23,28,23,judiciously,"분별 있게, 현명하게","wisely, sensibly, prudently",adv.,Performance & Results,성과와 결과,46,Advanced,2,,,,,,,,,,,,,,,,17,55,TOEFL_30x56_FINAL,,PENDING,,,,,,,,,,,,,,,,,,,,,,,,,,,,VOCAB,,,,,,,,,,,,,,,,,,,,,
TOEFL,T_D28_24,28,24,juncture,"연결, 접합","connection, junction, link",n.,Performance & Results,성과와 결과,46,Advanced,2,,,,,,,,,,,,,,,,21,34,TOEFL_30x56_FINAL,,PENDING,,,,,,,,,,,,,,,,,,,,,,,,,,,,VOCAB,,,,,,,,,,,,,,,,,,,,,
TOEFL,T_D28_25,28,25,mainstay,"주요 의지물, 대들보","important part, anchor, buttress",n.,Performance & Results,성과와 결과,46,Advanced,2,,,,,,,,,,,,,,,,27,24,TOEFL_30x56_FINAL,,PENDING,,,,,,,,,,,,,,,,,,,,,,,,,,,,VOCAB,,,,,,,,,,,,,,,,,,,,,
TOEFL,T_D28_26,28,26,mandate,"명령, 지시","order, command, instruction",n.,Performance & Results,성과와 결과,46,Advanced,2,,,,,,,,,,,,,,,,23,6,TOEFL_30x56_FINAL,,PENDING,,,,,,,,,,,,,,,,,,,,,,,,,,,,VOCAB,,,,,,,,,,,,,,,,,,,,,
TOEFL,T_D28_27,28,27,meticulously,꼼꼼히,"carefully, precisely",adv.,Performance & Results,성과와 결과,46,Advanced,2,,,,,,,,,,,,,,,,12,45,TOEFL_30x56_FINAL,,PENDING,,,,,,,,,,,,,,,,,,,,,,,,,,,,VOCAB,,,,,,,,,,,,,,,,,,,,,
TOEFL,T_D28_28,28,28,obstacle,장애물,"barrier, hindrance, impediment, obstruction",n.,Performance & Results,성과와 결과,46,Advanced,2,,,,,,,,,,,,,,,,25,11,TOEFL_30x56_FINAL,,PENDING,,,,,,,,,,,,,,,,,,,,,,,,,,,,VOCAB,,,,,,,,,,,,,,,,,,,,,
TOEFL,T_D28_29,28,29,outbreak,"급격한 증가, 돌발적인 발생","sudden increase, upsurge",n.,Performance & Results,성과와 결과,46,Advanced,2,,,,,,,,,,,,,,,,16,56,TOEFL_30x56_FINAL,,PENDING,,,,,,,,,,,,,,,,,,,,,,,,,,,,VOCAB,,,,,,,,,,,,,,,,,,,,,
TOEFL,T_D28_30,28,30,overview,개요,"summary, outline, synopsis",n.,Performance & Results,성과와 결과,46,Advanced,2,,,,,,,,,,,,,,,,27,39,TOEFL_30x56_FINAL,,PENDING,,,,,,,,,,,,,,,,,,,,,,,,,,,,VOCAB,,,,,,,,,,,,,,,,,,,,,
TOEFL,T_D29_01,29,1,glimpse into,~을 흘끗 봄,"brief view into, quick look into",phr.,Advanced Description,고급 묘사 표현,56,Core,3,,,,,,,,,,,,,,,,19,29,TOEFL_30x56_FINAL,,PENDING,,,,,,,,,,,,,,,,,,,,,,,,,,,,VOCAB,,,,,,,,,,,,,,,,,,,,,
TOEFL,T_D29_02,29,2,graduate to,"(더 높은 단계로) 나아가다, 승진하다","progress to, advance to, proceed to",phr.,Advanced Description,고급 묘사 표현,56,Core,3,,,,,,,,,,,,,,,,25,29,TOEFL_30x56_FINAL,,PENDING,,,,,,,,,,,,,,,,,,,,,,,,,,,,VOCAB,,,,,,,,,,,,,,,,,,,,,
TOEFL,T_D29_03,29,3,ice sheet,대륙 빙하,glacier,n.,Advanced Description,고급 묘사 표현,56,Core,3,,,,,,,,,,,,,,,,15,35,TOEFL_30x56_FINAL,,PENDING,,,,,,,,,,,,,,,,,,,,,,,,,,,,VOCAB,,,,,,,,,,,,,,,,,,,,,
TOEFL,T_D29_04,29,4,in principle,이론상으로,"theoretically, in theory, on paper",phr.,Advanced Description,고급 묘사 표현,56,Core,3,,,,,,,,,,,,,,,,22,16,TOEFL_30x56_FINAL,,PENDING,,,,,,,,,,,,,,,,,,,,,,,,,,,,VOCAB,,,,,,,,,,,,,,,,,,,,,
TOEFL,T_D29_05,29,5,inherent in,~에 내재된,characteristic of,phr.,Advanced Description,고급 묘사 표현,56,Core,3,,,,,,,,,,,,,,,,23,38,TOEFL_30x56_FINAL,,PENDING,,,,,,,,,,,,,,,,,,,,,,,,,,,,VOCAB,,,,,,,,,,,,,,,,,,,,,
TOEFL,T_D29_06,29,6,interpret,"해석하다, 이해하다","construe, explain; understand",v.,Advanced Description,고급 묘사 표현,56,Core,3,,,,,,,,,,,,,,,,22,45,TOEFL_30x56_FINAL,,PENDING,,,,,,,,,,,,,,,,,,,,,,,,,,,,VOCAB,,,,,,,,,,,,,,,,,,,,,
TOEFL,T_D29_07,29,7,legendary,"유명한, 전설적인; 전설상의",1. famous / 2. mythical,adj.,Advanced Description,고급 묘사 표현,56,Core,3,,,,,,,,,,,,,,,,3,50,TOEFL_30x56_FINAL,,PENDING,,,,,,,,,,,,,,,,,,,,,,,,,,,,VOCAB,,,,,,,,,,,,,,,,,,,,,
TOEFL,T_D29_08,29,8,mingle with,~와 어울리다,"associate with, mix with, consort with",phr.,Advanced Description,고급 묘사 표현,56,Core,3,,,,,,,,,,,,,,,,3,40,TOEFL_30x56_FINAL,,PENDING,,,,,,,,,,,,,,,,,,,,,,,,,,,,VOCAB,,,,,,,,,,,,,,,,,,,,,
TOEFL,T_D29_09,29,9,more subtle,더 포착하기 어려운,less noticeable,phr.,Advanced Description,고급 묘사 표현,56,Core,3,,,,,,,,,,,,,,,,23,47,TOEFL_30x56_FINAL,,PENDING,,,,,,,,,,,,,,,,,,,,,,,,,,,,VOCAB,,,,,,,,,,,,,,,,,,,,,
TOEFL,T_D29_10,29,10,now and then,가끔,"occasionally, from time to time, at times",phr.,Advanced Description,고급 묘사 표현,56,Core,3,,,,,,,,,,,,,,,,14,16,TOEFL_30x56_FINAL,,PENDING,,,,,,,,,,,,,,,,,,,,,,,,,,,,VOCAB,,,,,,,,,,,,,,,,,,,,,
TOEFL,T_D29_11,29,11,on the whole,대체로,"in general, generally, overall, by and large",phr.,Advanced Description,고급 묘사 표현,56,Core,3,,,,,,,,,,,,,,,,20,18,TOEFL_30x56_FINAL,,PENDING,,,,,,,,,,,,,,,,,,,,,,,,,,,,VOCAB,,,,,,,,,,,,,,,,,,,,,
TOEFL,T_D29_12,29,12,out of sight,보이지 않는 곳에,"hidden, invisible",phr.,Advanced Description,고급 묘사 표현,56,Core,3,,,,,,,,,,,,,,,,29,32,TOEFL_30x56_FINAL,,PENDING,,,,,,,,,,,,,,,,,,,,,,,,,,,,VOCAB,,,,,,,,,,,,,,,,,,,,,
TOEFL,T_D29_13,29,13,owing to,~ 때문에,"due to, because of, as a result of",prep.,Advanced Description,고급 묘사 표현,56,Core,3,,,,,,,,,,,,,,,,13,44,TOEFL_30x56_FINAL,,PENDING,,,,,,,,,,,,,,,,,,,,,,,,,,,,VOCAB,,,,,,,,,,,,,,,,,,,,,
TOEFL,T_D29_14,29,14,perfect,"개선하다, 완벽하게 하다","refine, improve, develop",v.,Advanced Description,고급 묘사 표현,56,Core,3,,,,,,,,,,,,,,,,1,37,TOEFL_30x56_FINAL,,PENDING,,,,,,,,,,,,,,,,,,,,,,,,,,,,VOCAB,,,,,,,,,,,,,,,,,,,,,
TOEFL,T_D29_15,29,15,primarily,"주로; 원래, 처음에","mostly, mainly, chiefly; originally, at first, initially",adv.,Advanced Description,고급 묘사 표현,56,Core,3,,,,,,,,,,,,,,,,6,41,TOEFL_30x56_FINAL,,PENDING,,,,,,,,,,,,,,,,,,,,,,,,,,,,VOCAB,,,,,,,,,,,,,,,,,,,,,
TOEFL,T_D29_16,29,16,primitive,1. 초기의 / 2. 발달되지 않은,"1. early, primeval / 2. simple, rudimentary",adj.,Advanced Description,고급 묘사 표현,56,Core,3,,,,,,,,,,,,,,,,20,50,TOEFL_30x56_FINAL,,PENDING,,,,,,,,,,,,,,,,,,,,,,,,,,,,VOCAB,,,,,,,,,,,,,,,,,,,,,
TOEFL,T_D29_17,29,17,prior to,~보다 전에,"before, previous to, ahead of",prep.,Advanced Description,고급 묘사 표현,56,Core,3,,,,,,,,,,,,,,,,25,47,TOEFL_30x56_FINAL,,PENDING,,,,,,,,,,,,,,,,,,,,,,,,,,,,VOCAB,,,,,,,,,,,,,,,,,,,,,
TOEFL,T_D29_18,29,18,radically,철저하게; 근본적으로,"extremely, completely; essentially",adv.,Advanced Description,고급 묘사 표현,56,Core,3,,,,,,,,,,,,,,,,20,3,TOEFL_30x56_FINAL,,PENDING,,,,,,,,,,,,,,,,,,,,,,,,,,,,VOCAB,,,,,,,,,,,,,,,,,,,,,
TOEFL,T_D29_19,29,19,refrain from,~을 삼가다,"avoid, abstain from, keep from",phr.,Advanced Description,고급 묘사 표현,56,Core,3,,,,,,,,,,,,,,,,19,49,TOEFL_30x56_FINAL,,PENDING,,,,,,,,,,,,,,,,,,,,,,,,,,,,VOCAB,,,,,,,,,,,,,,,,,,,,,
TOEFL,T_D29_20,29,20,reproduce,복제하다; 번식하다,"copy, duplicate, imitate; breed, multiply, propagate",v.,Advanced Description,고급 묘사 표현,56,Core,3,,,,,,,,,,,,,,,,11,36,TOEFL_30x56_FINAL,,PENDING,,,,,,,,,,,,,,,,,,,,,,,,,,,,VOCAB,,,,,,,,,,,,,,,,,,,,,
TOEFL,T_D29_21,29,21,require,"요구하다, 필요로 하다","demand, call for, entail, need",v.,Advanced Description,고급 묘사 표현,56,Core,3,,,,,,,,,,,,,,,,26,31,TOEFL_30x56_FINAL,,PENDING,,,,,,,,,,,,,,,,,,,,,,,,,,,,VOCAB,,,,,,,,,,,,,,,,,,,,,
TOEFL,T_D29_22,29,22,resolve,해결하다,"settle, find a solution for, solve",v.,Advanced Description,고급 묘사 표현,56,Core,3,,,,,,,,,,,,,,,,4,29,TOEFL_30x56_FINAL,,PENDING,,,,,,,,,,,,,,,,,,,,,,,,,,,,VOCAB,,,,,,,,,,,,,,,,,,,,,
TOEFL,T_D29_23,29,23,sought-after,"수요가 많은, 인기 있는","desired, desirable, in demand",adj.,Advanced Description,고급 묘사 표현,56,Core,3,,,,,,,,,,,,,,,,20,20,TOEFL_30x56_FINAL,,PENDING,,,,,,,,,,,,,,,,,,,,,,,,,,,,VOCAB,,,,,,,,,,,,,,,,,,,,,
TOEFL,T_D29_24,29,24,undergo,"(변화 등을) 겪다, 경험하다","experience, go through, suffer",v.,Advanced Description,고급 묘사 표현,56,Core,3,,,,,,,,,,,,,,,,28,9,TOEFL_30x56_FINAL,,PENDING,,,,,,,,,,,,,,,,,,,,,,,,,,,,VOCAB,,,,,,,,,,,,,,,,,,,,,
TOEFL,T_D29_25,29,25,unique among,~중에서 유일무이한,different from other,phr.,Advanced Description,고급 묘사 표현,56,Core,3,,,,,,,,,,,,,,,,13,18,TOEFL_30x56_FINAL,,PENDING,,,,,,,,,,,,,,,,,,,,,,,,,,,,VOCAB,,,,,,,,,,,,,,,,,,,,,
TOEFL,T_D29_26,29,26,virtually,"사실상, 거의","in effect, essentially; almost, nearly, almost totally",adv.,Advanced Description,고급 묘사 표현,56,Core,3,,,,,,,,,,,,,,,,2,1,TOEFL_30x56_FINAL,,PENDING,,,,,,,,,,,,,,,,,,,,,,,,,,,,VOCAB,,,,,,,,,,,,,,,,,,,,,
TOEFL,T_D29_27,29,27,wholesale,"대규모의; 모조리, 통째로","1. extensive, mass / 2. completely",adj./adv.,Advanced Description,고급 묘사 표현,56,Core,3,,,,,,,,,,,,,,,,4,26,TOEFL_30x56_FINAL,,PENDING,,,,,,,,,,,,,,,,,,,,,,,,,,,,VOCAB,,,,,,,,,,,,,,,,,,,,,
TOEFL,T_D29_28,29,28,work out at,계산되다,be calculated at,phr.,Advanced Description,고급 묘사 표현,56,Core,3,,,,,,,,,,,,,,,,27,44,TOEFL_30x56_FINAL,,PENDING,,,,,,,,,,,,,,,,,,,,,,,,,,,,VOCAB,,,,,,,,,,,,,,,,,,,,,
TOEFL,T_D29_29,29,29,device,"장치, 기구","mechanism, apparatus, appliance",n.,Advanced Description,고급 묘사 표현,50,Bridge,2,,,,,,,,,,,,,,,,11,39,TOEFL_30x56_FINAL,,PENDING,,,,,,,,,,,,,,,,,,,,,,,,,,,,VOCAB,,,,,,,,,,,,,,,,,,,,,
TOEFL,T_D29_30,29,30,domain,영역,"area, field",n.,Advanced Description,고급 묘사 표현,50,Bridge,2,,,,,,,,,,,,,,,,6,29,TOEFL_30x56_FINAL,,PENDING,,,,,,,,,,,,,,,,,,,,,,,,,,,,VOCAB,,,,,,,,,,,,,,,,,,,,,
TOEFL,T_D30_01,30,1,effort,노력,"attempt, endeavor, exertion",n.,Advanced Description,고급 묘사 표현,50,Bridge,2,,,,,,,,,,,,,,,,3,20,TOEFL_30x56_FINAL,,PENDING,,,,,,,,,,,,,,,,,,,,,,,,,,,,VOCAB,,,,,,,,,,,,,,,,,,,,,
TOEFL,T_D30_02,30,2,elite,최상류층,"upper class, upper crust, aristocracy, gentry",n.,Advanced Description,고급 묘사 표현,50,Bridge,2,,,,,,,,,,,,,,,,25,51,TOEFL_30x56_FINAL,,PENDING,,,,,,,,,,,,,,,,,,,,,,,,,,,,VOCAB,,,,,,,,,,,,,,,,,,,,,
TOEFL,T_D30_03,30,3,end,"목적, 목표","purpose, goal, aim",n.,Advanced Description,고급 묘사 표현,50,Bridge,2,,,,,,,,,,,,,,,,10,36,TOEFL_30x56_FINAL,,PENDING,,,,,,,,,,,,,,,,,,,,,,,,,,,,VOCAB,,,,,,,,,,,,,,,,,,,,,
TOEFL,T_D30_04,30,4,enigma,수수께끼,"mystery, puzzle, riddle",n.,Advanced Description,고급 묘사 표현,50,Bridge,2,,,,,,,,,,,,,,,,10,23,TOEFL_30x56_FINAL,,PENDING,,,,,,,,,,,,,,,,,,,,,,,,,,,,VOCAB,,,,,,,,,,,,,,,,,,,,,
TOEFL,T_D30_05,30,5,era,시대,"period, epoch, age",n.,Advanced Description,고급 묘사 표현,50,Bridge,2,,,,,,,,,,,,,,,,4,53,TOEFL_30x56_FINAL,,PENDING,,,,,,,,,,,,,,,,,,,,,,,,,,,,VOCAB,,,,,,,,,,,,,,,,,,,,,
TOEFL,T_D30_06,30,6,extent,범위,"range, scope, stretch",n.,Advanced Description,고급 묘사 표현,50,Bridge,2,,,,,,,,,,,,,,,,12,40,TOEFL_30x56_FINAL,,PENDING,,,,,,,,,,,,,,,,,,,,,,,,,,,,VOCAB,,,,,,,,,,,,,,,,,,,,,
TOEFL,T_D30_07,30,7,facet,측면,"aspect, phase",n.,Advanced Description,고급 묘사 표현,50,Bridge,2,,,,,,,,,,,,,,,,21,10,TOEFL_30x56_FINAL,,PENDING,,,,,,,,,,,,,,,,,,,,,,,,,,,,VOCAB,,,,,,,,,,,,,,,,,,,,,
TOEFL,T_D30_08,30,8,feat,위업,"achievement, accomplishment, exploit",n.,Advanced Description,고급 묘사 표현,50,Bridge,2,,,,,,,,,,,,,,,,8,17,TOEFL_30x56_FINAL,,PENDING,,,,,,,,,,,,,,,,,,,,,,,,,,,,VOCAB,,,,,,,,,,,,,,,,,,,,,
TOEFL,T_D30_09,30,9,flaw,결점,"defect, fault, blemish, shortcoming",n.,Advanced Description,고급 묘사 표현,50,Bridge,2,,,,,,,,,,,,,,,,11,41,TOEFL_30x56_FINAL,,PENDING,,,,,,,,,,,,,,,,,,,,,,,,,,,,VOCAB,,,,,,,,,,,,,,,,,,,,,
TOEFL,T_D30_10,30,10,forum,공공 광장,"public area, public square",n.,Advanced Description,고급 묘사 표현,50,Bridge,2,,,,,,,,,,,,,,,,22,24,TOEFL_30x56_FINAL,,PENDING,,,,,,,,,,,,,,,,,,,,,,,,,,,,VOCAB,,,,,,,,,,,,,,,,,,,,,
TOEFL,T_D30_11,30,11,gain,증가,"increase, rise, growth, augmentation",n.,Advanced Description,고급 묘사 표현,50,Bridge,2,,,,,,,,,,,,,,,,24,53,TOEFL_30x56_FINAL,,PENDING,,,,,,,,,,,,,,,,,,,,,,,,,,,,VOCAB,,,,,,,,,,,,,,,,,,,,,
TOEFL,T_D30_12,30,12,gather momentum,탄력이 붙다,"make progress, gain impetus",phr.,Advanced Description,고급 묘사 표현,50,Bridge,2,,,,,,,,,,,,,,,,5,39,TOEFL_30x56_FINAL,,PENDING,,,,,,,,,,,,,,,,,,,,,,,,,,,,VOCAB,,,,,,,,,,,,,,,,,,,,,
TOEFL,T_D30_13,30,13,habit,습관,"usual behavior, custom, practice",n.,Advanced Description,고급 묘사 표현,50,Bridge,2,,,,,,,,,,,,,,,,13,58,TOEFL_30x56_FINAL,,PENDING,,,,,,,,,,,,,,,,,,,,,,,,,,,,VOCAB,,,,,,,,,,,,,,,,,,,,,
TOEFL,T_D30_14,30,14,havoc,대파괴,"destruction, ruin, devastation, demolition",n.,Advanced Description,고급 묘사 표현,50,Bridge,2,,,,,,,,,,,,,,,,26,46,TOEFL_30x56_FINAL,,PENDING,,,,,,,,,,,,,,,,,,,,,,,,,,,,VOCAB,,,,,,,,,,,,,,,,,,,,,
TOEFL,T_D30_15,30,15,hazard,위험,"risk, danger, peril, jeopardy",n.,Advanced Description,고급 묘사 표현,50,Bridge,2,,,,,,,,,,,,,,,,7,10,TOEFL_30x56_FINAL,,PENDING,,,,,,,,,,,,,,,,,,,,,,,,,,,,VOCAB,,,,,,,,,,,,,,,,,,,,,
TOEFL,T_D30_16,30,16,pacifier,중재자,"peacemaker, arbitrator, mediator, intermediary",n.,Advanced Description,고급 묘사 표현,46,Advanced,2,,,,,,,,,,,,,,,,28,25,TOEFL_30x56_FINAL,,PENDING,,,,,,,,,,,,,,,,,,,,,,,,,,,,VOCAB,,,,,,,,,,,,,,,,,,,,,
TOEFL,T_D30_17,30,17,paradox,"모순된 말, 역설","contradiction, absurdity",n.,Advanced Description,고급 묘사 표현,46,Advanced,3,,,,,,,,,,,,,,,,1,41,TOEFL_30x56_FINAL,,PENDING,,,,,,,,,,,,,,,,,,,,,,,,,,,,VOCAB,,,,,,,,,,,,,,,,,,,,,
TOEFL,T_D30_18,30,18,penchant,"경향, 기호","inclination, tendency, fondness, liking",n.,Advanced Description,고급 묘사 표현,46,Advanced,2,,,,,,,,,,,,,,,,30,34,TOEFL_30x56_FINAL,,PENDING,,,,,,,,,,,,,,,,,,,,,,,,,,,,VOCAB,,,,,,,,,,,,,,,,,,,,,
TOEFL,T_D30_19,30,19,persuasively,설득력 있게,"convincingly, compellingly",adv.,Advanced Description,고급 묘사 표현,46,Advanced,2,,,,,,,,,,,,,,,,17,23,TOEFL_30x56_FINAL,,PENDING,,,,,,,,,,,,,,,,,,,,,,,,,,,,VOCAB,,,,,,,,,,,,,,,,,,,,,
TOEFL,T_D30_20,30,20,pitfall,"위험, 어려움","difficulty, trouble",n.,Advanced Description,고급 묘사 표현,46,Advanced,2,,,,,,,,,,,,,,,,14,50,TOEFL_30x56_FINAL,,PENDING,,,,,,,,,,,,,,,,,,,,,,,,,,,,VOCAB,,,,,,,,,,,,,,,,,,,,,
TOEFL,T_D30_21,30,21,portrait,초상화,picture,n.,Advanced Description,고급 묘사 표현,46,Advanced,2,,,,,,,,,,,,,,,,3,55,TOEFL_30x56_FINAL,,PENDING,,,,,,,,,,,,,,,,,,,,,,,,,,,,VOCAB,,,,,,,,,,,,,,,,,,,,,
TOEFL,T_D30_22,30,22,premise,"전제, 가정","assumption, presupposition",n.,Advanced Description,고급 묘사 표현,46,Advanced,2,,,,,,,,,,,,,,,,26,42,TOEFL_30x56_FINAL,,PENDING,,,,,,,,,,,,,,,,,,,,,,,,,,,,VOCAB,,,,,,,,,,,,,,,,,,,,,
TOEFL,T_D30_23,30,23,prestige,"명성, 위신","high regard, status",n.,Advanced Description,고급 묘사 표현,46,Advanced,2,,,,,,,,,,,,,,,,20,2,TOEFL_30x56_FINAL,,PENDING,,,,,,,,,,,,,,,,,,,,,,,,,,,,VOCAB,,,,,,,,,,,,,,,,,,,,,
TOEFL,T_D30_24,30,24,proposal,제안,"idea, offer, proposition, suggestion",n.,Advanced Description,고급 묘사 표현,46,Advanced,2,,,,,,,,,,,,,,,,21,38,TOEFL_30x56_FINAL,,PENDING,,,,,,,,,,,,,,,,,,,,,,,,,,,,VOCAB,,,,,,,,,,,,,,,,,,,,,
TOEFL,T_D30_25,30,25,prowess,뛰어난 솜씨,"ability, competence, expertise",n.,Advanced Description,고급 묘사 표현,46,Advanced,2,,,,,,,,,,,,,,,,16,32,TOEFL_30x56_FINAL,,PENDING,,,,,,,,,,,,,,,,,,,,,,,,,,,,VOCAB,,,,,,,,,,,,,,,,,,,,,
TOEFL,T_D30_26,30,26,pursuit,"취미, 오락","interest, pastime, hobby",n.,Advanced Description,고급 묘사 표현,46,Advanced,2,,,,,,,,,,,,,,,,6,37,TOEFL_30x56_FINAL,,PENDING,,,,,,,,,,,,,,,,,,,,,,,,,,,,VOCAB,,,,,,,,,,,,,,,,,,,,,
TOEFL,T_D30_27,30,27,collaborate,협력하다,"cooperate, put effort together, work together",v.,Nuance & Emphasis,뉘앙스와 강조,55,Core,3,,,,,,,,,,,,,,,,13,48,TOEFL_30x56_FINAL,,PENDING,,,,,,,,,,,,,,,,,,,,,,,,,,,,VOCAB,,,,,,,,,,,,,,,,,,,,,
TOEFL,T_D30_28,30,28,crucially,결정적으로,"decisively, critically, definitively",adv.,Nuance & Emphasis,뉘앙스와 강조,55,Core,3,,,,,,,,,,,,,,,,29,19,TOEFL_30x56_FINAL,,PENDING,,,,,,,,,,,,,,,,,,,,,,,,,,,,VOCAB,,,,,,,,,,,,,,,,,,,,,
TOEFL,T_D30_29,30,29,elucidate,명료하게 설명하다,"clarify, explain, make clear",v.,Nuance & Emphasis,뉘앙스와 강조,55,Core,3,,,,,,,,,,,,,,,,2,56,TOEFL_30x56_FINAL,,PENDING,,,,,,,,,,,,,,,,,,,,,,,,,,,,VOCAB,,,,,,,,,,,,,,,,,,,,,
TOEFL,T_D30_30,30,30,in addition,게다가,moreover,phr.,Nuance & Emphasis,뉘앙스와 강조,55,Core,3,,,,,,,,,,,,,,,,24,57,TOEFL_30x56_FINAL,,PENDING,,,,,,,,,,,,,,,,,,,,,,,,,,,,VOCAB,,,,,,,,,,,,,,,,,,,,,
TOEFL,T_D31_01,31,1,necessary,"필요한, 필수의","required, requisite, essential, indispensable",adj.,Nuance & Emphasis,뉘앙스와 강조,55,Core,3,,,,,,,,,,,,,,,,27,37,TOEFL_30x56_FINAL,,PENDING,,,,,,,,,,,,,,,,,,,,,,,,,,,,VOCAB,,,,,,,,,,,,,,,,,,,,,
TOEFL,T_D31_02,31,2,paramount,"최고의, 중요한","supreme, prime, chief",adj.,Nuance & Emphasis,뉘앙스와 강조,55,Core,3,,,,,,,,,,,,,,,,7,11,TOEFL_30x56_FINAL,,PENDING,,,,,,,,,,,,,,,,,,,,,,,,,,,,VOCAB,,,,,,,,,,,,,,,,,,,,,
TOEFL,T_D31_03,31,3,therefore,"그 결과, 그러므로","consequently, as a result, thus, hence",adv.,Nuance & Emphasis,뉘앙스와 강조,55,Core,3,,,,,,,,,,,,,,,,4,19,TOEFL_30x56_FINAL,,PENDING,,,,,,,,,,,,,,,,,,,,,,,,,,,,VOCAB,,,,,,,,,,,,,,,,,,,,,
TOEFL,T_D31_04,31,4,abandon,"버리다, 포기하다","desert, give up, forsake, relinquish",v.,Nuance & Emphasis,뉘앙스와 강조,54,Core,3,,,,,,,,,,,,,,,,16,31,TOEFL_30x56_FINAL,,PENDING,,,,,,,,,,,,,,,,,,,,,,,,,,,,VOCAB,,,,,,,,,,,,,,,,,,,,,
TOEFL,T_D31_05,31,5,aberrant,정도를 벗어난,"abnormal, deviant, eccentric, erratic",adj.,Nuance & Emphasis,뉘앙스와 강조,54,Core,3,,,,,,,,,,,,,,,,24,23,TOEFL_30x56_FINAL,,PENDING,,,,,,,,,,,,,,,,,,,,,,,,,,,,VOCAB,,,,,,,,,,,,,,,,,,,,,
TOEFL,T_D31_06,31,6,abolish,폐지하다,"eliminate, end, annul, revoke, nullify",v.,Nuance & Emphasis,뉘앙스와 강조,54,Core,3,,,,,,,,,,,,,,,,22,27,TOEFL_30x56_FINAL,,PENDING,,,,,,,,,,,,,,,,,,,,,,,,,,,,VOCAB,,,,,,,,,,,,,,,,,,,,,
TOEFL,T_D31_07,31,7,abruptly,갑자기,"suddenly, unexpectedly",adv.,Nuance & Emphasis,뉘앙스와 강조,54,Core,3,,,,,,,,,,,,,,,,30,15,TOEFL_30x56_FINAL,,PENDING,,,,,,,,,,,,,,,,,,,,,,,,,,,,VOCAB,,,,,,,,,,,,,,,,,,,,,
TOEFL,T_D31_08,31,8,absolute,"절대적인, 완전한","unqualified, complete, utter",adj.,Nuance & Emphasis,뉘앙스와 강조,54,Core,3,,,,,,,,,,,,,,,,5,55,TOEFL_30x56_FINAL,,PENDING,,,,,,,,,,,,,,,,,,,,,,,,,,,,VOCAB,,,,,,,,,,,,,,,,,,,,,
TOEFL,T_D31_09,31,9,abundant,풍부한,"plentiful, bountiful, ample, numerous",adj.,Nuance & Emphasis,뉘앙스와 강조,54,Core,3,,,,,,,,,,,,,,,,16,11,TOEFL_30x56_FINAL,,PENDING,,,,,,,,,,,,,,,,,,,,,,,,,,,,VOCAB,,,,,,,,,,,,,,,,,,,,,
TOEFL,T_D31_10,31,10,acclaim,격찬하다,"praise, compliment, applaud",v.,Nuance & Emphasis,뉘앙스와 강조,54,Core,3,,,,,,,,,,,,,,,,18,22,TOEFL_30x56_FINAL,,PENDING,,,,,,,,,,,,,,,,,,,,,,,,,,,,VOCAB,,,,,,,,,,,,,,,,,,,,,
TOEFL,T_D31_11,31,11,accrete,하나로 합쳐지다,"come together, accumulate",v.,Nuance & Emphasis,뉘앙스와 강조,54,Core,3,,,,,,,,,,,,,,,,25,55,TOEFL_30x56_FINAL,,PENDING,,,,,,,,,,,,,,,,,,,,,,,,,,,,VOCAB,,,,,,,,,,,,,,,,,,,,,
TOEFL,T_D31_12,31,12,acquire,얻다,"obtain, gain, procure, earn",v.,Nuance & Emphasis,뉘앙스와 강조,54,Core,3,,,,,,,,,,,,,,,,10,22,TOEFL_30x56_FINAL,,PENDING,,,,,,,,,,,,,,,,,,,,,,,,,,,,VOCAB,,,,,,,,,,,,,,,,,,,,,
TOEFL,T_D31_13,31,13,adjacent,인접한,"nearby, neighboring, adjoining",adj.,Nuance & Emphasis,뉘앙스와 강조,54,Core,3,,,,,,,,,,,,,,,,6,2,TOEFL_30x56_FINAL,,PENDING,,,,,,,,,,,,,,,,,,,,,,,,,,,,VOCAB,,,,,,,,,,,,,,,,,,,,,
TOEFL,T_D31_14,31,14,administer,관리하다; 투여하다,"manage, supervise, conduct; give, provide",v.,Nuance & Emphasis,뉘앙스와 강조,54,Core,3,,,,,,,,,,,,,,,,11,53,TOEFL_30x56_FINAL,,PENDING,,,,,,,,,,,,,,,,,,,,,,,,,,,,VOCAB,,,,,,,,,,,,,,,,,,,,,
TOEFL,T_D31_15,31,15,adverse,부정적인,"negative, unfavorable, not favorable, harmful",adj.,Nuance & Emphasis,뉘앙스와 강조,54,Core,3,,,,,,,,,,,,,,,,19,44,TOEFL_30x56_FINAL,,PENDING,,,,,,,,,,,,,,,,,,,,,,,,,,,,VOCAB,,,,,,,,,,,,,,,,,,,,,
TOEFL,T_D31_16,31,16,agitate,"뒤흔들다, 휘젓다","create movement in, stir, beat",v.,Nuance & Emphasis,뉘앙스와 강조,54,Core,3,,,,,,,,,,,,,,,,26,25,TOEFL_30x56_FINAL,,PENDING,,,,,,,,,,,,,,,,,,,,,,,,,,,,VOCAB,,,,,,,,,,,,,,,,,,,,,
TOEFL,T_D31_17,31,17,alleged,추정의,"supposed, assumed",adj.,Nuance & Emphasis,뉘앙스와 강조,54,Core,3,,,,,,,,,,,,,,,,4,8,TOEFL_30x56_FINAL,,PENDING,,,,,,,,,,,,,,,,,,,,,,,,,,,,VOCAB,,,,,,,,,,,,,,,,,,,,,
TOEFL,T_D31_18,31,18,amplify,"확대하다, 증대하다","increase, magnify, enlarge, expand",v.,Nuance & Emphasis,뉘앙스와 강조,54,Core,3,,,,,,,,,,,,,,,,15,31,TOEFL_30x56_FINAL,,PENDING,,,,,,,,,,,,,,,,,,,,,,,,,,,,VOCAB,,,,,,,,,,,,,,,,,,,,,
TOEFL,T_D31_19,31,19,ancient,고대의,"early, old, prehistoric, antique",adj.,Nuance & Emphasis,뉘앙스와 강조,54,Core,3,,,,,,,,,,,,,,,,21,44,TOEFL_30x56_FINAL,,PENDING,,,,,,,,,,,,,,,,,,,,,,,,,,,,VOCAB,,,,,,,,,,,,,,,,,,,,,
TOEFL,T_D31_20,31,20,annually,매년,"each year, yearly, every year",adv.,Nuance & Emphasis,뉘앙스와 강조,54,Core,3,,,,,,,,,,,,,,,,9,32,TOEFL_30x56_FINAL,,PENDING,,,,,,,,,,,,,,,,,,,,,,,,,,,,VOCAB,,,,,,,,,,,,,,,,,,,,,
TOEFL,T_D31_21,31,21,antique,"고대의, 오래된","ancient, archaic, old",adj.,Nuance & Emphasis,뉘앙스와 강조,54,Core,3,,,,,,,,,,,,,,,,30,26,TOEFL_30x56_FINAL,,PENDING,,,,,,,,,,,,,,,,,,,,,,,,,,,,VOCAB,,,,,,,,,,,,,,,,,,,,,
TOEFL,T_D31_22,31,22,archaic,구식의,"antiquated, outdated, old, primitive",adj.,Nuance & Emphasis,뉘앙스와 강조,54,Core,3,,,,,,,,,,,,,,,,22,43,TOEFL_30x56_FINAL,,PENDING,,,,,,,,,,,,,,,,,,,,,,,,,,,,VOCAB,,,,,,,,,,,,,,,,,,,,,
TOEFL,T_D31_23,31,23,arduous,힘든,"difficult, strenuous, laborious",adj.,Nuance & Emphasis,뉘앙스와 강조,54,Core,3,,,,,,,,,,,,,,,,8,16,TOEFL_30x56_FINAL,,PENDING,,,,,,,,,,,,,,,,,,,,,,,,,,,,VOCAB,,,,,,,,,,,,,,,,,,,,,
TOEFL,T_D31_24,31,24,heed,주의,"attention, notice, caution",n.,Nuance & Emphasis,뉘앙스와 강조,50,Bridge,2,,,,,,,,,,,,,,,,22,56,TOEFL_30x56_FINAL,,PENDING,,,,,,,,,,,,,,,,,,,,,,,,,,,,VOCAB,,,,,,,,,,,,,,,,,,,,,
TOEFL,T_D31_25,31,25,heir,상속인,"inheritor, successor",n.,Nuance & Emphasis,뉘앙스와 강조,50,Bridge,2,,,,,,,,,,,,,,,,27,32,TOEFL_30x56_FINAL,,PENDING,,,,,,,,,,,,,,,,,,,,,,,,,,,,VOCAB,,,,,,,,,,,,,,,,,,,,,
TOEFL,T_D31_26,31,26,heyday,전성기,"high point, golden age, prime, florescence",n.,Nuance & Emphasis,뉘앙스와 강조,50,Bridge,2,,,,,,,,,,,,,,,,23,43,TOEFL_30x56_FINAL,,PENDING,,,,,,,,,,,,,,,,,,,,,,,,,,,,VOCAB,,,,,,,,,,,,,,,,,,,,,
TOEFL,T_D31_27,31,27,hint,"암시, 단서","indication, implication, clue",n.,Nuance & Emphasis,뉘앙스와 강조,50,Bridge,2,,,,,,,,,,,,,,,,22,3,TOEFL_30x56_FINAL,,PENDING,,,,,,,,,,,,,,,,,,,,,,,,,,,,VOCAB,,,,,,,,,,,,,,,,,,,,,
TOEFL,T_D31_28,31,28,hurdle,장애물,"obstacle, barrier, hindrance, impediment",n.,Nuance & Emphasis,뉘앙스와 강조,50,Bridge,2,,,,,,,,,,,,,,,,28,28,TOEFL_30x56_FINAL,,PENDING,,,,,,,,,,,,,,,,,,,,,,,,,,,,VOCAB,,,,,,,,,,,,,,,,,,,,,
TOEFL,T_D31_29,31,29,in conjunction with,~과 함께,"concomitant with, together with, along with",phr.,Nuance & Emphasis,뉘앙스와 강조,50,Bridge,2,,,,,,,,,,,,,,,,28,48,TOEFL_30x56_FINAL,,PENDING,,,,,,,,,,,,,,,,,,,,,,,,,,,,VOCAB,,,,,,,,,,,,,,,,,,,,,
TOEFL,T_D31_30,31,30,inhospitable,불친절한; 살기에 부적합한,"unfavorable, unfriendly; not suitable, uninhabitable",adj.,Nuance & Emphasis,뉘앙스와 강조,50,Bridge,2,,,,,,,,,,,,,,,,17,12,TOEFL_30x56_FINAL,,PENDING,,,,,,,,,,,,,,,,,,,,,,,,,,,,VOCAB,,,,,,,,,,,,,,,,,,,,,
TOEFL,T_D32_01,32,1,lag,지연,delay,n.,Nuance & Emphasis,뉘앙스와 강조,50,Bridge,2,,,,,,,,,,,,,,,,7,26,TOEFL_30x56_FINAL,,PENDING,,,,,,,,,,,,,,,,,,,,,,,,,,,,VOCAB,,,,,,,,,,,,,,,,,,,,,
TOEFL,T_D32_02,32,2,manner,"방법, 방식","way, fashion, mode",n.,Nuance & Emphasis,뉘앙스와 강조,50,Bridge,2,,,,,,,,,,,,,,,,23,53,TOEFL_30x56_FINAL,,PENDING,,,,,,,,,,,,,,,,,,,,,,,,,,,,VOCAB,,,,,,,,,,,,,,,,,,,,,
TOEFL,T_D32_03,32,3,merit,"장점, 가치","value, worth, virtue",n.,Nuance & Emphasis,뉘앙스와 강조,50,Bridge,2,,,,,,,,,,,,,,,,4,30,TOEFL_30x56_FINAL,,PENDING,,,,,,,,,,,,,,,,,,,,,,,,,,,,VOCAB,,,,,,,,,,,,,,,,,,,,,
TOEFL,T_D32_04,32,4,moral,교훈,"lesson, message, teaching",n.,Nuance & Emphasis,뉘앙스와 강조,50,Bridge,2,,,,,,,,,,,,,,,,18,32,TOEFL_30x56_FINAL,,PENDING,,,,,,,,,,,,,,,,,,,,,,,,,,,,VOCAB,,,,,,,,,,,,,,,,,,,,,
TOEFL,T_D32_05,32,5,motif,무늬,"design, pattern, device",n.,Nuance & Emphasis,뉘앙스와 강조,50,Bridge,2,,,,,,,,,,,,,,,,30,25,TOEFL_30x56_FINAL,,PENDING,,,,,,,,,,,,,,,,,,,,,,,,,,,,VOCAB,,,,,,,,,,,,,,,,,,,,,
TOEFL,T_D32_06,32,6,norm,규범,"rule, standard",n.,Nuance & Emphasis,뉘앙스와 강조,50,Bridge,2,,,,,,,,,,,,,,,,27,47,TOEFL_30x56_FINAL,,PENDING,,,,,,,,,,,,,,,,,,,,,,,,,,,,VOCAB,,,,,,,,,,,,,,,,,,,,,
TOEFL,T_D32_07,32,7,on the spur of the moment,충동적으로,"without planning, on impulse",phr.,Nuance & Emphasis,뉘앙스와 강조,50,Bridge,2,,,,,,,,,,,,,,,,11,45,TOEFL_30x56_FINAL,,PENDING,,,,,,,,,,,,,,,,,,,,,,,,,,,,VOCAB,,,,,,,,,,,,,,,,,,,,,
TOEFL,T_D32_08,32,8,onset,시작,"beginning, start, commencement",n.,Nuance & Emphasis,뉘앙스와 강조,50,Bridge,2,,,,,,,,,,,,,,,,28,2,TOEFL_30x56_FINAL,,PENDING,,,,,,,,,,,,,,,,,,,,,,,,,,,,VOCAB,,,,,,,,,,,,,,,,,,,,,
TOEFL,T_D32_09,32,9,outstanding,"뛰어난; 미지불의, 처리되지 않은","1. excellent, remarkable, prominent / 2. unpaid, unsettled, owing",adj.,Nuance & Emphasis,뉘앙스와 강조,50,Bridge,2,,,,,,,,,,,,,,,,5,28,TOEFL_30x56_FINAL,,PENDING,,,,,,,,,,,,,,,,,,,,,,,,,,,,VOCAB,,,,,,,,,,,,,,,,,,,,,
TOEFL,T_D32_10,32,10,pace,속도,"speed, rate, tempo",n.,Nuance & Emphasis,뉘앙스와 강조,50,Bridge,2,,,,,,,,,,,,,,,,16,28,TOEFL_30x56_FINAL,,PENDING,,,,,,,,,,,,,,,,,,,,,,,,,,,,VOCAB,,,,,,,,,,,,,,,,,,,,,
TOEFL,T_D32_11,32,11,quarters,"주거, 숙소","residence, dwelling, habitation, abode",n.,Nuance & Emphasis,뉘앙스와 강조,46,Advanced,2,,,,,,,,,,,,,,,,22,26,TOEFL_30x56_FINAL,,PENDING,,,,,,,,,,,,,,,,,,,,,,,,,,,,VOCAB,,,,,,,,,,,,,,,,,,,,,
TOEFL,T_D32_12,32,12,rapport,친밀한 관계,"bond, relationship, link, tie",n.,Nuance & Emphasis,뉘앙스와 강조,46,Advanced,2,,,,,,,,,,,,,,,,10,28,TOEFL_30x56_FINAL,,PENDING,,,,,,,,,,,,,,,,,,,,,,,,,,,,VOCAB,,,,,,,,,,,,,,,,,,,,,
TOEFL,T_D32_13,32,13,redundancy,"불필요한 중복, 잉여","duplication; superfluity, extra capacity",n.,Nuance & Emphasis,뉘앙스와 강조,46,Advanced,2,,,,,,,,,,,,,,,,30,37,TOEFL_30x56_FINAL,,PENDING,,,,,,,,,,,,,,,,,,,,,,,,,,,,VOCAB,,,,,,,,,,,,,,,,,,,,,
TOEFL,T_D32_14,32,14,remnant,"나머지, 잔존물","leftover, remains, trace, relic",n.,Nuance & Emphasis,뉘앙스와 강조,46,Advanced,2,,,,,,,,,,,,,,,,27,1,TOEFL_30x56_FINAL,,PENDING,,,,,,,,,,,,,,,,,,,,,,,,,,,,VOCAB,,,,,,,,,,,,,,,,,,,,,
TOEFL,T_D32_15,32,15,representative,"대표하는, 전형적인","indicative; typical, exemplary",adj.,Nuance & Emphasis,뉘앙스와 강조,46,Advanced,2,,,,,,,,,,,,,,,,6,55,TOEFL_30x56_FINAL,,PENDING,,,,,,,,,,,,,,,,,,,,,,,,,,,,VOCAB,,,,,,,,,,,,,,,,,,,,,
TOEFL,T_D32_16,32,16,residue,잔여물,"remains, remnant, remainder",n.,Nuance & Emphasis,뉘앙스와 강조,46,Advanced,2,,,,,,,,,,,,,,,,5,10,TOEFL_30x56_FINAL,,PENDING,,,,,,,,,,,,,,,,,,,,,,,,,,,,VOCAB,,,,,,,,,,,,,,,,,,,,,
TOEFL,T_D32_17,32,17,respectively,각각,"separately, individually, each",adv.,Nuance & Emphasis,뉘앙스와 강조,46,Advanced,2,,,,,,,,,,,,,,,,27,41,TOEFL_30x56_FINAL,,PENDING,,,,,,,,,,,,,,,,,,,,,,,,,,,,VOCAB,,,,,,,,,,,,,,,,,,,,,
TOEFL,T_D32_18,32,18,scarcity,부족,"lack, shortage, insufficiency, deficiency",n.,Nuance & Emphasis,뉘앙스와 강조,46,Advanced,2,,,,,,,,,,,,,,,,9,28,TOEFL_30x56_FINAL,,PENDING,,,,,,,,,,,,,,,,,,,,,,,,,,,,VOCAB,,,,,,,,,,,,,,,,,,,,,
TOEFL,T_D32_19,32,19,scenario,상황의 시나리오,"situation, sequence of events",n.,Nuance & Emphasis,뉘앙스와 강조,46,Advanced,2,,,,,,,,,,,,,,,,12,52,TOEFL_30x56_FINAL,,PENDING,,,,,,,,,,,,,,,,,,,,,,,,,,,,VOCAB,,,,,,,,,,,,,,,,,,,,,
TOEFL,T_D32_20,32,20,scrutiny,정밀 검사,"close observation, examination, inspection",n.,Nuance & Emphasis,뉘앙스와 강조,46,Advanced,2,,,,,,,,,,,,,,,,7,35,TOEFL_30x56_FINAL,,PENDING,,,,,,,,,,,,,,,,,,,,,,,,,,,,VOCAB,,,,,,,,,,,,,,,,,,,,,
TOEFL,T_D32_21,32,21,sensational,"굉장한, 놀라운","extraordinary, exciting",adj.,Nuance & Emphasis,뉘앙스와 강조,46,Advanced,2,,,,,,,,,,,,,,,,26,49,TOEFL_30x56_FINAL,,PENDING,,,,,,,,,,,,,,,,,,,,,,,,,,,,VOCAB,,,,,,,,,,,,,,,,,,,,,
TOEFL,T_D32_22,32,22,setback,좌절,"defeat, reverse",n.,Nuance & Emphasis,뉘앙스와 강조,46,Advanced,2,,,,,,,,,,,,,,,,3,51,TOEFL_30x56_FINAL,,PENDING,,,,,,,,,,,,,,,,,,,,,,,,,,,,VOCAB,,,,,,,,,,,,,,,,,,,,,
TOEFL,T_D32_23,32,23,assault,"폭행하다, 공격하다","attack, aggress, assail",v.,Strategy & Judgment,전략과 판단,54,Core,3,,,,,,,,,,,,,,,,6,33,TOEFL_30x56_FINAL,,PENDING,,,,,,,,,,,,,,,,,,,,,,,,,,,,VOCAB,,,,,,,,,,,,,,,,,,,,,
TOEFL,T_D32_24,32,24,assemble,모으다,"gather together, bring together, collect",v.,Strategy & Judgment,전략과 판단,54,Core,3,,,,,,,,,,,,,,,,8,51,TOEFL_30x56_FINAL,,PENDING,,,,,,,,,,,,,,,,,,,,,,,,,,,,VOCAB,,,,,,,,,,,,,,,,,,,,,
TOEFL,T_D32_25,32,25,assorted,다채로운,"various, varied, diverse",adj.,Strategy & Judgment,전략과 판단,54,Core,3,,,,,,,,,,,,,,,,30,3,TOEFL_30x56_FINAL,,PENDING,,,,,,,,,,,,,,,,,,,,,,,,,,,,VOCAB,,,,,,,,,,,,,,,,,,,,,
TOEFL,T_D32_26,32,26,astonish,깜짝 놀라게 하다,"amaze, surprise, astound, shock",v.,Strategy & Judgment,전략과 판단,54,Core,3,,,,,,,,,,,,,,,,24,15,TOEFL_30x56_FINAL,,PENDING,,,,,,,,,,,,,,,,,,,,,,,,,,,,VOCAB,,,,,,,,,,,,,,,,,,,,,
TOEFL,T_D32_27,32,27,attempt,시도하다,"try, seek, endeavor",v.,Strategy & Judgment,전략과 판단,54,Core,3,,,,,,,,,,,,,,,,3,42,TOEFL_30x56_FINAL,,PENDING,,,,,,,,,,,,,,,,,,,,,,,,,,,,VOCAB,,,,,,,,,,,,,,,,,,,,,
TOEFL,T_D32_28,32,28,awkward,서투른,"clumsy, unskillful",adj.,Strategy & Judgment,전략과 판단,54,Core,3,,,,,,,,,,,,,,,,7,41,TOEFL_30x56_FINAL,,PENDING,,,,,,,,,,,,,,,,,,,,,,,,,,,,VOCAB,,,,,,,,,,,,,,,,,,,,,
TOEFL,T_D32_29,32,29,belittle,경시하다,"disregard, underestimate",v.,Strategy & Judgment,전략과 판단,54,Core,3,,,,,,,,,,,,,,,,11,26,TOEFL_30x56_FINAL,,PENDING,,,,,,,,,,,,,,,,,,,,,,,,,,,,VOCAB,,,,,,,,,,,,,,,,,,,,,
TOEFL,T_D32_30,32,30,bizarre,"이상한, 기괴한","strange, odd, erratic, exotic, irregular",adj.,Strategy & Judgment,전략과 판단,54,Core,3,,,,,,,,,,,,,,,,19,24,TOEFL_30x56_FINAL,,PENDING,,,,,,,,,,,,,,,,,,,,,,,,,,,,VOCAB,,,,,,,,,,,,,,,,,,,,,
TOEFL,T_D33_01,33,1,blossom,번영하다,"flourish, bloom, thrive",v.,Strategy & Judgment,전략과 판단,54,Core,3,,,,,,,,,,,,,,,,12,34,TOEFL_30x56_FINAL,,PENDING,,,,,,,,,,,,,,,,,,,,,,,,,,,,VOCAB,,,,,,,,,,,,,,,,,,,,,
TOEFL,T_D33_02,33,2,bombard,"폭격하다, 공격하다","strike, assail, attack",v.,Strategy & Judgment,전략과 판단,54,Core,3,,,,,,,,,,,,,,,,3,9,TOEFL_30x56_FINAL,,PENDING,,,,,,,,,,,,,,,,,,,,,,,,,,,,VOCAB,,,,,,,,,,,,,,,,,,,,,
TOEFL,T_D33_03,33,3,brittle,"부러지기 쉬운, 깨지기 쉬운","easily broken, breakable, fragile",adj.,Strategy & Judgment,전략과 판단,54,Core,3,,,,,,,,,,,,,,,,17,4,TOEFL_30x56_FINAL,,PENDING,,,,,,,,,,,,,,,,,,,,,,,,,,,,VOCAB,,,,,,,,,,,,,,,,,,,,,
TOEFL,T_D33_04,33,4,broaden,넓히다,"widen, expand, enlarge, develop",v.,Strategy & Judgment,전략과 판단,54,Core,3,,,,,,,,,,,,,,,,30,21,TOEFL_30x56_FINAL,,PENDING,,,,,,,,,,,,,,,,,,,,,,,,,,,,VOCAB,,,,,,,,,,,,,,,,,,,,,
TOEFL,T_D33_05,33,5,broadly,대체로,"generally, mostly",adv.,Strategy & Judgment,전략과 판단,54,Core,3,,,,,,,,,,,,,,,,8,45,TOEFL_30x56_FINAL,,PENDING,,,,,,,,,,,,,,,,,,,,,,,,,,,,VOCAB,,,,,,,,,,,,,,,,,,,,,
TOEFL,T_D33_06,33,6,bustling,"붐비는, 떠들썩한","busy, lively",adj.,Strategy & Judgment,전략과 판단,54,Core,3,,,,,,,,,,,,,,,,10,12,TOEFL_30x56_FINAL,,PENDING,,,,,,,,,,,,,,,,,,,,,,,,,,,,VOCAB,,,,,,,,,,,,,,,,,,,,,
TOEFL,T_D33_07,33,7,candidly,솔직히,"honestly, frankly, plainly",adv.,Strategy & Judgment,전략과 판단,54,Core,3,,,,,,,,,,,,,,,,13,26,TOEFL_30x56_FINAL,,PENDING,,,,,,,,,,,,,,,,,,,,,,,,,,,,VOCAB,,,,,,,,,,,,,,,,,,,,,
TOEFL,T_D33_08,33,8,capture,붙잡다,"seize, catch, trap, grab",v.,Strategy & Judgment,전략과 판단,54,Core,3,,,,,,,,,,,,,,,,2,46,TOEFL_30x56_FINAL,,PENDING,,,,,,,,,,,,,,,,,,,,,,,,,,,,VOCAB,,,,,,,,,,,,,,,,,,,,,
TOEFL,T_D33_09,33,9,cautious,"신중한, 조심성 있는","careful, wary, prudent, discreet",adj.,Strategy & Judgment,전략과 판단,54,Core,3,,,,,,,,,,,,,,,,15,27,TOEFL_30x56_FINAL,,PENDING,,,,,,,,,,,,,,,,,,,,,,,,,,,,VOCAB,,,,,,,,,,,,,,,,,,,,,
TOEFL,T_D33_10,33,10,champion,옹호하다,"support, promote, advocate, endorse",v.,Strategy & Judgment,전략과 판단,54,Core,3,,,,,,,,,,,,,,,,6,31,TOEFL_30x56_FINAL,,PENDING,,,,,,,,,,,,,,,,,,,,,,,,,,,,VOCAB,,,,,,,,,,,,,,,,,,,,,
TOEFL,T_D33_11,33,11,channel,"관심·노력 등을 쏟다, 돌리다",direct,v.,Strategy & Judgment,전략과 판단,54,Core,3,,,,,,,,,,,,,,,,27,36,TOEFL_30x56_FINAL,,PENDING,,,,,,,,,,,,,,,,,,,,,,,,,,,,VOCAB,,,,,,,,,,,,,,,,,,,,,
TOEFL,T_D33_12,33,12,chaotic,무질서한,"disorganized, disordered, anarchic",adj.,Strategy & Judgment,전략과 판단,54,Core,3,,,,,,,,,,,,,,,,17,51,TOEFL_30x56_FINAL,,PENDING,,,,,,,,,,,,,,,,,,,,,,,,,,,,VOCAB,,,,,,,,,,,,,,,,,,,,,
TOEFL,T_D33_13,33,13,chronic,"만성적인, 장기간에 걸친","persistent, constant, incessant",adj.,Strategy & Judgment,전략과 판단,54,Core,3,,,,,,,,,,,,,,,,23,33,TOEFL_30x56_FINAL,,PENDING,,,,,,,,,,,,,,,,,,,,,,,,,,,,VOCAB,,,,,,,,,,,,,,,,,,,,,
TOEFL,T_D33_14,33,14,classic,"전형적인, 대표적인","typical, exemplary, model",adj.,Strategy & Judgment,전략과 판단,54,Core,3,,,,,,,,,,,,,,,,23,22,TOEFL_30x56_FINAL,,PENDING,,,,,,,,,,,,,,,,,,,,,,,,,,,,VOCAB,,,,,,,,,,,,,,,,,,,,,
TOEFL,T_D33_15,33,15,cluster,"(떼를 지어) 모이다, 모으다","gather, group, assemble",v.,Strategy & Judgment,전략과 판단,54,Core,3,,,,,,,,,,,,,,,,19,11,TOEFL_30x56_FINAL,,PENDING,,,,,,,,,,,,,,,,,,,,,,,,,,,,VOCAB,,,,,,,,,,,,,,,,,,,,,
TOEFL,T_D33_16,33,16,collide,충돌하다,"hit each other, crash, strike",v.,Strategy & Judgment,전략과 판단,54,Core,3,,,,,,,,,,,,,,,,29,35,TOEFL_30x56_FINAL,,PENDING,,,,,,,,,,,,,,,,,,,,,,,,,,,,VOCAB,,,,,,,,,,,,,,,,,,,,,
TOEFL,T_D33_17,33,17,colossal,"거대한, 엄청난","enormous, monstrous, gigantic",adj.,Strategy & Judgment,전략과 판단,54,Core,3,,,,,,,,,,,,,,,,2,25,TOEFL_30x56_FINAL,,PENDING,,,,,,,,,,,,,,,,,,,,,,,,,,,,VOCAB,,,,,,,,,,,,,,,,,,,,,
TOEFL,T_D33_18,33,18,combine,결합시키다,"incorporate, mix, unite",v.,Strategy & Judgment,전략과 판단,54,Core,3,,,,,,,,,,,,,,,,20,53,TOEFL_30x56_FINAL,,PENDING,,,,,,,,,,,,,,,,,,,,,,,,,,,,VOCAB,,,,,,,,,,,,,,,,,,,,,
TOEFL,T_D33_19,33,19,peak,"정점, 절정","height, pinnacle, summit, maximum",n.,Strategy & Judgment,전략과 판단,50,Bridge,2,,,,,,,,,,,,,,,,14,29,TOEFL_30x56_FINAL,,PENDING,,,,,,,,,,,,,,,,,,,,,,,,,,,,VOCAB,,,,,,,,,,,,,,,,,,,,,
TOEFL,T_D33_20,33,20,peril,위험,"danger, jeopardy, hazard",n.,Strategy & Judgment,전략과 판단,50,Bridge,2,,,,,,,,,,,,,,,,8,15,TOEFL_30x56_FINAL,,PENDING,,,,,,,,,,,,,,,,,,,,,,,,,,,,VOCAB,,,,,,,,,,,,,,,,,,,,,
TOEFL,T_D33_21,33,21,periodically,"1. 정기적으로 / 2. 간헐적으로, 때때로","1. regularly / 2. at intervals, occasionally",adv.,Strategy & Judgment,전략과 판단,50,Bridge,2,,,,,,,,,,,,,,,,26,3,TOEFL_30x56_FINAL,,PENDING,,,,,,,,,,,,,,,,,,,,,,,,,,,,VOCAB,,,,,,,,,,,,,,,,,,,,,
TOEFL,T_D33_22,33,22,phase,"시기, 단계","period, stage, step",n.,Strategy & Judgment,전략과 판단,50,Bridge,2,,,,,,,,,,,,,,,,12,56,TOEFL_30x56_FINAL,,PENDING,,,,,,,,,,,,,,,,,,,,,,,,,,,,VOCAB,,,,,,,,,,,,,,,,,,,,,
TOEFL,T_D33_23,33,23,pillar,기둥,"column, post",n.,Strategy & Judgment,전략과 판단,50,Bridge,3,,,,,,,,,,,,,,,,1,55,TOEFL_30x56_FINAL,,PENDING,,,,,,,,,,,,,,,,,,,,,,,,,,,,VOCAB,,,,,,,,,,,,,,,,,,,,,
TOEFL,T_D33_24,33,24,pledge,"약속, 맹세","promise, oath, vow, undertaking",n.,Strategy & Judgment,전략과 판단,50,Bridge,2,,,,,,,,,,,,,,,,23,10,TOEFL_30x56_FINAL,,PENDING,,,,,,,,,,,,,,,,,,,,,,,,,,,,VOCAB,,,,,,,,,,,,,,,,,,,,,
TOEFL,T_D33_25,33,25,predominate,우세하다; 지배적인,"outweigh, prevail; most popular",v./adj.,Strategy & Judgment,전략과 판단,50,Bridge,2,,,,,,,,,,,,,,,,13,41,TOEFL_30x56_FINAL,,PENDING,,,,,,,,,,,,,,,,,,,,,,,,,,,,VOCAB,,,,,,,,,,,,,,,,,,,,,
TOEFL,T_D33_26,33,26,prey,희생자,victim,n.,Strategy & Judgment,전략과 판단,50,Bridge,2,,,,,,,,,,,,,,,,4,56,TOEFL_30x56_FINAL,,PENDING,,,,,,,,,,,,,,,,,,,,,,,,,,,,VOCAB,,,,,,,,,,,,,,,,,,,,,
TOEFL,T_D33_27,33,27,progressive,1. 진보적인 / 2. 점진적인,"1. advanced, liberal / 2. increasing, continuous",adj.,Strategy & Judgment,전략과 판단,50,Bridge,2,,,,,,,,,,,,,,,,24,5,TOEFL_30x56_FINAL,,PENDING,,,,,,,,,,,,,,,,,,,,,,,,,,,,VOCAB,,,,,,,,,,,,,,,,,,,,,
TOEFL,T_D33_28,33,28,range,범위,"scope, spectrum, extent",n.,Strategy & Judgment,전략과 판단,50,Bridge,2,,,,,,,,,,,,,,,,6,56,TOEFL_30x56_FINAL,,PENDING,,,,,,,,,,,,,,,,,,,,,,,,,,,,VOCAB,,,,,,,,,,,,,,,,,,,,,
TOEFL,T_D33_29,33,29,ratio,비율,"proportion, rate, percentage",n.,Strategy & Judgment,전략과 판단,50,Bridge,2,,,,,,,,,,,,,,,,7,3,TOEFL_30x56_FINAL,,PENDING,,,,,,,,,,,,,,,,,,,,,,,,,,,,VOCAB,,,,,,,,,,,,,,,,,,,,,
TOEFL,T_D33_30,33,30,realm,"영역, 범위","area, field, sphere, domain",n.,Strategy & Judgment,전략과 판단,50,Bridge,2,,,,,,,,,,,,,,,,15,28,TOEFL_30x56_FINAL,,PENDING,,,,,,,,,,,,,,,,,,,,,,,,,,,,VOCAB,,,,,,,,,,,,,,,,,,,,,
TOEFL,T_D34_01,34,1,refuge,피난처,"shelter, place of safety, sanctuary",n.,Strategy & Judgment,전략과 판단,50,Bridge,2,,,,,,,,,,,,,,,,24,47,TOEFL_30x56_FINAL,,PENDING,,,,,,,,,,,,,,,,,,,,,,,,,,,,VOCAB,,,,,,,,,,,,,,,,,,,,,
TOEFL,T_D34_02,34,2,regime,"정권, 체제","government, administration, authorities",n.,Strategy & Judgment,전략과 판단,50,Bridge,2,,,,,,,,,,,,,,,,18,21,TOEFL_30x56_FINAL,,PENDING,,,,,,,,,,,,,,,,,,,,,,,,,,,,VOCAB,,,,,,,,,,,,,,,,,,,,,
TOEFL,T_D34_03,34,3,relic,"유물, 나머지","remains, remnant, vestige",n.,Strategy & Judgment,전략과 판단,50,Bridge,2,,,,,,,,,,,,,,,,14,5,TOEFL_30x56_FINAL,,PENDING,,,,,,,,,,,,,,,,,,,,,,,,,,,,VOCAB,,,,,,,,,,,,,,,,,,,,,
TOEFL,T_D34_04,34,4,rim,가장자리,"edge, border, verge, margin",n.,Strategy & Judgment,전략과 판단,50,Bridge,2,,,,,,,,,,,,,,,,26,29,TOEFL_30x56_FINAL,,PENDING,,,,,,,,,,,,,,,,,,,,,,,,,,,,VOCAB,,,,,,,,,,,,,,,,,,,,,
TOEFL,T_D34_05,34,5,scope,범위,"extent, range, reach",n.,Strategy & Judgment,전략과 판단,50,Bridge,2,,,,,,,,,,,,,,,,29,20,TOEFL_30x56_FINAL,,PENDING,,,,,,,,,,,,,,,,,,,,,,,,,,,,VOCAB,,,,,,,,,,,,,,,,,,,,,
TOEFL,T_D34_06,34,6,severity,심함,seriousness,n.,Strategy & Judgment,전략과 판단,46,Advanced,2,,,,,,,,,,,,,,,,7,19,TOEFL_30x56_FINAL,,PENDING,,,,,,,,,,,,,,,,,,,,,,,,,,,,VOCAB,,,,,,,,,,,,,,,,,,,,,
TOEFL,T_D34_07,34,7,spectrum,범위,"range, scope, extent",n.,Strategy & Judgment,전략과 판단,46,Advanced,2,,,,,,,,,,,,,,,,4,33,TOEFL_30x56_FINAL,,PENDING,,,,,,,,,,,,,,,,,,,,,,,,,,,,VOCAB,,,,,,,,,,,,,,,,,,,,,
TOEFL,T_D34_08,34,8,splendor,"웅장함, 화려함","magnificence, grandeur, majesty",n.,Strategy & Judgment,전략과 판단,46,Advanced,2,,,,,,,,,,,,,,,,11,48,TOEFL_30x56_FINAL,,PENDING,,,,,,,,,,,,,,,,,,,,,,,,,,,,VOCAB,,,,,,,,,,,,,,,,,,,,,
TOEFL,T_D34_09,34,9,stimulus,자극제,"impetus, motivation, incentive, incitement",n.,Strategy & Judgment,전략과 판단,46,Advanced,2,,,,,,,,,,,,,,,,4,42,TOEFL_30x56_FINAL,,PENDING,,,,,,,,,,,,,,,,,,,,,,,,,,,,VOCAB,,,,,,,,,,,,,,,,,,,,,
TOEFL,T_D34_10,34,10,substantially,상당히; 대부분,"1. significantly, considerably / 2. largely, mainly",adv.,Strategy & Judgment,전략과 판단,46,Advanced,2,,,,,,,,,,,,,,,,5,5,TOEFL_30x56_FINAL,,PENDING,,,,,,,,,,,,,,,,,,,,,,,,,,,,VOCAB,,,,,,,,,,,,,,,,,,,,,
TOEFL,T_D34_11,34,11,surplus,"과잉, 잉여","excess, redundance, extra goods",n.,Strategy & Judgment,전략과 판단,46,Advanced,2,,,,,,,,,,,,,,,,29,45,TOEFL_30x56_FINAL,,PENDING,,,,,,,,,,,,,,,,,,,,,,,,,,,,VOCAB,,,,,,,,,,,,,,,,,,,,,
TOEFL,T_D34_12,34,12,tenacity,"완고함, 고집","stubbornness, determination, firmness",n.,Strategy & Judgment,전략과 판단,46,Advanced,2,,,,,,,,,,,,,,,,26,20,TOEFL_30x56_FINAL,,PENDING,,,,,,,,,,,,,,,,,,,,,,,,,,,,VOCAB,,,,,,,,,,,,,,,,,,,,,
TOEFL,T_D34_13,34,13,tendency,경향,"inclination, trend, proneness",n.,Strategy & Judgment,전략과 판단,46,Advanced,2,,,,,,,,,,,,,,,,12,49,TOEFL_30x56_FINAL,,PENDING,,,,,,,,,,,,,,,,,,,,,,,,,,,,VOCAB,,,,,,,,,,,,,,,,,,,,,
TOEFL,T_D34_14,34,14,tension,"긴장, 압박","strain, pressure",n.,Strategy & Judgment,전략과 판단,46,Advanced,2,,,,,,,,,,,,,,,,21,43,TOEFL_30x56_FINAL,,PENDING,,,,,,,,,,,,,,,,,,,,,,,,,,,,VOCAB,,,,,,,,,,,,,,,,,,,,,
TOEFL,T_D34_15,34,15,tentatively,머뭇거리며,"without certainty, uncertainly, hesitantly",adv.,Strategy & Judgment,전략과 판단,46,Advanced,2,,,,,,,,,,,,,,,,14,47,TOEFL_30x56_FINAL,,PENDING,,,,,,,,,,,,,,,,,,,,,,,,,,,,VOCAB,,,,,,,,,,,,,,,,,,,,,
TOEFL,T_D34_16,34,16,terrain,"지형, 지역","land, landscape, territory, area",n.,Strategy & Judgment,전략과 판단,46,Advanced,2,,,,,,,,,,,,,,,,17,18,TOEFL_30x56_FINAL,,PENDING,,,,,,,,,,,,,,,,,,,,,,,,,,,,VOCAB,,,,,,,,,,,,,,,,,,,,,
TOEFL,T_D34_17,34,17,turmoil,"소란, 혼란","unrest, agitation, stir",n.,Strategy & Judgment,전략과 판단,46,Advanced,2,,,,,,,,,,,,,,,,7,43,TOEFL_30x56_FINAL,,PENDING,,,,,,,,,,,,,,,,,,,,,,,,,,,,VOCAB,,,,,,,,,,,,,,,,,,,,,
TOEFL,T_D34_18,34,18,unprecedented,"전례 없는, 새로운","unlike anything in the past, unique; novel, new",adj.,Strategy & Judgment,전략과 판단,46,Advanced,2,,,,,,,,,,,,,,,,2,2,TOEFL_30x56_FINAL,,PENDING,,,,,,,,,,,,,,,,,,,,,,,,,,,,VOCAB,,,,,,,,,,,,,,,,,,,,,
TOEFL,T_D34_19,34,19,commence,시작하다,"begin, start, originate, initiate",v.,Systems & Processes,시스템과 과정,54,Core,3,,,,,,,,,,,,,,,,17,52,TOEFL_30x56_FINAL,,PENDING,,,,,,,,,,,,,,,,,,,,,,,,,,,,VOCAB,,,,,,,,,,,,,,,,,,,,,
TOEFL,T_D34_20,34,20,commend,칭찬하다,"admire, praise, compliment",v.,Systems & Processes,시스템과 과정,54,Core,3,,,,,,,,,,,,,,,,11,27,TOEFL_30x56_FINAL,,PENDING,,,,,,,,,,,,,,,,,,,,,,,,,,,,VOCAB,,,,,,,,,,,,,,,,,,,,,
TOEFL,T_D34_21,34,21,commonly,"보통, 일반적으로","generally, often, normally, usually",adv.,Systems & Processes,시스템과 과정,54,Core,3,,,,,,,,,,,,,,,,26,5,TOEFL_30x56_FINAL,,PENDING,,,,,,,,,,,,,,,,,,,,,,,,,,,,VOCAB,,,,,,,,,,,,,,,,,,,,,
TOEFL,T_D34_22,34,22,compose,구성하다,make up,v.,Systems & Processes,시스템과 과정,54,Core,3,,,,,,,,,,,,,,,,27,57,TOEFL_30x56_FINAL,,PENDING,,,,,,,,,,,,,,,,,,,,,,,,,,,,VOCAB,,,,,,,,,,,,,,,,,,,,,
TOEFL,T_D34_23,34,23,compound,"악화시키다, 더하다","add to, intensify, worsen",v.,Systems & Processes,시스템과 과정,54,Core,3,,,,,,,,,,,,,,,,5,24,TOEFL_30x56_FINAL,,PENDING,,,,,,,,,,,,,,,,,,,,,,,,,,,,VOCAB,,,,,,,,,,,,,,,,,,,,,
TOEFL,T_D34_24,34,24,compress,압축하다,"condense, compact, contract, crush",v.,Systems & Processes,시스템과 과정,54,Core,3,,,,,,,,,,,,,,,,13,5,TOEFL_30x56_FINAL,,PENDING,,,,,,,,,,,,,,,,,,,,,,,,,,,,VOCAB,,,,,,,,,,,,,,,,,,,,,
TOEFL,T_D34_25,34,25,conceal,"숨기다, 감추다","hide, cover, obscure",v.,Systems & Processes,시스템과 과정,54,Core,3,,,,,,,,,,,,,,,,19,46,TOEFL_30x56_FINAL,,PENDING,,,,,,,,,,,,,,,,,,,,,,,,,,,,VOCAB,,,,,,,,,,,,,,,,,,,,,
TOEFL,T_D34_26,34,26,conceive,상상하다,"imagine, envision, visualize",v.,Systems & Processes,시스템과 과정,54,Core,3,,,,,,,,,,,,,,,,24,40,TOEFL_30x56_FINAL,,PENDING,,,,,,,,,,,,,,,,,,,,,,,,,,,,VOCAB,,,,,,,,,,,,,,,,,,,,,
TOEFL,T_D34_27,34,27,conclude,결론을 내리다,"decide, make a final judgement, determine",v.,Systems & Processes,시스템과 과정,54,Core,3,,,,,,,,,,,,,,,,26,38,TOEFL_30x56_FINAL,,PENDING,,,,,,,,,,,,,,,,,,,,,,,,,,,,VOCAB,,,,,,,,,,,,,,,,,,,,,
TOEFL,T_D34_28,34,28,confirm,확인하다,"ascertain, verify",v.,Systems & Processes,시스템과 과정,54,Core,3,,,,,,,,,,,,,,,,20,34,TOEFL_30x56_FINAL,,PENDING,,,,,,,,,,,,,,,,,,,,,,,,,,,,VOCAB,,,,,,,,,,,,,,,,,,,,,
TOEFL,T_D34_29,34,29,conform,따르다,"comply, obey, follow",v.,Systems & Processes,시스템과 과정,54,Core,3,,,,,,,,,,,,,,,,20,52,TOEFL_30x56_FINAL,,PENDING,,,,,,,,,,,,,,,,,,,,,,,,,,,,VOCAB,,,,,,,,,,,,,,,,,,,,,
TOEFL,T_D34_30,34,30,congeal,"굳다, 응고하다","solidify, harden, stiffen, condense",v.,Systems & Processes,시스템과 과정,54,Core,3,,,,,,,,,,,,,,,,15,26,TOEFL_30x56_FINAL,,PENDING,,,,,,,,,,,,,,,,,,,,,,,,,,,,VOCAB,,,,,,,,,,,,,,,,,,,,,
TOEFL,T_D35_01,35,1,conquer,이기다,"defeat, prevail, triumph",v.,Systems & Processes,시스템과 과정,54,Core,3,,,,,,,,,,,,,,,,21,7,TOEFL_30x56_FINAL,,PENDING,,,,,,,,,,,,,,,,,,,,,,,,,,,,VOCAB,,,,,,,,,,,,,,,,,,,,,
TOEFL,T_D35_02,35,2,consent,동의하다,"agree, assent",v.,Systems & Processes,시스템과 과정,54,Core,3,,,,,,,,,,,,,,,,20,8,TOEFL_30x56_FINAL,,PENDING,,,,,,,,,,,,,,,,,,,,,,,,,,,,VOCAB,,,,,,,,,,,,,,,,,,,,,
TOEFL,T_D35_03,35,3,conserve,"보존하다, 보호하다","keep, protect, save, preserve",v.,Systems & Processes,시스템과 과정,54,Core,3,,,,,,,,,,,,,,,,28,18,TOEFL_30x56_FINAL,,PENDING,,,,,,,,,,,,,,,,,,,,,,,,,,,,VOCAB,,,,,,,,,,,,,,,,,,,,,
TOEFL,T_D35_04,35,4,constant,"변함없는, 일정한","unchangeable, steady, stationary",adj.,Systems & Processes,시스템과 과정,54,Core,3,,,,,,,,,,,,,,,,21,21,TOEFL_30x56_FINAL,,PENDING,,,,,,,,,,,,,,,,,,,,,,,,,,,,VOCAB,,,,,,,,,,,,,,,,,,,,,
TOEFL,T_D35_05,35,5,contain,포함하다,"include, comprise",v.,Systems & Processes,시스템과 과정,54,Core,3,,,,,,,,,,,,,,,,21,33,TOEFL_30x56_FINAL,,PENDING,,,,,,,,,,,,,,,,,,,,,,,,,,,,VOCAB,,,,,,,,,,,,,,,,,,,,,
TOEFL,T_D35_06,35,6,contend,주장하다,"argue, assert, maintain",v.,Systems & Processes,시스템과 과정,54,Core,3,,,,,,,,,,,,,,,,23,11,TOEFL_30x56_FINAL,,PENDING,,,,,,,,,,,,,,,,,,,,,,,,,,,,VOCAB,,,,,,,,,,,,,,,,,,,,,
TOEFL,T_D35_07,35,7,contract,"줄이다, 수축하다","shorten, constrict",v.,Systems & Processes,시스템과 과정,54,Core,3,,,,,,,,,,,,,,,,28,22,TOEFL_30x56_FINAL,,PENDING,,,,,,,,,,,,,,,,,,,,,,,,,,,,VOCAB,,,,,,,,,,,,,,,,,,,,,
TOEFL,T_D35_08,35,8,converge,모이다,"come together, meet, move closer, gather",v.,Systems & Processes,시스템과 과정,54,Core,3,,,,,,,,,,,,,,,,17,16,TOEFL_30x56_FINAL,,PENDING,,,,,,,,,,,,,,,,,,,,,,,,,,,,VOCAB,,,,,,,,,,,,,,,,,,,,,
TOEFL,T_D35_09,35,9,converse,반대의,"opposite, reverse",adj.,Systems & Processes,시스템과 과정,54,Core,3,,,,,,,,,,,,,,,,30,17,TOEFL_30x56_FINAL,,PENDING,,,,,,,,,,,,,,,,,,,,,,,,,,,,VOCAB,,,,,,,,,,,,,,,,,,,,,
TOEFL,T_D35_10,35,10,convert,바꾸다,"change, transform",v.,Systems & Processes,시스템과 과정,54,Core,3,,,,,,,,,,,,,,,,3,44,TOEFL_30x56_FINAL,,PENDING,,,,,,,,,,,,,,,,,,,,,,,,,,,,VOCAB,,,,,,,,,,,,,,,,,,,,,
TOEFL,T_D35_11,35,11,copious,풍부한,"plentiful, abundant, ample, bountiful",adj.,Systems & Processes,시스템과 과정,54,Core,3,,,,,,,,,,,,,,,,18,13,TOEFL_30x56_FINAL,,PENDING,,,,,,,,,,,,,,,,,,,,,,,,,,,,VOCAB,,,,,,,,,,,,,,,,,,,,,
TOEFL,T_D35_12,35,12,counter,반박하다,"oppose, act against, refute",v.,Systems & Processes,시스템과 과정,54,Core,3,,,,,,,,,,,,,,,,3,7,TOEFL_30x56_FINAL,,PENDING,,,,,,,,,,,,,,,,,,,,,,,,,,,,VOCAB,,,,,,,,,,,,,,,,,,,,,
TOEFL,T_D35_13,35,13,cramped,"비좁은, 제한된","confined, restricted",adj.,Systems & Processes,시스템과 과정,54,Core,3,,,,,,,,,,,,,,,,24,27,TOEFL_30x56_FINAL,,PENDING,,,,,,,,,,,,,,,,,,,,,,,,,,,,VOCAB,,,,,,,,,,,,,,,,,,,,,
TOEFL,T_D35_14,35,14,scores,다수,"a large number, host, crowd, multitude",n.,Systems & Processes,시스템과 과정,50,Bridge,2,,,,,,,,,,,,,,,,22,30,TOEFL_30x56_FINAL,,PENDING,,,,,,,,,,,,,,,,,,,,,,,,,,,,VOCAB,,,,,,,,,,,,,,,,,,,,,
TOEFL,T_D35_15,35,15,share,몫,"portion, part, allotment",n.,Systems & Processes,시스템과 과정,50,Bridge,2,,,,,,,,,,,,,,,,13,54,TOEFL_30x56_FINAL,,PENDING,,,,,,,,,,,,,,,,,,,,,,,,,,,,VOCAB,,,,,,,,,,,,,,,,,,,,,
TOEFL,T_D35_16,35,16,source,"근원, 기원","origin, beginning, derivation",n.,Systems & Processes,시스템과 과정,50,Bridge,2,,,,,,,,,,,,,,,,10,49,TOEFL_30x56_FINAL,,PENDING,,,,,,,,,,,,,,,,,,,,,,,,,,,,VOCAB,,,,,,,,,,,,,,,,,,,,,
TOEFL,T_D35_17,35,17,spell,한동안,a certain period of time,n.,Systems & Processes,시스템과 과정,50,Bridge,2,,,,,,,,,,,,,,,,21,9,TOEFL_30x56_FINAL,,PENDING,,,,,,,,,,,,,,,,,,,,,,,,,,,,VOCAB,,,,,,,,,,,,,,,,,,,,,
TOEFL,T_D35_18,35,18,spontaneous,"자발적인; 무의식적인, 저절로 일어나는","1. voluntary, unprompted / 2. automatic, unplanned, involuntary",adj.,Systems & Processes,시스템과 과정,50,Bridge,2,,,,,,,,,,,,,,,,3,16,TOEFL_30x56_FINAL,,PENDING,,,,,,,,,,,,,,,,,,,,,,,,,,,,VOCAB,,,,,,,,,,,,,,,,,,,,,
TOEFL,T_D35_19,35,19,status,"지위, 위신","standing, prestige, importance",n.,Systems & Processes,시스템과 과정,50,Bridge,2,,,,,,,,,,,,,,,,3,27,TOEFL_30x56_FINAL,,PENDING,,,,,,,,,,,,,,,,,,,,,,,,,,,,VOCAB,,,,,,,,,,,,,,,,,,,,,
TOEFL,T_D35_20,35,20,stream,흐름,"flow, current",n.,Systems & Processes,시스템과 과정,50,Bridge,2,,,,,,,,,,,,,,,,4,34,TOEFL_30x56_FINAL,,PENDING,,,,,,,,,,,,,,,,,,,,,,,,,,,,VOCAB,,,,,,,,,,,,,,,,,,,,,
TOEFL,T_D35_21,35,21,string,일련,"series, chain",n.,Systems & Processes,시스템과 과정,50,Bridge,2,,,,,,,,,,,,,,,,18,53,TOEFL_30x56_FINAL,,PENDING,,,,,,,,,,,,,,,,,,,,,,,,,,,,VOCAB,,,,,,,,,,,,,,,,,,,,,
TOEFL,T_D35_22,35,22,tactic,전략,"strategy, maneuver",n.,Systems & Processes,시스템과 과정,50,Bridge,2,,,,,,,,,,,,,,,,15,11,TOEFL_30x56_FINAL,,PENDING,,,,,,,,,,,,,,,,,,,,,,,,,,,,VOCAB,,,,,,,,,,,,,,,,,,,,,
TOEFL,T_D35_23,35,23,tantalizing,흥미를 돋우는; 감질나는,"tempting, enticing; teasing",adj.,Systems & Processes,시스템과 과정,50,Bridge,2,,,,,,,,,,,,,,,,13,23,TOEFL_30x56_FINAL,,PENDING,,,,,,,,,,,,,,,,,,,,,,,,,,,,VOCAB,,,,,,,,,,,,,,,,,,,,,
TOEFL,T_D35_24,35,24,threat,위협,"intention to harm, menace",n.,Systems & Processes,시스템과 과정,50,Bridge,2,,,,,,,,,,,,,,,,4,54,TOEFL_30x56_FINAL,,PENDING,,,,,,,,,,,,,,,,,,,,,,,,,,,,VOCAB,,,,,,,,,,,,,,,,,,,,,
TOEFL,T_D35_25,35,25,thrill,"흥분, 전율","excitement, exhilaration, frisson",n.,Systems & Processes,시스템과 과정,50,Bridge,2,,,,,,,,,,,,,,,,21,52,TOEFL_30x56_FINAL,,PENDING,,,,,,,,,,,,,,,,,,,,,,,,,,,,VOCAB,,,,,,,,,,,,,,,,,,,,,
TOEFL,T_D35_26,35,26,trace,"자취, 흔적","evidence, vestige, imprint, mark",n.,Systems & Processes,시스템과 과정,50,Bridge,2,,,,,,,,,,,,,,,,6,43,TOEFL_30x56_FINAL,,PENDING,,,,,,,,,,,,,,,,,,,,,,,,,,,,VOCAB,,,,,,,,,,,,,,,,,,,,,
TOEFL,T_D35_27,35,27,trauma,"외상, 외상성 상해",damage,n.,Systems & Processes,시스템과 과정,50,Bridge,2,,,,,,,,,,,,,,,,29,55,TOEFL_30x56_FINAL,,PENDING,,,,,,,,,,,,,,,,,,,,,,,,,,,,VOCAB,,,,,,,,,,,,,,,,,,,,,
TOEFL,T_D35_28,35,28,trend,"경향, 추세","tendency, inclination, direction",n.,Systems & Processes,시스템과 과정,50,Bridge,2,,,,,,,,,,,,,,,,5,19,TOEFL_30x56_FINAL,,PENDING,,,,,,,,,,,,,,,,,,,,,,,,,,,,VOCAB,,,,,,,,,,,,,,,,,,,,,
TOEFL,T_D35_29,35,29,truism,"뻔한 말, 자명한 이치","self-evident truth, commonplace, cliché",n.,Systems & Processes,시스템과 과정,50,Bridge,2,,,,,,,,,,,,,,,,23,35,TOEFL_30x56_FINAL,,PENDING,,,,,,,,,,,,,,,,,,,,,,,,,,,,VOCAB,,,,,,,,,,,,,,,,,,,,,
TOEFL,T_D35_30,35,30,vessel,"배, 선박","ship, boat, craft",n.,Systems & Processes,시스템과 과정,50,Bridge,2,,,,,,,,,,,,,,,,29,53,TOEFL_30x56_FINAL,,PENDING,,,,,,,,,,,,,,,,,,,,,,,,,,,,VOCAB,,,,,,,,,,,,,,,,,,,,,
TOEFL,T_D36_01,36,1,vehicle,"수단, 매체","means, medium, instrument",n.,Systems & Processes,시스템과 과정,46,Advanced,2,,,,,,,,,,,,,,,,6,26,TOEFL_30x56_FINAL,,PENDING,,,,,,,,,,,,,,,,,,,,,,,,,,,,VOCAB,,,,,,,,,,,,,,,,,,,,,
TOEFL,T_D36_02,36,2,vitality,활력,"energy, liveliness, vigor",n.,Systems & Processes,시스템과 과정,46,Advanced,2,,,,,,,,,,,,,,,,6,25,TOEFL_30x56_FINAL,,PENDING,,,,,,,,,,,,,,,,,,,,,,,,,,,,VOCAB,,,,,,,,,,,,,,,,,,,,,
TOEFL,T_D36_03,36,3,whereas,~인 반면에,while,conj.,Systems & Processes,시스템과 과정,46,Advanced,2,,,,,,,,,,,,,,,,30,22,TOEFL_30x56_FINAL,,PENDING,,,,,,,,,,,,,,,,,,,,,,,,,,,,VOCAB,,,,,,,,,,,,,,,,,,,,,
TOEFL,T_D36_04,36,4,whereby,그것에 의하여 ~하는,"through which, by which",conj.,Systems & Processes,시스템과 과정,46,Advanced,2,,,,,,,,,,,,,,,,8,50,TOEFL_30x56_FINAL,,PENDING,,,,,,,,,,,,,,,,,,,,,,,,,,,,VOCAB,,,,,,,,,,,,,,,,,,,,,
TOEFL,T_D36_05,36,5,abundance,"다수, 풍부","plenty, large number, profusion",n.,Systems & Processes,시스템과 과정,45,Advanced,2,,,,,,,,,,,,,,,,28,1,TOEFL_30x56_FINAL,,PENDING,,,,,,,,,,,,,,,,,,,,,,,,,,,,VOCAB,,,,,,,,,,,,,,,,,,,,,
TOEFL,T_D36_06,36,6,amplitude,"크기, 규모","size, extent, magnitude",n.,Systems & Processes,시스템과 과정,45,Advanced,2,,,,,,,,,,,,,,,,28,37,TOEFL_30x56_FINAL,,PENDING,,,,,,,,,,,,,,,,,,,,,,,,,,,,VOCAB,,,,,,,,,,,,,,,,,,,,,
TOEFL,T_D36_07,36,7,antiquity,고대,"ancient times, distant past",n.,Systems & Processes,시스템과 과정,45,Advanced,2,,,,,,,,,,,,,,,,25,42,TOEFL_30x56_FINAL,,PENDING,,,,,,,,,,,,,,,,,,,,,,,,,,,,VOCAB,,,,,,,,,,,,,,,,,,,,,
TOEFL,T_D36_08,36,8,apparatus,"기구, 장치","equipment, device",n.,Systems & Processes,시스템과 과정,45,Advanced,2,,,,,,,,,,,,,,,,19,42,TOEFL_30x56_FINAL,,PENDING,,,,,,,,,,,,,,,,,,,,,,,,,,,,VOCAB,,,,,,,,,,,,,,,,,,,,,
TOEFL,T_D36_09,36,9,appraisal,평가,"evaluation, assessment, estimation",n.,Systems & Processes,시스템과 과정,45,Advanced,2,,,,,,,,,,,,,,,,5,52,TOEFL_30x56_FINAL,,PENDING,,,,,,,,,,,,,,,,,,,,,,,,,,,,VOCAB,,,,,,,,,,,,,,,,,,,,,
TOEFL,T_D36_10,36,10,authority,"권위자, 대가","expert, master, specialist",n.,Systems & Processes,시스템과 과정,45,Advanced,2,,,,,,,,,,,,,,,,2,53,TOEFL_30x56_FINAL,,PENDING,,,,,,,,,,,,,,,,,,,,,,,,,,,,VOCAB,,,,,,,,,,,,,,,,,,,,,
TOEFL,T_D36_11,36,11,chronicle,"기록, 연대기","record, history",n.,Systems & Processes,시스템과 과정,45,Advanced,2,,,,,,,,,,,,,,,,4,46,TOEFL_30x56_FINAL,,PENDING,,,,,,,,,,,,,,,,,,,,,,,,,,,,VOCAB,,,,,,,,,,,,,,,,,,,,,
TOEFL,T_D36_12,36,12,collision,충돌,"crash, smash",n.,Systems & Processes,시스템과 과정,45,Advanced,2,,,,,,,,,,,,,,,,16,50,TOEFL_30x56_FINAL,,PENDING,,,,,,,,,,,,,,,,,,,,,,,,,,,,VOCAB,,,,,,,,,,,,,,,,,,,,,
TOEFL,T_D36_13,36,13,complaint,"불만, 항의","protest, grievance",n.,Systems & Processes,시스템과 과정,45,Advanced,2,,,,,,,,,,,,,,,,19,34,TOEFL_30x56_FINAL,,PENDING,,,,,,,,,,,,,,,,,,,,,,,,,,,,VOCAB,,,,,,,,,,,,,,,,,,,,,
TOEFL,T_D36_14,36,14,component,구성 요소,"element, constituent, ingredient, part, factor",n.,Systems & Processes,시스템과 과정,45,Advanced,2,,,,,,,,,,,,,,,,14,3,TOEFL_30x56_FINAL,,PENDING,,,,,,,,,,,,,,,,,,,,,,,,,,,,VOCAB,,,,,,,,,,,,,,,,,,,,,
TOEFL,T_D36_15,36,15,creative,창의적인,"inventive, imaginative",adj.,Trends & Impact,추세와 영향,54,Core,3,,,,,,,,,,,,,,,,26,28,TOEFL_30x56_FINAL,,PENDING,,,,,,,,,,,,,,,,,,,,,,,,,,,,VOCAB,,,,,,,,,,,,,,,,,,,,,
TOEFL,T_D36_16,36,16,credible,믿을 수 있는,"believable, reliable, plausible",adj.,Trends & Impact,추세와 영향,54,Core,3,,,,,,,,,,,,,,,,5,43,TOEFL_30x56_FINAL,,PENDING,,,,,,,,,,,,,,,,,,,,,,,,,,,,VOCAB,,,,,,,,,,,,,,,,,,,,,
TOEFL,T_D36_17,36,17,current,현재의,"present, existing",adj.,Trends & Impact,추세와 영향,54,Core,3,,,,,,,,,,,,,,,,9,16,TOEFL_30x56_FINAL,,PENDING,,,,,,,,,,,,,,,,,,,,,,,,,,,,VOCAB,,,,,,,,,,,,,,,,,,,,,
TOEFL,T_D36_18,36,18,cushion,"보호하다, 충격을 완화하다","protect, buffer",v.,Trends & Impact,추세와 영향,54,Core,3,,,,,,,,,,,,,,,,5,45,TOEFL_30x56_FINAL,,PENDING,,,,,,,,,,,,,,,,,,,,,,,,,,,,VOCAB,,,,,,,,,,,,,,,,,,,,,
TOEFL,T_D36_19,36,19,damaging,해로운,"harmful, detrimental, noxious",adj.,Trends & Impact,추세와 영향,54,Core,3,,,,,,,,,,,,,,,,13,51,TOEFL_30x56_FINAL,,PENDING,,,,,,,,,,,,,,,,,,,,,,,,,,,,VOCAB,,,,,,,,,,,,,,,,,,,,,
TOEFL,T_D36_20,36,20,deceive,속이다,"mislead, delude, cheat",v.,Trends & Impact,추세와 영향,54,Core,3,,,,,,,,,,,,,,,,6,15,TOEFL_30x56_FINAL,,PENDING,,,,,,,,,,,,,,,,,,,,,,,,,,,,VOCAB,,,,,,,,,,,,,,,,,,,,,
TOEFL,T_D36_21,36,21,decimate,"많은 사람을 죽이다, 파괴하다","destroy, eliminate, wipe out, demolish, devastate",v.,Trends & Impact,추세와 영향,54,Core,3,,,,,,,,,,,,,,,,13,2,TOEFL_30x56_FINAL,,PENDING,,,,,,,,,,,,,,,,,,,,,,,,,,,,VOCAB,,,,,,,,,,,,,,,,,,,,,
TOEFL,T_D36_22,36,22,deflect,방향을 바꾸다,"change the direction of, divert",v.,Trends & Impact,추세와 영향,54,Core,3,,,,,,,,,,,,,,,,14,7,TOEFL_30x56_FINAL,,PENDING,,,,,,,,,,,,,,,,,,,,,,,,,,,,VOCAB,,,,,,,,,,,,,,,,,,,,,
TOEFL,T_D36_23,36,23,dejected,낙담한,"depressed, downhearted",adj.,Trends & Impact,추세와 영향,54,Core,3,,,,,,,,,,,,,,,,21,37,TOEFL_30x56_FINAL,,PENDING,,,,,,,,,,,,,,,,,,,,,,,,,,,,VOCAB,,,,,,,,,,,,,,,,,,,,,
TOEFL,T_D36_24,36,24,demolish,파괴하다,"destroy, wreck",v.,Trends & Impact,추세와 영향,54,Core,3,,,,,,,,,,,,,,,,8,32,TOEFL_30x56_FINAL,,PENDING,,,,,,,,,,,,,,,,,,,,,,,,,,,,VOCAB,,,,,,,,,,,,,,,,,,,,,
TOEFL,T_D36_25,36,25,deposit,"놓다, 두다","lay, place, lay down, set down, leave behind",v.,Trends & Impact,추세와 영향,54,Core,3,,,,,,,,,,,,,,,,20,5,TOEFL_30x56_FINAL,,PENDING,,,,,,,,,,,,,,,,,,,,,,,,,,,,VOCAB,,,,,,,,,,,,,,,,,,,,,
TOEFL,T_D36_26,36,26,desolate,황량한,"deserted, bleak, dreary",adj.,Trends & Impact,추세와 영향,54,Core,3,,,,,,,,,,,,,,,,23,46,TOEFL_30x56_FINAL,,PENDING,,,,,,,,,,,,,,,,,,,,,,,,,,,,VOCAB,,,,,,,,,,,,,,,,,,,,,
TOEFL,T_D36_27,36,27,deviate,벗어나다,"depart, turn aside, diverge, stray",v.,Trends & Impact,추세와 영향,54,Core,3,,,,,,,,,,,,,,,,19,7,TOEFL_30x56_FINAL,,PENDING,,,,,,,,,,,,,,,,,,,,,,,,,,,,VOCAB,,,,,,,,,,,,,,,,,,,,,
TOEFL,T_D36_28,36,28,diffuse,퍼뜨리다,"spread, distribute, scatter",v.,Trends & Impact,추세와 영향,54,Core,3,,,,,,,,,,,,,,,,2,26,TOEFL_30x56_FINAL,,PENDING,,,,,,,,,,,,,,,,,,,,,,,,,,,,VOCAB,,,,,,,,,,,,,,,,,,,,,
TOEFL,T_D36_29,36,29,diminish,줄이다,"reduce, decrease, lessen, cut, abate",v.,Trends & Impact,추세와 영향,54,Core,3,,,,,,,,,,,,,,,,27,46,TOEFL_30x56_FINAL,,PENDING,,,,,,,,,,,,,,,,,,,,,,,,,,,,VOCAB,,,,,,,,,,,,,,,,,,,,,
TOEFL,T_D36_30,36,30,disband,해산시키다,"dismiss, disperse, break up",v.,Trends & Impact,추세와 영향,54,Core,3,,,,,,,,,,,,,,,,4,7,TOEFL_30x56_FINAL,,PENDING,,,,,,,,,,,,,,,,,,,,,,,,,,,,VOCAB,,,,,,,,,,,,,,,,,,,,,
TOEFL,T_D37_01,37,1,discard,버리다,"throw away, abandon, reject, dispose of, cast aside",v.,Trends & Impact,추세와 영향,54,Core,3,,,,,,,,,,,,,,,,25,26,TOEFL_30x56_FINAL,,PENDING,,,,,,,,,,,,,,,,,,,,,,,,,,,,VOCAB,,,,,,,,,,,,,,,,,,,,,
TOEFL,T_D37_02,37,2,discern,"파악하다, 알아차리다","identify, detect, distinguish",v.,Trends & Impact,추세와 영향,54,Core,3,,,,,,,,,,,,,,,,11,12,TOEFL_30x56_FINAL,,PENDING,,,,,,,,,,,,,,,,,,,,,,,,,,,,VOCAB,,,,,,,,,,,,,,,,,,,,,
TOEFL,T_D37_03,37,3,disclose,"비밀 등을 밝히다, 폭로하다","reveal, divulge, unveil",v.,Trends & Impact,추세와 영향,54,Core,3,,,,,,,,,,,,,,,,22,29,TOEFL_30x56_FINAL,,PENDING,,,,,,,,,,,,,,,,,,,,,,,,,,,,VOCAB,,,,,,,,,,,,,,,,,,,,,
TOEFL,T_D37_04,37,4,discount,무시하다,"ignore, disregard",v.,Trends & Impact,추세와 영향,54,Core,3,,,,,,,,,,,,,,,,21,35,TOEFL_30x56_FINAL,,PENDING,,,,,,,,,,,,,,,,,,,,,,,,,,,,VOCAB,,,,,,,,,,,,,,,,,,,,,
TOEFL,T_D37_05,37,5,discrete,별개의,"separate, distinct, individual",adj.,Trends & Impact,추세와 영향,54,Core,3,,,,,,,,,,,,,,,,14,17,TOEFL_30x56_FINAL,,PENDING,,,,,,,,,,,,,,,,,,,,,,,,,,,,VOCAB,,,,,,,,,,,,,,,,,,,,,
TOEFL,T_D37_06,37,6,dismiss,"무시하다, 묵살하다","ignore, disregard",v.,Trends & Impact,추세와 영향,54,Core,3,,,,,,,,,,,,,,,,30,56,TOEFL_30x56_FINAL,,PENDING,,,,,,,,,,,,,,,,,,,,,,,,,,,,VOCAB,,,,,,,,,,,,,,,,,,,,,
TOEFL,T_D37_07,37,7,display,보여 주다,"show, exhibit, present",v.,Trends & Impact,추세와 영향,54,Core,3,,,,,,,,,,,,,,,,28,32,TOEFL_30x56_FINAL,,PENDING,,,,,,,,,,,,,,,,,,,,,,,,,,,,VOCAB,,,,,,,,,,,,,,,,,,,,,
TOEFL,T_D37_08,37,8,disrupt,방해하다,"interfere with, interrupt, upset",v.,Trends & Impact,추세와 영향,54,Core,3,,,,,,,,,,,,,,,,23,48,TOEFL_30x56_FINAL,,PENDING,,,,,,,,,,,,,,,,,,,,,,,,,,,,VOCAB,,,,,,,,,,,,,,,,,,,,,
TOEFL,T_D37_09,37,9,viability,1. 생존 능력 / 2. 실행 가능성,"1. ability to exist, ability to live / 2. feasibility",n.,Trends & Impact,추세와 영향,50,Bridge,2,,,,,,,,,,,,,,,,30,6,TOEFL_30x56_FINAL,,PENDING,,,,,,,,,,,,,,,,,,,,,,,,,,,,VOCAB,,,,,,,,,,,,,,,,,,,,,
TOEFL,T_D37_10,37,10,vigor,"활력, 힘","energy, strength, vitality",n.,Trends & Impact,추세와 영향,50,Bridge,2,,,,,,,,,,,,,,,,19,8,TOEFL_30x56_FINAL,,PENDING,,,,,,,,,,,,,,,,,,,,,,,,,,,,VOCAB,,,,,,,,,,,,,,,,,,,,,
TOEFL,T_D37_11,37,11,vow,"서약, 맹세","pledge, promise, oath",n.,Trends & Impact,추세와 영향,50,Bridge,2,,,,,,,,,,,,,,,,3,6,TOEFL_30x56_FINAL,,PENDING,,,,,,,,,,,,,,,,,,,,,,,,,,,,VOCAB,,,,,,,,,,,,,,,,,,,,,
TOEFL,T_D37_12,37,12,abnormally,"이례적으로, 이상하게","unusually, oddly, exceptionally, atypically",adv.,Trends & Impact,추세와 영향,49,Bridge,2,,,,,,,,,,,,,,,,11,33,TOEFL_30x56_FINAL,,PENDING,,,,,,,,,,,,,,,,,,,,,,,,,,,,VOCAB,,,,,,,,,,,,,,,,,,,,,
TOEFL,T_D37_13,37,13,accelerate,속도를 높이다,"increase in speed, speed up",v.,Trends & Impact,추세와 영향,49,Bridge,2,,,,,,,,,,,,,,,,20,33,TOEFL_30x56_FINAL,,PENDING,,,,,,,,,,,,,,,,,,,,,,,,,,,,VOCAB,,,,,,,,,,,,,,,,,,,,,
TOEFL,T_D37_14,37,14,accidental,우연한,"unintentional, inadvertent, unintended",adj.,Trends & Impact,추세와 영향,49,Bridge,2,,,,,,,,,,,,,,,,23,36,TOEFL_30x56_FINAL,,PENDING,,,,,,,,,,,,,,,,,,,,,,,,,,,,VOCAB,,,,,,,,,,,,,,,,,,,,,
TOEFL,T_D37_15,37,15,accomplish,성취하다,"achieve, execute, work out, put through",v.,Trends & Impact,추세와 영향,49,Bridge,2,,,,,,,,,,,,,,,,7,24,TOEFL_30x56_FINAL,,PENDING,,,,,,,,,,,,,,,,,,,,,,,,,,,,VOCAB,,,,,,,,,,,,,,,,,,,,,
TOEFL,T_D37_16,37,16,accumulate,서서히 모으다,"gather, collect, compile, gradually increase in number",v.,Trends & Impact,추세와 영향,49,Bridge,2,,,,,,,,,,,,,,,,24,3,TOEFL_30x56_FINAL,,PENDING,,,,,,,,,,,,,,,,,,,,,,,,,,,,VOCAB,,,,,,,,,,,,,,,,,,,,,
TOEFL,T_D37_17,37,17,accurately,정확하게,"correctly, precisely, exactly",adv.,Trends & Impact,추세와 영향,49,Bridge,2,,,,,,,,,,,,,,,,4,39,TOEFL_30x56_FINAL,,PENDING,,,,,,,,,,,,,,,,,,,,,,,,,,,,VOCAB,,,,,,,,,,,,,,,,,,,,,
TOEFL,T_D37_18,37,18,altogether,완전히,"fully, completely, entirely, totally, wholly",adv.,Trends & Impact,추세와 영향,49,Bridge,2,,,,,,,,,,,,,,,,19,20,TOEFL_30x56_FINAL,,PENDING,,,,,,,,,,,,,,,,,,,,,,,,,,,,VOCAB,,,,,,,,,,,,,,,,,,,,,
TOEFL,T_D37_19,37,19,ambivalent,상반되는 감정을 가진,"mixed, unsure, undecided",adj.,Trends & Impact,추세와 영향,49,Bridge,2,,,,,,,,,,,,,,,,21,26,TOEFL_30x56_FINAL,,PENDING,,,,,,,,,,,,,,,,,,,,,,,,,,,,VOCAB,,,,,,,,,,,,,,,,,,,,,
TOEFL,T_D37_20,37,20,appreciate,인식하다,"recognize, understand, perceive",v.,Trends & Impact,추세와 영향,49,Bridge,2,,,,,,,,,,,,,,,,19,41,TOEFL_30x56_FINAL,,PENDING,,,,,,,,,,,,,,,,,,,,,,,,,,,,VOCAB,,,,,,,,,,,,,,,,,,,,,
TOEFL,T_D37_21,37,21,archetypal,전형적인,"ideal, classic, exemplary",adj.,Trends & Impact,추세와 영향,49,Bridge,2,,,,,,,,,,,,,,,,16,48,TOEFL_30x56_FINAL,,PENDING,,,,,,,,,,,,,,,,,,,,,,,,,,,,VOCAB,,,,,,,,,,,,,,,,,,,,,
TOEFL,T_D37_22,37,22,artificial,"인조의, 인공의","synthetic, man-made",adj.,Trends & Impact,추세와 영향,49,Bridge,2,,,,,,,,,,,,,,,,23,25,TOEFL_30x56_FINAL,,PENDING,,,,,,,,,,,,,,,,,,,,,,,,,,,,VOCAB,,,,,,,,,,,,,,,,,,,,,
TOEFL,T_D37_23,37,23,assimilate,"흡수하다, 이해하다","absorb, take in, ingest",v.,Trends & Impact,추세와 영향,49,Bridge,2,,,,,,,,,,,,,,,,6,10,TOEFL_30x56_FINAL,,PENDING,,,,,,,,,,,,,,,,,,,,,,,,,,,,VOCAB,,,,,,,,,,,,,,,,,,,,,
TOEFL,T_D37_24,37,24,associated,관련된,"connected, correlated, linked",adj.,Trends & Impact,추세와 영향,49,Bridge,2,,,,,,,,,,,,,,,,26,54,TOEFL_30x56_FINAL,,PENDING,,,,,,,,,,,,,,,,,,,,,,,,,,,,VOCAB,,,,,,,,,,,,,,,,,,,,,
TOEFL,T_D37_25,37,25,astounding,놀라운,"amazing, astonishing, surprising",adj.,Trends & Impact,추세와 영향,49,Bridge,2,,,,,,,,,,,,,,,,19,21,TOEFL_30x56_FINAL,,PENDING,,,,,,,,,,,,,,,,,,,,,,,,,,,,VOCAB,,,,,,,,,,,,,,,,,,,,,
TOEFL,T_D37_26,37,26,autonomous,자율적인,"independent, self-determining",adj.,Trends & Impact,추세와 영향,49,Bridge,2,,,,,,,,,,,,,,,,2,49,TOEFL_30x56_FINAL,,PENDING,,,,,,,,,,,,,,,,,,,,,,,,,,,,VOCAB,,,,,,,,,,,,,,,,,,,,,
TOEFL,T_D37_27,37,27,composite,합성물,"mixture, compound",n.,Trends & Impact,추세와 영향,45,Advanced,2,,,,,,,,,,,,,,,,20,43,TOEFL_30x56_FINAL,,PENDING,,,,,,,,,,,,,,,,,,,,,,,,,,,,VOCAB,,,,,,,,,,,,,,,,,,,,,
TOEFL,T_D37_28,37,28,consensus,합의,"agreement, consent",n.,Trends & Impact,추세와 영향,45,Advanced,2,,,,,,,,,,,,,,,,14,15,TOEFL_30x56_FINAL,,PENDING,,,,,,,,,,,,,,,,,,,,,,,,,,,,VOCAB,,,,,,,,,,,,,,,,,,,,,
TOEFL,T_D37_29,37,29,criterion,기준,"standard, measure, norm",n.,Trends & Impact,추세와 영향,45,Advanced,2,,,,,,,,,,,,,,,,8,12,TOEFL_30x56_FINAL,,PENDING,,,,,,,,,,,,,,,,,,,,,,,,,,,,VOCAB,,,,,,,,,,,,,,,,,,,,,
TOEFL,T_D37_30,37,30,dimension,"크기, 규모","size, magnitude",n.,Trends & Impact,추세와 영향,45,Advanced,2,,,,,,,,,,,,,,,,15,32,TOEFL_30x56_FINAL,,PENDING,,,,,,,,,,,,,,,,,,,,,,,,,,,,VOCAB,,,,,,,,,,,,,,,,,,,,,
TOEFL,T_D38_01,38,1,disparity,"차이, 불균형","inequality, imbalance, disproportion",n.,Trends & Impact,추세와 영향,45,Advanced,2,,,,,,,,,,,,,,,,18,24,TOEFL_30x56_FINAL,,PENDING,,,,,,,,,,,,,,,,,,,,,,,,,,,,VOCAB,,,,,,,,,,,,,,,,,,,,,
TOEFL,T_D38_02,38,2,dispersal,"분산, 분산시키기","distribution, scattering",n.,Trends & Impact,추세와 영향,45,Advanced,2,,,,,,,,,,,,,,,,20,19,TOEFL_30x56_FINAL,,PENDING,,,,,,,,,,,,,,,,,,,,,,,,,,,,VOCAB,,,,,,,,,,,,,,,,,,,,,
TOEFL,T_D38_03,38,3,diversion,주의 전환물,distraction,n.,Trends & Impact,추세와 영향,45,Advanced,2,,,,,,,,,,,,,,,,12,31,TOEFL_30x56_FINAL,,PENDING,,,,,,,,,,,,,,,,,,,,,,,,,,,,VOCAB,,,,,,,,,,,,,,,,,,,,,
TOEFL,T_D38_04,38,4,document,"문서, 기록","record, report, paper",n.,Trends & Impact,추세와 영향,45,Advanced,2,,,,,,,,,,,,,,,,5,30,TOEFL_30x56_FINAL,,PENDING,,,,,,,,,,,,,,,,,,,,,,,,,,,,VOCAB,,,,,,,,,,,,,,,,,,,,,
TOEFL,T_D38_05,38,5,dryness,건조,"aridity, aridness, drought",n.,Trends & Impact,추세와 영향,45,Advanced,2,,,,,,,,,,,,,,,,30,48,TOEFL_30x56_FINAL,,PENDING,,,,,,,,,,,,,,,,,,,,,,,,,,,,VOCAB,,,,,,,,,,,,,,,,,,,,,
TOEFL,T_D38_06,38,6,duration,지속되는 기간,"span, length, term",n.,Trends & Impact,추세와 영향,45,Advanced,2,,,,,,,,,,,,,,,,12,1,TOEFL_30x56_FINAL,,PENDING,,,,,,,,,,,,,,,,,,,,,,,,,,,,VOCAB,,,,,,,,,,,,,,,,,,,,,
TOEFL,T_D38_07,38,7,emergence,출현,"appearance, advent, rise",n.,Trends & Impact,추세와 영향,45,Advanced,2,,,,,,,,,,,,,,,,29,44,TOEFL_30x56_FINAL,,PENDING,,,,,,,,,,,,,,,,,,,,,,,,,,,,VOCAB,,,,,,,,,,,,,,,,,,,,,
TOEFL,T_D38_08,38,8,emergency,"위기, 비상 사태","crisis, exigency",n.,Trends & Impact,추세와 영향,45,Advanced,2,,,,,,,,,,,,,,,,24,52,TOEFL_30x56_FINAL,,PENDING,,,,,,,,,,,,,,,,,,,,,,,,,,,,VOCAB,,,,,,,,,,,,,,,,,,,,,
TOEFL,T_D38_09,38,9,expansion,"팽창, 확장","spread, growth",n.,Trends & Impact,추세와 영향,45,Advanced,2,,,,,,,,,,,,,,,,19,32,TOEFL_30x56_FINAL,,PENDING,,,,,,,,,,,,,,,,,,,,,,,,,,,,VOCAB,,,,,,,,,,,,,,,,,,,,,
TOEFL,T_D38_10,38,10,friction,"마찰, 불화","conflict, clash, discord, strife",n.,Trends & Impact,추세와 영향,45,Advanced,2,,,,,,,,,,,,,,,,8,18,TOEFL_30x56_FINAL,,PENDING,,,,,,,,,,,,,,,,,,,,,,,,,,,,VOCAB,,,,,,,,,,,,,,,,,,,,,
TOEFL,T_D38_11,38,11,dissent,이의를 제기하다,"oppose, object, express disagreement",v.,Academic Speaking Bridge I,학술어를 말하기로 전환,54,Core,3,,,,,,,,,,,,,,,,29,39,TOEFL_30x56_FINAL,,PENDING,,,,,,,,,,,,,,,,,,,,,,,,,,,,VOCAB,,,,,,,,,,,,,,,,,,,,,
TOEFL,T_D38_12,38,12,distant,먼,"faraway, remote",adj.,Academic Speaking Bridge I,학술어를 말하기로 전환,54,Core,3,,,,,,,,,,,,,,,,29,46,TOEFL_30x56_FINAL,,PENDING,,,,,,,,,,,,,,,,,,,,,,,,,,,,VOCAB,,,,,,,,,,,,,,,,,,,,,
TOEFL,T_D38_13,38,13,distort,왜곡하다,"misrepresent, twist, falsify",v.,Academic Speaking Bridge I,학술어를 말하기로 전환,54,Core,3,,,,,,,,,,,,,,,,30,36,TOEFL_30x56_FINAL,,PENDING,,,,,,,,,,,,,,,,,,,,,,,,,,,,VOCAB,,,,,,,,,,,,,,,,,,,,,
TOEFL,T_D38_14,38,14,diverge,갈라지다,"separate, move apart, part, branch",v.,Academic Speaking Bridge I,학술어를 말하기로 전환,54,Core,3,,,,,,,,,,,,,,,,30,9,TOEFL_30x56_FINAL,,PENDING,,,,,,,,,,,,,,,,,,,,,,,,,,,,VOCAB,,,,,,,,,,,,,,,,,,,,,
TOEFL,T_D38_15,38,15,diverse,다양한,"varied, various, manifold, dissimilar",adj.,Academic Speaking Bridge I,학술어를 말하기로 전환,54,Core,3,,,,,,,,,,,,,,,,5,33,TOEFL_30x56_FINAL,,PENDING,,,,,,,,,,,,,,,,,,,,,,,,,,,,VOCAB,,,,,,,,,,,,,,,,,,,,,
TOEFL,T_D38_16,38,16,domestic,가정의,"household, home, family",adj.,Academic Speaking Bridge I,학술어를 말하기로 전환,54,Core,3,,,,,,,,,,,,,,,,11,44,TOEFL_30x56_FINAL,,PENDING,,,,,,,,,,,,,,,,,,,,,,,,,,,,VOCAB,,,,,,,,,,,,,,,,,,,,,
TOEFL,T_D38_17,38,17,dormant,"휴면 중인, 활동하지 않는","inactive, torpid",adj.,Academic Speaking Bridge I,학술어를 말하기로 전환,54,Core,3,,,,,,,,,,,,,,,,17,46,TOEFL_30x56_FINAL,,PENDING,,,,,,,,,,,,,,,,,,,,,,,,,,,,VOCAB,,,,,,,,,,,,,,,,,,,,,
TOEFL,T_D38_18,38,18,dramatic,"극적인, 인상적인","striking, significant, impressive",adj.,Academic Speaking Bridge I,학술어를 말하기로 전환,54,Core,3,,,,,,,,,,,,,,,,6,8,TOEFL_30x56_FINAL,,PENDING,,,,,,,,,,,,,,,,,,,,,,,,,,,,VOCAB,,,,,,,,,,,,,,,,,,,,,
TOEFL,T_D38_19,38,19,dubious,의심스러운,"suspected, suspicious, distrustful, questionable",adj.,Academic Speaking Bridge I,학술어를 말하기로 전환,54,Core,3,,,,,,,,,,,,,,,,30,43,TOEFL_30x56_FINAL,,PENDING,,,,,,,,,,,,,,,,,,,,,,,,,,,,VOCAB,,,,,,,,,,,,,,,,,,,,,
TOEFL,T_D38_20,38,20,durable,오래가는,"long-lasting, lasting, enduring",adj.,Academic Speaking Bridge I,학술어를 말하기로 전환,54,Core,3,,,,,,,,,,,,,,,,23,14,TOEFL_30x56_FINAL,,PENDING,,,,,,,,,,,,,,,,,,,,,,,,,,,,VOCAB,,,,,,,,,,,,,,,,,,,,,
TOEFL,T_D38_21,38,21,dwindle,줄어들다,"decrease, diminish, lessen",v.,Academic Speaking Bridge I,학술어를 말하기로 전환,54,Core,3,,,,,,,,,,,,,,,,26,47,TOEFL_30x56_FINAL,,PENDING,,,,,,,,,,,,,,,,,,,,,,,,,,,,VOCAB,,,,,,,,,,,,,,,,,,,,,
TOEFL,T_D38_22,38,22,eclectic,"절충적인, 다양한","diverse, various, manifold",adj.,Academic Speaking Bridge I,학술어를 말하기로 전환,54,Core,3,,,,,,,,,,,,,,,,8,5,TOEFL_30x56_FINAL,,PENDING,,,,,,,,,,,,,,,,,,,,,,,,,,,,VOCAB,,,,,,,,,,,,,,,,,,,,,
TOEFL,T_D38_23,38,23,elegant,"품위 있는, 세련된","sophisticated, graceful, refined",adj.,Academic Speaking Bridge I,학술어를 말하기로 전환,54,Core,3,,,,,,,,,,,,,,,,29,40,TOEFL_30x56_FINAL,,PENDING,,,,,,,,,,,,,,,,,,,,,,,,,,,,VOCAB,,,,,,,,,,,,,,,,,,,,,
TOEFL,T_D38_24,38,24,elevate,들어 올리다,"raise, lift, heave, hoist",v.,Academic Speaking Bridge I,학술어를 말하기로 전환,54,Core,3,,,,,,,,,,,,,,,,19,25,TOEFL_30x56_FINAL,,PENDING,,,,,,,,,,,,,,,,,,,,,,,,,,,,VOCAB,,,,,,,,,,,,,,,,,,,,,
TOEFL,T_D38_25,38,25,elongate,늘이다,"stretch, lengthen, extend, prolong",v.,Academic Speaking Bridge I,학술어를 말하기로 전환,54,Core,3,,,,,,,,,,,,,,,,29,5,TOEFL_30x56_FINAL,,PENDING,,,,,,,,,,,,,,,,,,,,,,,,,,,,VOCAB,,,,,,,,,,,,,,,,,,,,,
TOEFL,T_D38_26,38,26,emanate,"흘러나오다, 나오다","emerge, spring, originate",v.,Academic Speaking Bridge I,학술어를 말하기로 전환,54,Core,3,,,,,,,,,,,,,,,,2,29,TOEFL_30x56_FINAL,,PENDING,,,,,,,,,,,,,,,,,,,,,,,,,,,,VOCAB,,,,,,,,,,,,,,,,,,,,,
TOEFL,T_D38_27,38,27,embrace,받아들이다,"accept, take up, receive, adopt",v.,Academic Speaking Bridge I,학술어를 말하기로 전환,54,Core,3,,,,,,,,,,,,,,,,30,52,TOEFL_30x56_FINAL,,PENDING,,,,,,,,,,,,,,,,,,,,,,,,,,,,VOCAB,,,,,,,,,,,,,,,,,,,,,
TOEFL,T_D38_28,38,28,eminent,뛰어난,"distinguished, outstanding, prominent",adj.,Academic Speaking Bridge I,학술어를 말하기로 전환,54,Core,3,,,,,,,,,,,,,,,,30,45,TOEFL_30x56_FINAL,,PENDING,,,,,,,,,,,,,,,,,,,,,,,,,,,,VOCAB,,,,,,,,,,,,,,,,,,,,,
TOEFL,T_D38_29,38,29,encroach,침범하다,"trespass, invade, intrude",v.,Academic Speaking Bridge I,학술어를 말하기로 전환,54,Core,3,,,,,,,,,,,,,,,,19,23,TOEFL_30x56_FINAL,,PENDING,,,,,,,,,,,,,,,,,,,,,,,,,,,,VOCAB,,,,,,,,,,,,,,,,,,,,,
TOEFL,T_D38_30,38,30,endeavor,"노력하다, 시도하다","make an effort, strive, struggle, attempt",v.,Academic Speaking Bridge I,학술어를 말하기로 전환,54,Core,3,,,,,,,,,,,,,,,,22,48,TOEFL_30x56_FINAL,,PENDING,,,,,,,,,,,,,,,,,,,,,,,,,,,,VOCAB,,,,,,,,,,,,,,,,,,,,,
TOEFL,T_D39_01,39,1,enduring,"지속되는, 영속적인","lasting, surviving, everlasting, perpetual",adj.,Academic Speaking Bridge I,학술어를 말하기로 전환,54,Core,3,,,,,,,,,,,,,,,,27,10,TOEFL_30x56_FINAL,,PENDING,,,,,,,,,,,,,,,,,,,,,,,,,,,,VOCAB,,,,,,,,,,,,,,,,,,,,,
TOEFL,T_D39_02,39,2,engender,야기하다,"cause, bring about, generate",v.,Academic Speaking Bridge I,학술어를 말하기로 전환,54,Core,3,,,,,,,,,,,,,,,,19,43,TOEFL_30x56_FINAL,,PENDING,,,,,,,,,,,,,,,,,,,,,,,,,,,,VOCAB,,,,,,,,,,,,,,,,,,,,,
TOEFL,T_D39_03,39,3,engrave,새기다,"carve, incise, etch",v.,Academic Speaking Bridge I,학술어를 말하기로 전환,54,Core,3,,,,,,,,,,,,,,,,2,18,TOEFL_30x56_FINAL,,PENDING,,,,,,,,,,,,,,,,,,,,,,,,,,,,VOCAB,,,,,,,,,,,,,,,,,,,,,
TOEFL,T_D39_04,39,4,beneficial,유익한,"useful, helpful, advantageous, profitable",adj.,Academic Speaking Bridge I,학술어를 말하기로 전환,49,Bridge,2,,,,,,,,,,,,,,,,27,30,TOEFL_30x56_FINAL,,PENDING,,,,,,,,,,,,,,,,,,,,,,,,,,,,VOCAB,,,,,,,,,,,,,,,,,,,,,
TOEFL,T_D39_05,39,5,burgeoning,급증하는,"rapidly expanding, growing, escalating",adj.,Academic Speaking Bridge I,학술어를 말하기로 전환,49,Bridge,2,,,,,,,,,,,,,,,,12,25,TOEFL_30x56_FINAL,,PENDING,,,,,,,,,,,,,,,,,,,,,,,,,,,,VOCAB,,,,,,,,,,,,,,,,,,,,,
TOEFL,T_D39_06,39,6,camouflage,"위장하다, 감추다","hide, disguise, conceal",v.,Academic Speaking Bridge I,학술어를 말하기로 전환,49,Bridge,2,,,,,,,,,,,,,,,,23,27,TOEFL_30x56_FINAL,,PENDING,,,,,,,,,,,,,,,,,,,,,,,,,,,,VOCAB,,,,,,,,,,,,,,,,,,,,,
TOEFL,T_D39_07,39,7,celebrated,유명한,"famous, renowned, well-known",adj.,Academic Speaking Bridge I,학술어를 말하기로 전환,49,Bridge,2,,,,,,,,,,,,,,,,11,6,TOEFL_30x56_FINAL,,PENDING,,,,,,,,,,,,,,,,,,,,,,,,,,,,VOCAB,,,,,,,,,,,,,,,,,,,,,
TOEFL,T_D39_08,39,8,circuitous,우회하는,"indirect, roundabout",adj.,Academic Speaking Bridge I,학술어를 말하기로 전환,49,Bridge,2,,,,,,,,,,,,,,,,13,43,TOEFL_30x56_FINAL,,PENDING,,,,,,,,,,,,,,,,,,,,,,,,,,,,VOCAB,,,,,,,,,,,,,,,,,,,,,
TOEFL,T_D39_09,39,9,circumvent,우회하다,"get around, bypass, detour",v.,Academic Speaking Bridge I,학술어를 말하기로 전환,49,Bridge,2,,,,,,,,,,,,,,,,22,49,TOEFL_30x56_FINAL,,PENDING,,,,,,,,,,,,,,,,,,,,,,,,,,,,VOCAB,,,,,,,,,,,,,,,,,,,,,
TOEFL,T_D39_10,39,10,commission,의뢰하다,"order, hire",v.,Academic Speaking Bridge I,학술어를 말하기로 전환,49,Bridge,2,,,,,,,,,,,,,,,,3,18,TOEFL_30x56_FINAL,,PENDING,,,,,,,,,,,,,,,,,,,,,,,,,,,,VOCAB,,,,,,,,,,,,,,,,,,,,,
TOEFL,T_D39_11,39,11,comparable,"비슷한, 동등한","analogous, similar, equivalent, alike",adj.,Academic Speaking Bridge I,학술어를 말하기로 전환,49,Bridge,2,,,,,,,,,,,,,,,,24,7,TOEFL_30x56_FINAL,,PENDING,,,,,,,,,,,,,,,,,,,,,,,,,,,,VOCAB,,,,,,,,,,,,,,,,,,,,,
TOEFL,T_D39_12,39,12,compelling,설득력 있는,"convincing, persuasive, cogent",adj.,Academic Speaking Bridge I,학술어를 말하기로 전환,49,Bridge,2,,,,,,,,,,,,,,,,5,1,TOEFL_30x56_FINAL,,PENDING,,,,,,,,,,,,,,,,,,,,,,,,,,,,VOCAB,,,,,,,,,,,,,,,,,,,,,
TOEFL,T_D39_13,39,13,compulsory,"의무적인, 강제적인","obligatory, forced, required, necessary",adj.,Academic Speaking Bridge I,학술어를 말하기로 전환,49,Bridge,2,,,,,,,,,,,,,,,,3,25,TOEFL_30x56_FINAL,,PENDING,,,,,,,,,,,,,,,,,,,,,,,,,,,,VOCAB,,,,,,,,,,,,,,,,,,,,,
TOEFL,T_D39_14,39,14,consequently,"그 결과, 따라서","as a result, therefore, hence, thus",adv.,Academic Speaking Bridge I,학술어를 말하기로 전환,49,Bridge,2,,,,,,,,,,,,,,,,22,12,TOEFL_30x56_FINAL,,PENDING,,,,,,,,,,,,,,,,,,,,,,,,,,,,VOCAB,,,,,,,,,,,,,,,,,,,,,
TOEFL,T_D39_15,39,15,constantly,끊임없이,"continually, continuously, perpetually, always",adv.,Academic Speaking Bridge I,학술어를 말하기로 전환,49,Bridge,2,,,,,,,,,,,,,,,,22,38,TOEFL_30x56_FINAL,,PENDING,,,,,,,,,,,,,,,,,,,,,,,,,,,,VOCAB,,,,,,,,,,,,,,,,,,,,,
TOEFL,T_D39_16,39,16,constitute,구성하다,"make up, comprise, compose",v.,Academic Speaking Bridge I,학술어를 말하기로 전환,49,Bridge,2,,,,,,,,,,,,,,,,12,47,TOEFL_30x56_FINAL,,PENDING,,,,,,,,,,,,,,,,,,,,,,,,,,,,VOCAB,,,,,,,,,,,,,,,,,,,,,
TOEFL,T_D39_17,39,17,contiguous,인접한,"neighboring, adjacent, adjoining",adj.,Academic Speaking Bridge I,학술어를 말하기로 전환,49,Bridge,2,,,,,,,,,,,,,,,,20,12,TOEFL_30x56_FINAL,,PENDING,,,,,,,,,,,,,,,,,,,,,,,,,,,,VOCAB,,,,,,,,,,,,,,,,,,,,,
TOEFL,T_D39_18,39,18,continuous,계속되는,"uninterrupted, ongoing, unceasing, consecutive",adj.,Academic Speaking Bridge I,학술어를 말하기로 전환,49,Bridge,2,,,,,,,,,,,,,,,,13,47,TOEFL_30x56_FINAL,,PENDING,,,,,,,,,,,,,,,,,,,,,,,,,,,,VOCAB,,,,,,,,,,,,,,,,,,,,,
TOEFL,T_D39_19,39,19,conversely,반대로,"on the other hand, contrarily",adv.,Academic Speaking Bridge I,학술어를 말하기로 전환,49,Bridge,3,,,,,,,,,,,,,,,,1,9,TOEFL_30x56_FINAL,,PENDING,,,,,,,,,,,,,,,,,,,,,,,,,,,,VOCAB,,,,,,,,,,,,,,,,,,,,,
TOEFL,T_D39_20,39,20,convincing,설득력 있는,"persuasive, compelling, credible, cogent",adj.,Academic Speaking Bridge I,학술어를 말하기로 전환,49,Bridge,2,,,,,,,,,,,,,,,,26,50,TOEFL_30x56_FINAL,,PENDING,,,,,,,,,,,,,,,,,,,,,,,,,,,,VOCAB,,,,,,,,,,,,,,,,,,,,,
TOEFL,T_D39_21,39,21,cumbersome,다루기 힘든,"difficult to handle, burdensome, awkward",adj.,Academic Speaking Bridge I,학술어를 말하기로 전환,49,Bridge,2,,,,,,,,,,,,,,,,10,17,TOEFL_30x56_FINAL,,PENDING,,,,,,,,,,,,,,,,,,,,,,,,,,,,VOCAB,,,,,,,,,,,,,,,,,,,,,
TOEFL,T_D39_22,39,22,incentive,"동기, 자극","motivation, motive, encouragement, inducement",n.,Academic Speaking Bridge I,학술어를 말하기로 전환,45,Advanced,2,,,,,,,,,,,,,,,,13,3,TOEFL_30x56_FINAL,,PENDING,,,,,,,,,,,,,,,,,,,,,,,,,,,,VOCAB,,,,,,,,,,,,,,,,,,,,,
TOEFL,T_D39_23,39,23,ingenuity,"창의력, 기발함","creativeness, inventiveness, cleverness",n.,Academic Speaking Bridge I,학술어를 말하기로 전환,45,Advanced,2,,,,,,,,,,,,,,,,21,6,TOEFL_30x56_FINAL,,PENDING,,,,,,,,,,,,,,,,,,,,,,,,,,,,VOCAB,,,,,,,,,,,,,,,,,,,,,
TOEFL,T_D39_24,39,24,intensity,"강도, 세기",strength,n.,Academic Speaking Bridge I,학술어를 말하기로 전환,45,Advanced,2,,,,,,,,,,,,,,,,22,46,TOEFL_30x56_FINAL,,PENDING,,,,,,,,,,,,,,,,,,,,,,,,,,,,VOCAB,,,,,,,,,,,,,,,,,,,,,
TOEFL,T_D39_25,39,25,interplay,상호 작용,"interaction, reciprocity",n.,Academic Speaking Bridge I,학술어를 말하기로 전환,45,Advanced,2,,,,,,,,,,,,,,,,7,28,TOEFL_30x56_FINAL,,PENDING,,,,,,,,,,,,,,,,,,,,,,,,,,,,VOCAB,,,,,,,,,,,,,,,,,,,,,
TOEFL,T_D39_26,39,26,landscape,풍경,"scenery, scene, view",n.,Academic Speaking Bridge I,학술어를 말하기로 전환,45,Advanced,2,,,,,,,,,,,,,,,,2,47,TOEFL_30x56_FINAL,,PENDING,,,,,,,,,,,,,,,,,,,,,,,,,,,,VOCAB,,,,,,,,,,,,,,,,,,,,,
TOEFL,T_D39_27,39,27,location,"장소, 지역","region, site, position, place",n.,Academic Speaking Bridge I,학술어를 말하기로 전환,45,Advanced,2,,,,,,,,,,,,,,,,22,57,TOEFL_30x56_FINAL,,PENDING,,,,,,,,,,,,,,,,,,,,,,,,,,,,VOCAB,,,,,,,,,,,,,,,,,,,,,
TOEFL,T_D39_28,39,28,magnitude,"규모, 정도","extent, size, degree, measure, amount",n.,Academic Speaking Bridge I,학술어를 말하기로 전환,45,Advanced,2,,,,,,,,,,,,,,,,11,11,TOEFL_30x56_FINAL,,PENDING,,,,,,,,,,,,,,,,,,,,,,,,,,,,VOCAB,,,,,,,,,,,,,,,,,,,,,
TOEFL,T_D39_29,39,29,mechanics,"방식, 절차",procedure,n.,Academic Speaking Bridge I,학술어를 말하기로 전환,45,Advanced,2,,,,,,,,,,,,,,,,2,27,TOEFL_30x56_FINAL,,PENDING,,,,,,,,,,,,,,,,,,,,,,,,,,,,VOCAB,,,,,,,,,,,,,,,,,,,,,
TOEFL,T_D39_30,39,30,milestone,획기적인 사건,"significant event, important event",n.,Academic Speaking Bridge I,학술어를 말하기로 전환,45,Advanced,2,,,,,,,,,,,,,,,,24,42,TOEFL_30x56_FINAL,,PENDING,,,,,,,,,,,,,,,,,,,,,,,,,,,,VOCAB,,,,,,,,,,,,,,,,,,,,,
TOEFL,T_D40_01,40,1,mortality,사망,death,n.,Academic Speaking Bridge I,학술어를 말하기로 전환,45,Advanced,2,,,,,,,,,,,,,,,,7,40,TOEFL_30x56_FINAL,,PENDING,,,,,,,,,,,,,,,,,,,,,,,,,,,,VOCAB,,,,,,,,,,,,,,,,,,,,,
TOEFL,T_D40_02,40,2,perspective,관점,"point of view, viewpoint, orientation",n.,Academic Speaking Bridge I,학술어를 말하기로 전환,45,Advanced,2,,,,,,,,,,,,,,,,13,13,TOEFL_30x56_FINAL,,PENDING,,,,,,,,,,,,,,,,,,,,,,,,,,,,VOCAB,,,,,,,,,,,,,,,,,,,,,
TOEFL,T_D40_03,40,3,portion,부분,"part, segment, fragment",n.,Academic Speaking Bridge I,학술어를 말하기로 전환,45,Advanced,2,,,,,,,,,,,,,,,,6,47,TOEFL_30x56_FINAL,,PENDING,,,,,,,,,,,,,,,,,,,,,,,,,,,,VOCAB,,,,,,,,,,,,,,,,,,,,,
TOEFL,T_D40_04,40,4,posterity,후대,"future generations, next generations",n.,Academic Speaking Bridge I,학술어를 말하기로 전환,45,Advanced,2,,,,,,,,,,,,,,,,12,37,TOEFL_30x56_FINAL,,PENDING,,,,,,,,,,,,,,,,,,,,,,,,,,,,VOCAB,,,,,,,,,,,,,,,,,,,,,
TOEFL,T_D40_05,40,5,postulate,"가정하다, 가설을 세우다","hypothesize, suppose; claim, propose",v.,Academic Speaking Bridge I,학술어를 말하기로 전환,45,Advanced,1,,,,,,,,,,,,,,,,1,14,TOEFL_30x56_FINAL,,PENDING,,,,,,,,,,,,,,,,,,,,,,,,,,,,VOCAB,,,,,,,,,,,,,,,,,,,,,
TOEFL,T_D40_06,40,6,precision,정확성,accuracy,n.,Academic Speaking Bridge I,학술어를 말하기로 전환,45,Advanced,2,,,,,,,,,,,,,,,,30,58,TOEFL_30x56_FINAL,,PENDING,,,,,,,,,,,,,,,,,,,,,,,,,,,,VOCAB,,,,,,,,,,,,,,,,,,,,,
TOEFL,T_D40_07,40,7,enhance,향상시키다,"improve, enrich, intensify",v.,Academic Speaking Bridge II,근거와 주장 확장,54,Core,3,,,,,,,,,,,,,,,,13,14,TOEFL_30x56_FINAL,,PENDING,,,,,,,,,,,,,,,,,,,,,,,,,,,,VOCAB,,,,,,,,,,,,,,,,,,,,,
TOEFL,T_D40_08,40,8,enormous,거대한,"huge, very large, great, immense, vast, tremendous",adj.,Academic Speaking Bridge II,근거와 주장 확장,54,Core,3,,,,,,,,,,,,,,,,4,6,TOEFL_30x56_FINAL,,PENDING,,,,,,,,,,,,,,,,,,,,,,,,,,,,VOCAB,,,,,,,,,,,,,,,,,,,,,
TOEFL,T_D40_09,40,9,ensuing,뒤이은,"subsequent, following, succeeding",adj.,Academic Speaking Bridge II,근거와 주장 확장,54,Core,3,,,,,,,,,,,,,,,,4,23,TOEFL_30x56_FINAL,,PENDING,,,,,,,,,,,,,,,,,,,,,,,,,,,,VOCAB,,,,,,,,,,,,,,,,,,,,,
TOEFL,T_D40_10,40,10,entirely,완전히,"completely, wholly, totally, thoroughly",adv.,Academic Speaking Bridge II,근거와 주장 확장,54,Core,3,,,,,,,,,,,,,,,,30,14,TOEFL_30x56_FINAL,,PENDING,,,,,,,,,,,,,,,,,,,,,,,,,,,,VOCAB,,,,,,,,,,,,,,,,,,,,,
TOEFL,T_D40_11,40,11,envision,"마음속에 그리다, 상상하다","imagine, conceive, visualize",v.,Academic Speaking Bridge II,근거와 주장 확장,54,Core,3,,,,,,,,,,,,,,,,12,20,TOEFL_30x56_FINAL,,PENDING,,,,,,,,,,,,,,,,,,,,,,,,,,,,VOCAB,,,,,,,,,,,,,,,,,,,,,
TOEFL,T_D40_12,40,12,erratic,불규칙한,"irregular, unpredictable, uneven",adj.,Academic Speaking Bridge II,근거와 주장 확장,54,Core,3,,,,,,,,,,,,,,,,23,4,TOEFL_30x56_FINAL,,PENDING,,,,,,,,,,,,,,,,,,,,,,,,,,,,VOCAB,,,,,,,,,,,,,,,,,,,,,
TOEFL,T_D40_13,40,13,escalate,"확대되다, 증대하다","intensify, increase, mount, rise",v.,Academic Speaking Bridge II,근거와 주장 확장,54,Core,3,,,,,,,,,,,,,,,,10,31,TOEFL_30x56_FINAL,,PENDING,,,,,,,,,,,,,,,,,,,,,,,,,,,,VOCAB,,,,,,,,,,,,,,,,,,,,,
TOEFL,T_D40_14,40,14,estimate,"평가하다, 추산하다","assess, evaluate, judge, calculate",v.,Academic Speaking Bridge II,근거와 주장 확장,54,Core,3,,,,,,,,,,,,,,,,28,27,TOEFL_30x56_FINAL,,PENDING,,,,,,,,,,,,,,,,,,,,,,,,,,,,VOCAB,,,,,,,,,,,,,,,,,,,,,
TOEFL,T_D40_15,40,15,evacuate,"대피하다, 비우다",move out,v.,Academic Speaking Bridge II,근거와 주장 확장,54,Core,3,,,,,,,,,,,,,,,,20,24,TOEFL_30x56_FINAL,,PENDING,,,,,,,,,,,,,,,,,,,,,,,,,,,,VOCAB,,,,,,,,,,,,,,,,,,,,,
TOEFL,T_D40_16,40,16,eventual,최종적인,"ultimate, final",adj.,Academic Speaking Bridge II,근거와 주장 확장,54,Core,3,,,,,,,,,,,,,,,,23,5,TOEFL_30x56_FINAL,,PENDING,,,,,,,,,,,,,,,,,,,,,,,,,,,,VOCAB,,,,,,,,,,,,,,,,,,,,,
TOEFL,T_D40_17,40,17,evident,분명한,"clear, apparent, obvious, manifest",adj.,Academic Speaking Bridge II,근거와 주장 확장,54,Core,3,,,,,,,,,,,,,,,,13,16,TOEFL_30x56_FINAL,,PENDING,,,,,,,,,,,,,,,,,,,,,,,,,,,,VOCAB,,,,,,,,,,,,,,,,,,,,,
TOEFL,T_D40_18,40,18,excavate,"파내다, 발굴하다","dig out, dig up, unearth, disinter",v.,Academic Speaking Bridge II,근거와 주장 확장,54,Core,3,,,,,,,,,,,,,,,,23,29,TOEFL_30x56_FINAL,,PENDING,,,,,,,,,,,,,,,,,,,,,,,,,,,,VOCAB,,,,,,,,,,,,,,,,,,,,,
TOEFL,T_D40_19,40,19,excrete,"배설하다, 방출하다","expel, discharge, eject",v.,Academic Speaking Bridge II,근거와 주장 확장,54,Core,3,,,,,,,,,,,,,,,,20,25,TOEFL_30x56_FINAL,,PENDING,,,,,,,,,,,,,,,,,,,,,,,,,,,,VOCAB,,,,,,,,,,,,,,,,,,,,,
TOEFL,T_D40_20,40,20,exhibit,"보이다, 나타내다","show, display, present, demonstrate, set forth",v.,Academic Speaking Bridge II,근거와 주장 확장,54,Core,3,,,,,,,,,,,,,,,,20,4,TOEFL_30x56_FINAL,,PENDING,,,,,,,,,,,,,,,,,,,,,,,,,,,,VOCAB,,,,,,,,,,,,,,,,,,,,,
TOEFL,T_D40_21,40,21,expedite,신속히 진행하다,"accelerate, speed up, urge, rush",v.,Academic Speaking Bridge II,근거와 주장 확장,54,Core,3,,,,,,,,,,,,,,,,12,51,TOEFL_30x56_FINAL,,PENDING,,,,,,,,,,,,,,,,,,,,,,,,,,,,VOCAB,,,,,,,,,,,,,,,,,,,,,
TOEFL,T_D40_22,40,22,explicit,분명한,"clear, specific, obvious, unambiguous, definite",adj.,Academic Speaking Bridge II,근거와 주장 확장,54,Core,3,,,,,,,,,,,,,,,,16,2,TOEFL_30x56_FINAL,,PENDING,,,,,,,,,,,,,,,,,,,,,,,,,,,,VOCAB,,,,,,,,,,,,,,,,,,,,,
TOEFL,T_D40_23,40,23,exploit,"이용하다, 활용하다","utilize, use, make use of, take advantage of",v.,Academic Speaking Bridge II,근거와 주장 확장,54,Core,4,,,,,,,,,,,,,,,,1,1,TOEFL_30x56_FINAL,,PENDING,,,,,,,,,,,,,,,,,,,,,,,,,,,,VOCAB,,,,,,,,,,,,,,,,,,,,,
TOEFL,T_D40_24,40,24,exposed,"드러난, 노출된","visible, revealed, uncovered",adj.,Academic Speaking Bridge II,근거와 주장 확장,54,Core,3,,,,,,,,,,,,,,,,4,49,TOEFL_30x56_FINAL,,PENDING,,,,,,,,,,,,,,,,,,,,,,,,,,,,VOCAB,,,,,,,,,,,,,,,,,,,,,
TOEFL,T_D40_25,40,25,extended,장기간에 걸친,"long-lasting, prolonged",adj.,Academic Speaking Bridge II,근거와 주장 확장,54,Core,3,,,,,,,,,,,,,,,,7,15,TOEFL_30x56_FINAL,,PENDING,,,,,,,,,,,,,,,,,,,,,,,,,,,,VOCAB,,,,,,,,,,,,,,,,,,,,,
TOEFL,T_D40_26,40,26,extinct,멸종된,"having died out, defunct",adj.,Academic Speaking Bridge II,근거와 주장 확장,54,Core,3,,,,,,,,,,,,,,,,8,57,TOEFL_30x56_FINAL,,PENDING,,,,,,,,,,,,,,,,,,,,,,,,,,,,VOCAB,,,,,,,,,,,,,,,,,,,,,
TOEFL,T_D40_27,40,27,extract,"끌어내다, 뽑아내다","draw, derive, remove",v.,Academic Speaking Bridge II,근거와 주장 확장,54,Core,3,,,,,,,,,,,,,,,,8,10,TOEFL_30x56_FINAL,,PENDING,,,,,,,,,,,,,,,,,,,,,,,,,,,,VOCAB,,,,,,,,,,,,,,,,,,,,,
TOEFL,T_D40_28,40,28,extreme,"극심한, 지나친","intense, severe, excessive",adj.,Academic Speaking Bridge II,근거와 주장 확장,54,Core,3,,,,,,,,,,,,,,,,8,35,TOEFL_30x56_FINAL,,PENDING,,,,,,,,,,,,,,,,,,,,,,,,,,,,VOCAB,,,,,,,,,,,,,,,,,,,,,
TOEFL,T_D40_29,40,29,dependable,신뢰할 수 있는,"reliable, trustworthy",adj.,Academic Speaking Bridge II,근거와 주장 확장,49,Bridge,2,,,,,,,,,,,,,,,,4,22,TOEFL_30x56_FINAL,,PENDING,,,,,,,,,,,,,,,,,,,,,,,,,,,,VOCAB,,,,,,,,,,,,,,,,,,,,,
TOEFL,T_D40_30,40,30,despondent,낙담한,"unhappy, discouraged, depressed",adj.,Academic Speaking Bridge II,근거와 주장 확장,49,Bridge,2,,,,,,,,,,,,,,,,29,34,TOEFL_30x56_FINAL,,PENDING,,,,,,,,,,,,,,,,,,,,,,,,,,,,VOCAB,,,,,,,,,,,,,,,,,,,,,
TOEFL,T_D41_01,41,1,diligently,"열심히, 성실히","earnestly, assiduously, carefully, industriously",adv.,Academic Speaking Bridge II,근거와 주장 확장,49,Bridge,2,,,,,,,,,,,,,,,,26,34,TOEFL_30x56_FINAL,,PENDING,,,,,,,,,,,,,,,,,,,,,,,,,,,,VOCAB,,,,,,,,,,,,,,,,,,,,,
TOEFL,T_D41_02,41,2,disputable,논란의 여지가 있는,"challengeable, debatable, arguable",adj.,Academic Speaking Bridge II,근거와 주장 확장,49,Bridge,2,,,,,,,,,,,,,,,,15,24,TOEFL_30x56_FINAL,,PENDING,,,,,,,,,,,,,,,,,,,,,,,,,,,,VOCAB,,,,,,,,,,,,,,,,,,,,,
TOEFL,T_D41_03,41,3,distribute,분배하다,"parcel out, spread, allot, apportion",v.,Academic Speaking Bridge II,근거와 주장 확장,49,Bridge,2,,,,,,,,,,,,,,,,27,31,TOEFL_30x56_FINAL,,PENDING,,,,,,,,,,,,,,,,,,,,,,,,,,,,VOCAB,,,,,,,,,,,,,,,,,,,,,
TOEFL,T_D41_04,41,4,equivalent,"동등한, 상응하는","equal, comparable, even, commensurate",adj.,Academic Speaking Bridge II,근거와 주장 확장,49,Bridge,2,,,,,,,,,,,,,,,,25,37,TOEFL_30x56_FINAL,,PENDING,,,,,,,,,,,,,,,,,,,,,,,,,,,,VOCAB,,,,,,,,,,,,,,,,,,,,,
TOEFL,T_D41_05,41,5,especially,특히,"particularly, notably, specially",adv.,Academic Speaking Bridge II,근거와 주장 확장,49,Bridge,2,,,,,,,,,,,,,,,,26,27,TOEFL_30x56_FINAL,,PENDING,,,,,,,,,,,,,,,,,,,,,,,,,,,,VOCAB,,,,,,,,,,,,,,,,,,,,,
TOEFL,T_D41_06,41,6,eventually,결국,"in the end, finally, ultimately, later, in due time",adv.,Academic Speaking Bridge II,근거와 주장 확장,49,Bridge,2,,,,,,,,,,,,,,,,12,10,TOEFL_30x56_FINAL,,PENDING,,,,,,,,,,,,,,,,,,,,,,,,,,,,VOCAB,,,,,,,,,,,,,,,,,,,,,
TOEFL,T_D41_07,41,7,expandable,"펼칠 수 있는, 확장할 수 있는","able to be enlarged, extendable",adj.,Academic Speaking Bridge II,근거와 주장 확장,49,Bridge,2,,,,,,,,,,,,,,,,10,45,TOEFL_30x56_FINAL,,PENDING,,,,,,,,,,,,,,,,,,,,,,,,,,,,VOCAB,,,,,,,,,,,,,,,,,,,,,
TOEFL,T_D41_08,41,8,facilitate,용이하게 하다,"ease, make easy, help, assist, aid",v.,Academic Speaking Bridge II,근거와 주장 확장,49,Bridge,2,,,,,,,,,,,,,,,,10,5,TOEFL_30x56_FINAL,,PENDING,,,,,,,,,,,,,,,,,,,,,,,,,,,,VOCAB,,,,,,,,,,,,,,,,,,,,,
TOEFL,T_D41_09,41,9,fastidious,까다로운,"demanding, choosy",adj.,Academic Speaking Bridge II,근거와 주장 확장,49,Bridge,2,,,,,,,,,,,,,,,,4,40,TOEFL_30x56_FINAL,,PENDING,,,,,,,,,,,,,,,,,,,,,,,,,,,,VOCAB,,,,,,,,,,,,,,,,,,,,,
TOEFL,T_D41_10,41,10,groundless,근거 없는,"unfounded, baseless",adj.,Academic Speaking Bridge II,근거와 주장 확장,49,Bridge,2,,,,,,,,,,,,,,,,11,54,TOEFL_30x56_FINAL,,PENDING,,,,,,,,,,,,,,,,,,,,,,,,,,,,VOCAB,,,,,,,,,,,,,,,,,,,,,
TOEFL,T_D41_11,41,11,habitat,"서식 환경, 거주지","environment; home, dwelling, living quarters",n.,Academic Speaking Bridge II,근거와 주장 확장,49,Bridge,2,,,,,,,,,,,,,,,,30,28,TOEFL_30x56_FINAL,,PENDING,,,,,,,,,,,,,,,,,,,,,,,,,,,,VOCAB,,,,,,,,,,,,,,,,,,,,,
TOEFL,T_D41_12,41,12,henceforth,지금부터,"from now on, hereafter",adv.,Academic Speaking Bridge II,근거와 주장 확장,49,Bridge,2,,,,,,,,,,,,,,,,17,37,TOEFL_30x56_FINAL,,PENDING,,,,,,,,,,,,,,,,,,,,,,,,,,,,VOCAB,,,,,,,,,,,,,,,,,,,,,
TOEFL,T_D41_13,41,13,heritage,유산,"inheritance, legacy; tradition",n.,Academic Speaking Bridge II,근거와 주장 확장,49,Bridge,2,,,,,,,,,,,,,,,,17,6,TOEFL_30x56_FINAL,,PENDING,,,,,,,,,,,,,,,,,,,,,,,,,,,,VOCAB,,,,,,,,,,,,,,,,,,,,,
TOEFL,T_D41_14,41,14,homogenize,동질화하다,"remove variation within, make uniform",v.,Academic Speaking Bridge II,근거와 주장 확장,49,Bridge,2,,,,,,,,,,,,,,,,27,51,TOEFL_30x56_FINAL,,PENDING,,,,,,,,,,,,,,,,,,,,,,,,,,,,VOCAB,,,,,,,,,,,,,,,,,,,,,
TOEFL,T_D41_15,41,15,impervious,투과할 수 없는,"impermeable, resistant, impenetrable",adj.,Academic Speaking Bridge II,근거와 주장 확장,49,Bridge,2,,,,,,,,,,,,,,,,16,35,TOEFL_30x56_FINAL,,PENDING,,,,,,,,,,,,,,,,,,,,,,,,,,,,VOCAB,,,,,,,,,,,,,,,,,,,,,
TOEFL,T_D41_16,41,16,improbable,있음직하지 않은,"unlikely, implausible, doubtful",adj.,Academic Speaking Bridge II,근거와 주장 확장,49,Bridge,2,,,,,,,,,,,,,,,,14,19,TOEFL_30x56_FINAL,,PENDING,,,,,,,,,,,,,,,,,,,,,,,,,,,,VOCAB,,,,,,,,,,,,,,,,,,,,,
TOEFL,T_D41_17,41,17,principle,원칙,"basic method, original method",n.,Academic Speaking Bridge II,근거와 주장 확장,45,Advanced,2,,,,,,,,,,,,,,,,21,32,TOEFL_30x56_FINAL,,PENDING,,,,,,,,,,,,,,,,,,,,,,,,,,,,VOCAB,,,,,,,,,,,,,,,,,,,,,
TOEFL,T_D41_18,41,18,proponent,지지자,"supporter, advocate, adherent, partisan",n.,Academic Speaking Bridge II,근거와 주장 확장,45,Advanced,2,,,,,,,,,,,,,,,,5,54,TOEFL_30x56_FINAL,,PENDING,,,,,,,,,,,,,,,,,,,,,,,,,,,,VOCAB,,,,,,,,,,,,,,,,,,,,,
TOEFL,T_D41_19,41,19,proximity,가까움,"closeness, nearness",n.,Academic Speaking Bridge II,근거와 주장 확장,45,Advanced,2,,,,,,,,,,,,,,,,4,21,TOEFL_30x56_FINAL,,PENDING,,,,,,,,,,,,,,,,,,,,,,,,,,,,VOCAB,,,,,,,,,,,,,,,,,,,,,
TOEFL,T_D41_20,41,20,rebellion,반란,"uprising, revolt",n.,Academic Speaking Bridge II,근거와 주장 확장,45,Advanced,2,,,,,,,,,,,,,,,,9,57,TOEFL_30x56_FINAL,,PENDING,,,,,,,,,,,,,,,,,,,,,,,,,,,,VOCAB,,,,,,,,,,,,,,,,,,,,,
TOEFL,T_D41_21,41,21,sediment,침전물,"remains, deposition",n.,Academic Speaking Bridge II,근거와 주장 확장,45,Advanced,2,,,,,,,,,,,,,,,,13,37,TOEFL_30x56_FINAL,,PENDING,,,,,,,,,,,,,,,,,,,,,,,,,,,,VOCAB,,,,,,,,,,,,,,,,,,,,,
TOEFL,T_D41_22,41,22,signature,"서명, 특징적인 표시",identifying mark,n.,Academic Speaking Bridge II,근거와 주장 확장,45,Advanced,2,,,,,,,,,,,,,,,,29,51,TOEFL_30x56_FINAL,,PENDING,,,,,,,,,,,,,,,,,,,,,,,,,,,,VOCAB,,,,,,,,,,,,,,,,,,,,,
TOEFL,T_D41_23,41,23,sovereign,군주,"master, monarch, ruler",n.,Academic Speaking Bridge II,근거와 주장 확장,45,Advanced,2,,,,,,,,,,,,,,,,12,8,TOEFL_30x56_FINAL,,PENDING,,,,,,,,,,,,,,,,,,,,,,,,,,,,VOCAB,,,,,,,,,,,,,,,,,,,,,
TOEFL,T_D41_24,41,24,supremacy,우위,"dominance, predominance, ascendancy",n.,Academic Speaking Bridge II,근거와 주장 확장,45,Advanced,2,,,,,,,,,,,,,,,,2,51,TOEFL_30x56_FINAL,,PENDING,,,,,,,,,,,,,,,,,,,,,,,,,,,,VOCAB,,,,,,,,,,,,,,,,,,,,,
TOEFL,T_D41_25,41,25,synthesis,통합,"combination, union, integration",n.,Academic Speaking Bridge II,근거와 주장 확장,45,Advanced,2,,,,,,,,,,,,,,,,22,23,TOEFL_30x56_FINAL,,PENDING,,,,,,,,,,,,,,,,,,,,,,,,,,,,VOCAB,,,,,,,,,,,,,,,,,,,,,
TOEFL,T_D41_26,41,26,threshold,"한계점, 기준점","limit, margin",n.,Academic Speaking Bridge II,근거와 주장 확장,45,Advanced,2,,,,,,,,,,,,,,,,17,8,TOEFL_30x56_FINAL,,PENDING,,,,,,,,,,,,,,,,,,,,,,,,,,,,VOCAB,,,,,,,,,,,,,,,,,,,,,
TOEFL,T_D41_27,41,27,trappings,"장식, 장신구","decoration, ornament, adornment",n.,Academic Speaking Bridge II,근거와 주장 확장,45,Advanced,2,,,,,,,,,,,,,,,,16,54,TOEFL_30x56_FINAL,,PENDING,,,,,,,,,,,,,,,,,,,,,,,,,,,,VOCAB,,,,,,,,,,,,,,,,,,,,,
TOEFL,T_D41_28,41,28,unsophisticated,"단순한, 복잡하지 않은; 세련되지 않은","simple, uncomplicated, not complex",adj.,Academic Speaking Bridge II,근거와 주장 확장,45,Advanced,2,,,,,,,,,,,,,,,,1,18,TOEFL_30x56_FINAL,,PENDING,,,,,,,,,,,,,,,,,,,,,,,,,,,,VOCAB,,,,,,,,,,,,,,,,,,,,,
TOEFL,T_D41_29,41,29,worshiper,예배자,people participating in a religious service,n.,Academic Speaking Bridge II,근거와 주장 확장,45,Advanced,2,,,,,,,,,,,,,,,,18,17,TOEFL_30x56_FINAL,,PENDING,,,,,,,,,,,,,,,,,,,,,,,,,,,,VOCAB,,,,,,,,,,,,,,,,,,,,,
TOEFL,T_D41_30,41,30,yardstick,"기준, 척도","measure, criterion, benchmark, standard",n.,Academic Speaking Bridge II,근거와 주장 확장,45,Advanced,2,,,,,,,,,,,,,,,,25,20,TOEFL_30x56_FINAL,,PENDING,,,,,,,,,,,,,,,,,,,,,,,,,,,,VOCAB,,,,,,,,,,,,,,,,,,,,,
TOEFL,T_D42_01,42,1,consequence,결과; 중요성,"result, effect, ramification, outcome; importance, significance",n.,Academic Speaking Bridge II,근거와 주장 확장,44,Advanced,2,,,,,,,,,,,,,,,,6,14,TOEFL_30x56_FINAL,,PENDING,,,,,,,,,,,,,,,,,,,,,,,,,,,,VOCAB,,,,,,,,,,,,,,,,,,,,,
TOEFL,T_D42_02,42,2,counterproductive,역효과를 내는,contrary to what is necessary,adj.,Academic Speaking Bridge II,근거와 주장 확장,44,Advanced,2,,,,,,,,,,,,,,,,22,50,TOEFL_30x56_FINAL,,PENDING,,,,,,,,,,,,,,,,,,,,,,,,,,,,VOCAB,,,,,,,,,,,,,,,,,,,,,
TOEFL,T_D42_03,42,3,faithful,"(사실 등에) 충실한, 정확한","accurate, exact, precise, veracious",adj.,Formal Discussion,격식 있는 토론,54,Core,3,,,,,,,,,,,,,,,,27,19,TOEFL_30x56_FINAL,,PENDING,,,,,,,,,,,,,,,,,,,,,,,,,,,,VOCAB,,,,,,,,,,,,,,,,,,,,,
TOEFL,T_D42_04,42,4,flourish,번영하다,"thrive, prosper, blossom, do well",v.,Formal Discussion,격식 있는 토론,54,Core,3,,,,,,,,,,,,,,,,21,1,TOEFL_30x56_FINAL,,PENDING,,,,,,,,,,,,,,,,,,,,,,,,,,,,VOCAB,,,,,,,,,,,,,,,,,,,,,
TOEFL,T_D42_05,42,5,foremost,으뜸가는,"most respected, most important, preeminent, supreme",adj.,Formal Discussion,격식 있는 토론,54,Core,3,,,,,,,,,,,,,,,,14,44,TOEFL_30x56_FINAL,,PENDING,,,,,,,,,,,,,,,,,,,,,,,,,,,,VOCAB,,,,,,,,,,,,,,,,,,,,,
TOEFL,T_D42_06,42,6,fortify,강화하다,"strengthen, reinforce",v.,Formal Discussion,격식 있는 토론,54,Core,3,,,,,,,,,,,,,,,,10,34,TOEFL_30x56_FINAL,,PENDING,,,,,,,,,,,,,,,,,,,,,,,,,,,,VOCAB,,,,,,,,,,,,,,,,,,,,,
TOEFL,T_D42_07,42,7,fragile,"깨지기 쉬운, 약한","easily broken, delicate, weak",adj.,Formal Discussion,격식 있는 토론,54,Core,3,,,,,,,,,,,,,,,,27,18,TOEFL_30x56_FINAL,,PENDING,,,,,,,,,,,,,,,,,,,,,,,,,,,,VOCAB,,,,,,,,,,,,,,,,,,,,,
TOEFL,T_D42_08,42,8,frankly,솔직히,"honestly, openly, truthfully, candidly",adv.,Formal Discussion,격식 있는 토론,54,Core,3,,,,,,,,,,,,,,,,8,22,TOEFL_30x56_FINAL,,PENDING,,,,,,,,,,,,,,,,,,,,,,,,,,,,VOCAB,,,,,,,,,,,,,,,,,,,,,
TOEFL,T_D42_09,42,9,furnish,제공하다,"provide, supply, offer",v.,Formal Discussion,격식 있는 토론,54,Core,3,,,,,,,,,,,,,,,,23,16,TOEFL_30x56_FINAL,,PENDING,,,,,,,,,,,,,,,,,,,,,,,,,,,,VOCAB,,,,,,,,,,,,,,,,,,,,,
TOEFL,T_D42_10,42,10,further,추가적인,"additional, extra, supplementary",adj.,Formal Discussion,격식 있는 토론,54,Core,3,,,,,,,,,,,,,,,,12,14,TOEFL_30x56_FINAL,,PENDING,,,,,,,,,,,,,,,,,,,,,,,,,,,,VOCAB,,,,,,,,,,,,,,,,,,,,,
TOEFL,T_D42_11,42,11,generate,만들어 내다,"produce, create",v.,Formal Discussion,격식 있는 토론,54,Core,3,,,,,,,,,,,,,,,,11,13,TOEFL_30x56_FINAL,,PENDING,,,,,,,,,,,,,,,,,,,,,,,,,,,,VOCAB,,,,,,,,,,,,,,,,,,,,,
TOEFL,T_D42_12,42,12,gigantic,거대한,"huge, immense, colossal",adj.,Formal Discussion,격식 있는 토론,54,Core,3,,,,,,,,,,,,,,,,11,35,TOEFL_30x56_FINAL,,PENDING,,,,,,,,,,,,,,,,,,,,,,,,,,,,VOCAB,,,,,,,,,,,,,,,,,,,,,
TOEFL,T_D42_13,42,13,gratify,"만족시키다, 기쁘게 하다","satisfy, please",v.,Formal Discussion,격식 있는 토론,54,Core,3,,,,,,,,,,,,,,,,5,56,TOEFL_30x56_FINAL,,PENDING,,,,,,,,,,,,,,,,,,,,,,,,,,,,VOCAB,,,,,,,,,,,,,,,,,,,,,
TOEFL,T_D42_14,42,14,grossly,지나치게,excessively,adv.,Formal Discussion,격식 있는 토론,54,Core,3,,,,,,,,,,,,,,,,23,23,TOEFL_30x56_FINAL,,PENDING,,,,,,,,,,,,,,,,,,,,,,,,,,,,VOCAB,,,,,,,,,,,,,,,,,,,,,
TOEFL,T_D42_15,42,15,hairline,아주 가느다란,"slight, thin",adj.,Formal Discussion,격식 있는 토론,54,Core,3,,,,,,,,,,,,,,,,9,49,TOEFL_30x56_FINAL,,PENDING,,,,,,,,,,,,,,,,,,,,,,,,,,,,VOCAB,,,,,,,,,,,,,,,,,,,,,
TOEFL,T_D42_16,42,16,heighten,고조시키다,"increase, intensify",v.,Formal Discussion,격식 있는 토론,54,Core,3,,,,,,,,,,,,,,,,13,53,TOEFL_30x56_FINAL,,PENDING,,,,,,,,,,,,,,,,,,,,,,,,,,,,VOCAB,,,,,,,,,,,,,,,,,,,,,
TOEFL,T_D42_17,42,17,hitherto,지금까지,"previously, so far, until now",adv.,Formal Discussion,격식 있는 토론,54,Core,3,,,,,,,,,,,,,,,,6,27,TOEFL_30x56_FINAL,,PENDING,,,,,,,,,,,,,,,,,,,,,,,,,,,,VOCAB,,,,,,,,,,,,,,,,,,,,,
TOEFL,T_D42_18,42,18,illusory,환상을 일으키는,"misleading, deceptive, delusive",adj.,Formal Discussion,격식 있는 토론,54,Core,3,,,,,,,,,,,,,,,,23,42,TOEFL_30x56_FINAL,,PENDING,,,,,,,,,,,,,,,,,,,,,,,,,,,,VOCAB,,,,,,,,,,,,,,,,,,,,,
TOEFL,T_D42_19,42,19,immense,거대한,"large, enormous, huge, tremendous",adj.,Formal Discussion,격식 있는 토론,54,Core,3,,,,,,,,,,,,,,,,10,10,TOEFL_30x56_FINAL,,PENDING,,,,,,,,,,,,,,,,,,,,,,,,,,,,VOCAB,,,,,,,,,,,,,,,,,,,,,
TOEFL,T_D42_20,42,20,immobile,"움직이지 못하는, 정지한","unable to move, motionless",adj.,Formal Discussion,격식 있는 토론,54,Core,3,,,,,,,,,,,,,,,,24,41,TOEFL_30x56_FINAL,,PENDING,,,,,,,,,,,,,,,,,,,,,,,,,,,,VOCAB,,,,,,,,,,,,,,,,,,,,,
TOEFL,T_D42_21,42,21,immoral,부도덕한,"improper, corrupt, vicious",adj.,Formal Discussion,격식 있는 토론,54,Core,3,,,,,,,,,,,,,,,,28,40,TOEFL_30x56_FINAL,,PENDING,,,,,,,,,,,,,,,,,,,,,,,,,,,,VOCAB,,,,,,,,,,,,,,,,,,,,,
TOEFL,T_D42_22,42,22,implant,"심다, 끼워 넣다","insert, embed",v.,Formal Discussion,격식 있는 토론,54,Core,3,,,,,,,,,,,,,,,,16,51,TOEFL_30x56_FINAL,,PENDING,,,,,,,,,,,,,,,,,,,,,,,,,,,,VOCAB,,,,,,,,,,,,,,,,,,,,,
TOEFL,T_D42_23,42,23,imposing,인상적인,"impressive, striking",adj.,Formal Discussion,격식 있는 토론,54,Core,3,,,,,,,,,,,,,,,,6,24,TOEFL_30x56_FINAL,,PENDING,,,,,,,,,,,,,,,,,,,,,,,,,,,,VOCAB,,,,,,,,,,,,,,,,,,,,,
TOEFL,T_D42_24,42,24,infinite,무한한,"limitless, unlimited, immeasurable, boundless",adj.,Formal Discussion,격식 있는 토론,54,Core,3,,,,,,,,,,,,,,,,19,28,TOEFL_30x56_FINAL,,PENDING,,,,,,,,,,,,,,,,,,,,,,,,,,,,VOCAB,,,,,,,,,,,,,,,,,,,,,
TOEFL,T_D42_25,42,25,improvised,즉흥의,"unplanned, unprepared, unrehearsed",adj.,Formal Discussion,격식 있는 토론,49,Bridge,2,,,,,,,,,,,,,,,,17,53,TOEFL_30x56_FINAL,,PENDING,,,,,,,,,,,,,,,,,,,,,,,,,,,,VOCAB,,,,,,,,,,,,,,,,,,,,,
TOEFL,T_D42_26,42,26,inaugurate,"개시하다, 시작하다","introduce, initiate, begin, commence",v.,Formal Discussion,격식 있는 토론,49,Bridge,2,,,,,,,,,,,,,,,,12,13,TOEFL_30x56_FINAL,,PENDING,,,,,,,,,,,,,,,,,,,,,,,,,,,,VOCAB,,,,,,,,,,,,,,,,,,,,,
TOEFL,T_D42_27,42,27,inconclusive,결정적이지 않은,"not definitive, indecisive",adj.,Formal Discussion,격식 있는 토론,49,Bridge,2,,,,,,,,,,,,,,,,14,23,TOEFL_30x56_FINAL,,PENDING,,,,,,,,,,,,,,,,,,,,,,,,,,,,VOCAB,,,,,,,,,,,,,,,,,,,,,
TOEFL,T_D42_28,42,28,indigenous,토착의,"native, aboriginal",adj.,Formal Discussion,격식 있는 토론,49,Bridge,2,,,,,,,,,,,,,,,,1,6,TOEFL_30x56_FINAL,,PENDING,,,,,,,,,,,,,,,,,,,,,,,,,,,,VOCAB,,,,,,,,,,,,,,,,,,,,,
TOEFL,T_D42_29,42,29,inevitable,불가피한,"unavoidable, certain, inescapable",adj.,Formal Discussion,격식 있는 토론,49,Bridge,2,,,,,,,,,,,,,,,,25,1,TOEFL_30x56_FINAL,,PENDING,,,,,,,,,,,,,,,,,,,,,,,,,,,,VOCAB,,,,,,,,,,,,,,,,,,,,,
TOEFL,T_D42_30,42,30,informally,비공식적으로,"commonly, casually",adv.,Formal Discussion,격식 있는 토론,49,Bridge,2,,,,,,,,,,,,,,,,12,7,TOEFL_30x56_FINAL,,PENDING,,,,,,,,,,,,,,,,,,,,,,,,,,,,VOCAB,,,,,,,,,,,,,,,,,,,,,
TOEFL,T_D43_01,43,1,infrequent,드문,"uncommon, rare, unusual",adj.,Formal Discussion,격식 있는 토론,49,Bridge,2,,,,,,,,,,,,,,,,24,38,TOEFL_30x56_FINAL,,PENDING,,,,,,,,,,,,,,,,,,,,,,,,,,,,VOCAB,,,,,,,,,,,,,,,,,,,,,
TOEFL,T_D43_02,43,2,inherently,본질적으로,"essentially, intrinsically",adv.,Formal Discussion,격식 있는 토론,49,Bridge,2,,,,,,,,,,,,,,,,21,45,TOEFL_30x56_FINAL,,PENDING,,,,,,,,,,,,,,,,,,,,,,,,,,,,VOCAB,,,,,,,,,,,,,,,,,,,,,
TOEFL,T_D43_03,43,3,innovative,독창적인,"original, inventive, creative, ingenious",adj.,Formal Discussion,격식 있는 토론,49,Bridge,2,,,,,,,,,,,,,,,,25,41,TOEFL_30x56_FINAL,,PENDING,,,,,,,,,,,,,,,,,,,,,,,,,,,,VOCAB,,,,,,,,,,,,,,,,,,,,,
TOEFL,T_D43_04,43,4,inordinate,과도한,"excessive, exorbitant, undue",adj.,Formal Discussion,격식 있는 토론,49,Bridge,2,,,,,,,,,,,,,,,,5,17,TOEFL_30x56_FINAL,,PENDING,,,,,,,,,,,,,,,,,,,,,,,,,,,,VOCAB,,,,,,,,,,,,,,,,,,,,,
TOEFL,T_D43_05,43,5,intangible,무형의,"nonmaterial, impalpable, incorporeal",adj.,Formal Discussion,격식 있는 토론,49,Bridge,2,,,,,,,,,,,,,,,,17,25,TOEFL_30x56_FINAL,,PENDING,,,,,,,,,,,,,,,,,,,,,,,,,,,,VOCAB,,,,,,,,,,,,,,,,,,,,,
TOEFL,T_D43_06,43,6,interval,"시간·공간의 간격, 기간","space, distance; period",n.,Formal Discussion,격식 있는 토론,49,Bridge,2,,,,,,,,,,,,,,,,26,18,TOEFL_30x56_FINAL,,PENDING,,,,,,,,,,,,,,,,,,,,,,,,,,,,VOCAB,,,,,,,,,,,,,,,,,,,,,
TOEFL,T_D43_07,43,7,intriguing,흥미를 끄는,"interesting but not completely understood, fascinating",adj.,Formal Discussion,격식 있는 토론,49,Bridge,2,,,,,,,,,,,,,,,,21,4,TOEFL_30x56_FINAL,,PENDING,,,,,,,,,,,,,,,,,,,,,,,,,,,,VOCAB,,,,,,,,,,,,,,,,,,,,,
TOEFL,T_D43_08,43,8,invaluable,매우 귀중한,"precious, priceless, valuable",adj.,Formal Discussion,격식 있는 토론,49,Bridge,2,,,,,,,,,,,,,,,,20,38,TOEFL_30x56_FINAL,,PENDING,,,,,,,,,,,,,,,,,,,,,,,,,,,,VOCAB,,,,,,,,,,,,,,,,,,,,,
TOEFL,T_D43_09,43,9,invariable,변함없는,"constant, consistent, unchanging",adj.,Formal Discussion,격식 있는 토론,49,Bridge,2,,,,,,,,,,,,,,,,6,7,TOEFL_30x56_FINAL,,PENDING,,,,,,,,,,,,,,,,,,,,,,,,,,,,VOCAB,,,,,,,,,,,,,,,,,,,,,
TOEFL,T_D43_10,43,10,invariably,"언제나, 예외 없이","always, without exception, constantly",adv.,Formal Discussion,격식 있는 토론,49,Bridge,2,,,,,,,,,,,,,,,,24,25,TOEFL_30x56_FINAL,,PENDING,,,,,,,,,,,,,,,,,,,,,,,,,,,,VOCAB,,,,,,,,,,,,,,,,,,,,,
TOEFL,T_D43_11,43,11,marginally,조금,"slightly, somewhat, a little",adv.,Formal Discussion,격식 있는 토론,49,Bridge,2,,,,,,,,,,,,,,,,24,37,TOEFL_30x56_FINAL,,PENDING,,,,,,,,,,,,,,,,,,,,,,,,,,,,VOCAB,,,,,,,,,,,,,,,,,,,,,
TOEFL,T_D43_12,43,12,mastery,"1. 통제력, 지배 / 2. 전문적 지식",1. control / 2. expertise,n.,Formal Discussion,격식 있는 토론,49,Bridge,2,,,,,,,,,,,,,,,,20,22,TOEFL_30x56_FINAL,,PENDING,,,,,,,,,,,,,,,,,,,,,,,,,,,,VOCAB,,,,,,,,,,,,,,,,,,,,,
TOEFL,T_D43_13,43,13,deviation,일탈,"departure, divergence, aberration",n.,Formal Discussion,격식 있는 토론,44,Advanced,2,,,,,,,,,,,,,,,,9,48,TOEFL_30x56_FINAL,,PENDING,,,,,,,,,,,,,,,,,,,,,,,,,,,,VOCAB,,,,,,,,,,,,,,,,,,,,,
TOEFL,T_D43_14,43,14,enactment,(법률) 제정,establishment,n.,Formal Discussion,격식 있는 토론,44,Advanced,2,,,,,,,,,,,,,,,,26,39,TOEFL_30x56_FINAL,,PENDING,,,,,,,,,,,,,,,,,,,,,,,,,,,,VOCAB,,,,,,,,,,,,,,,,,,,,,
TOEFL,T_D43_15,43,15,inflation,팽창,"expansion, swelling, enlargement",n.,Formal Discussion,격식 있는 토론,44,Advanced,2,,,,,,,,,,,,,,,,8,39,TOEFL_30x56_FINAL,,PENDING,,,,,,,,,,,,,,,,,,,,,,,,,,,,VOCAB,,,,,,,,,,,,,,,,,,,,,
TOEFL,T_D43_16,43,16,rudiments,"기초, 기본","basics, elements, fundamentals",n.,Formal Discussion,격식 있는 토론,44,Advanced,2,,,,,,,,,,,,,,,,7,39,TOEFL_30x56_FINAL,,PENDING,,,,,,,,,,,,,,,,,,,,,,,,,,,,VOCAB,,,,,,,,,,,,,,,,,,,,,
TOEFL,T_D43_17,43,17,approximately,대략,"about, roughly, nearly",adv.,Formal Discussion,격식 있는 토론,43,Advanced,2,,,,,,,,,,,,,,,,10,47,TOEFL_30x56_FINAL,,PENDING,,,,,,,,,,,,,,,,,,,,,,,,,,,,VOCAB,,,,,,,,,,,,,,,,,,,,,
TOEFL,T_D43_18,43,18,authoritative,"권위 있는, 믿을 만한","official, authorized",adj.,Formal Discussion,격식 있는 토론,43,Advanced,2,,,,,,,,,,,,,,,,18,31,TOEFL_30x56_FINAL,,PENDING,,,,,,,,,,,,,,,,,,,,,,,,,,,,VOCAB,,,,,,,,,,,,,,,,,,,,,
TOEFL,T_D43_19,43,19,collaborative,"공동의, 협력적인","cooperative, concerted, joint",adj.,Formal Discussion,격식 있는 토론,43,Advanced,2,,,,,,,,,,,,,,,,26,22,TOEFL_30x56_FINAL,,PENDING,,,,,,,,,,,,,,,,,,,,,,,,,,,,VOCAB,,,,,,,,,,,,,,,,,,,,,
TOEFL,T_D43_20,43,20,comprehensible,이해할 수 있는,"understandable, apprehensible, knowable",adj.,Formal Discussion,격식 있는 토론,43,Advanced,2,,,,,,,,,,,,,,,,18,23,TOEFL_30x56_FINAL,,PENDING,,,,,,,,,,,,,,,,,,,,,,,,,,,,VOCAB,,,,,,,,,,,,,,,,,,,,,
TOEFL,T_D43_21,43,21,comprehensive,종합적인,"thorough, complete, exhaustive",adj.,Formal Discussion,격식 있는 토론,43,Advanced,2,,,,,,,,,,,,,,,,2,17,TOEFL_30x56_FINAL,,PENDING,,,,,,,,,,,,,,,,,,,,,,,,,,,,VOCAB,,,,,,,,,,,,,,,,,,,,,
TOEFL,T_D43_22,43,22,contradicting,서로 대립하는,opposing,adj.,Formal Discussion,격식 있는 토론,43,Advanced,2,,,,,,,,,,,,,,,,21,56,TOEFL_30x56_FINAL,,PENDING,,,,,,,,,,,,,,,,,,,,,,,,,,,,VOCAB,,,,,,,,,,,,,,,,,,,,,
TOEFL,T_D43_23,43,23,contradictory,모순되는,"inconsistent, paradoxical, conflicting",adj.,Formal Discussion,격식 있는 토론,43,Advanced,2,,,,,,,,,,,,,,,,3,34,TOEFL_30x56_FINAL,,PENDING,,,,,,,,,,,,,,,,,,,,,,,,,,,,VOCAB,,,,,,,,,,,,,,,,,,,,,
TOEFL,T_D43_24,43,24,controversial,논쟁의 여지가 있는,"debatable, disputed, producing disagreement",adj.,Formal Discussion,격식 있는 토론,43,Advanced,2,,,,,,,,,,,,,,,,27,8,TOEFL_30x56_FINAL,,PENDING,,,,,,,,,,,,,,,,,,,,,,,,,,,,VOCAB,,,,,,,,,,,,,,,,,,,,,
TOEFL,T_D43_25,43,25,extant,현존하는,"surviving, in existence, existing, living, remaining",adj.,Formal Discussion,격식 있는 토론,43,Advanced,1,,,,,,,,,,,,,,,,1,34,TOEFL_30x56_FINAL,,PENDING,,,,,,,,,,,,,,,,,,,,,,,,,,,,VOCAB,,,,,,,,,,,,,,,,,,,,,
TOEFL,T_D43_26,43,26,extraordinary,비범한,"exceptional, unusual, remarkable",adj.,Formal Discussion,격식 있는 토론,43,Advanced,2,,,,,,,,,,,,,,,,28,42,TOEFL_30x56_FINAL,,PENDING,,,,,,,,,,,,,,,,,,,,,,,,,,,,VOCAB,,,,,,,,,,,,,,,,,,,,,
TOEFL,T_D43_27,43,27,heterogeneous,"잡다한, 혼성의","varied, assorted, mixed",adj.,Formal Discussion,격식 있는 토론,43,Advanced,2,,,,,,,,,,,,,,,,2,10,TOEFL_30x56_FINAL,,PENDING,,,,,,,,,,,,,,,,,,,,,,,,,,,,VOCAB,,,,,,,,,,,,,,,,,,,,,
TOEFL,T_D43_28,43,28,inadvertently,무심코,"unintentionally, accidentally, unwittingly",adv.,Formal Discussion,격식 있는 토론,43,Advanced,2,,,,,,,,,,,,,,,,8,14,TOEFL_30x56_FINAL,,PENDING,,,,,,,,,,,,,,,,,,,,,,,,,,,,VOCAB,,,,,,,,,,,,,,,,,,,,,
TOEFL,T_D43_29,43,29,inflate,부풀리다,"swell, bloat, expand, enlarge",v.,Complex Ideas,복잡한 개념 설명,54,Core,3,,,,,,,,,,,,,,,,17,17,TOEFL_30x56_FINAL,,PENDING,,,,,,,,,,,,,,,,,,,,,,,,,,,,VOCAB,,,,,,,,,,,,,,,,,,,,,
TOEFL,T_D43_30,43,30,inflict,"고통 등을 주다, 가하다","cause, administer, exact",v.,Complex Ideas,복잡한 개념 설명,54,Core,3,,,,,,,,,,,,,,,,6,46,TOEFL_30x56_FINAL,,PENDING,,,,,,,,,,,,,,,,,,,,,,,,,,,,VOCAB,,,,,,,,,,,,,,,,,,,,,
TOEFL,T_D44_01,44,1,inhabit,거주하다,"live in, occupy, dwell in",v.,Complex Ideas,복잡한 개념 설명,54,Core,3,,,,,,,,,,,,,,,,1,47,TOEFL_30x56_FINAL,,PENDING,,,,,,,,,,,,,,,,,,,,,,,,,,,,VOCAB,,,,,,,,,,,,,,,,,,,,,
TOEFL,T_D44_02,44,2,inherent,"타고난, 본래의","innate, built-in, essential, congenital",adj.,Complex Ideas,복잡한 개념 설명,54,Core,3,,,,,,,,,,,,,,,,4,13,TOEFL_30x56_FINAL,,PENDING,,,,,,,,,,,,,,,,,,,,,,,,,,,,VOCAB,,,,,,,,,,,,,,,,,,,,,
TOEFL,T_D44_03,44,3,inhibit,금지하다,"hinder, restrict, limit, restrain, ban, prohibit, forbid",v.,Complex Ideas,복잡한 개념 설명,54,Core,3,,,,,,,,,,,,,,,,18,16,TOEFL_30x56_FINAL,,PENDING,,,,,,,,,,,,,,,,,,,,,,,,,,,,VOCAB,,,,,,,,,,,,,,,,,,,,,
TOEFL,T_D44_04,44,4,initiate,시작하다,"start, begin, originate, commence",v.,Complex Ideas,복잡한 개념 설명,54,Core,3,,,,,,,,,,,,,,,,9,1,TOEFL_30x56_FINAL,,PENDING,,,,,,,,,,,,,,,,,,,,,,,,,,,,VOCAB,,,,,,,,,,,,,,,,,,,,,
TOEFL,T_D44_05,44,5,insolent,무례한,"impertinent, impudent, rude",adj.,Complex Ideas,복잡한 개념 설명,54,Core,3,,,,,,,,,,,,,,,,8,43,TOEFL_30x56_FINAL,,PENDING,,,,,,,,,,,,,,,,,,,,,,,,,,,,VOCAB,,,,,,,,,,,,,,,,,,,,,
TOEFL,T_D44_06,44,6,inspect,검사하다,"examine, scan, check",v.,Complex Ideas,복잡한 개념 설명,54,Core,3,,,,,,,,,,,,,,,,16,29,TOEFL_30x56_FINAL,,PENDING,,,,,,,,,,,,,,,,,,,,,,,,,,,,VOCAB,,,,,,,,,,,,,,,,,,,,,
TOEFL,T_D44_07,44,7,inspire,영감을 주다,"motivate, fire the imagination of",v.,Complex Ideas,복잡한 개념 설명,54,Core,3,,,,,,,,,,,,,,,,19,52,TOEFL_30x56_FINAL,,PENDING,,,,,,,,,,,,,,,,,,,,,,,,,,,,VOCAB,,,,,,,,,,,,,,,,,,,,,
TOEFL,T_D44_08,44,8,install,설치하다,"put in place, set up, position",v.,Complex Ideas,복잡한 개념 설명,54,Core,3,,,,,,,,,,,,,,,,4,45,TOEFL_30x56_FINAL,,PENDING,,,,,,,,,,,,,,,,,,,,,,,,,,,,VOCAB,,,,,,,,,,,,,,,,,,,,,
TOEFL,T_D44_09,44,9,intense,"강렬한, 극심한","strong, extreme, fierce, acute",adj.,Complex Ideas,복잡한 개념 설명,54,Core,3,,,,,,,,,,,,,,,,28,6,TOEFL_30x56_FINAL,,PENDING,,,,,,,,,,,,,,,,,,,,,,,,,,,,VOCAB,,,,,,,,,,,,,,,,,,,,,
TOEFL,T_D44_10,44,10,intimate,친밀한,"close, familiar",adj.,Complex Ideas,복잡한 개념 설명,54,Core,3,,,,,,,,,,,,,,,,12,33,TOEFL_30x56_FINAL,,PENDING,,,,,,,,,,,,,,,,,,,,,,,,,,,,VOCAB,,,,,,,,,,,,,,,,,,,,,
TOEFL,T_D44_11,44,11,intrigue,흥미를 끌다,"interest, fascinate, attract",v.,Complex Ideas,복잡한 개념 설명,54,Core,3,,,,,,,,,,,,,,,,2,4,TOEFL_30x56_FINAL,,PENDING,,,,,,,,,,,,,,,,,,,,,,,,,,,,VOCAB,,,,,,,,,,,,,,,,,,,,,
TOEFL,T_D44_12,44,12,involved,복잡한,"complicated, intricate, tangled",adj.,Complex Ideas,복잡한 개념 설명,54,Core,3,,,,,,,,,,,,,,,,28,7,TOEFL_30x56_FINAL,,PENDING,,,,,,,,,,,,,,,,,,,,,,,,,,,,VOCAB,,,,,,,,,,,,,,,,,,,,,
TOEFL,T_D44_13,44,13,isolated,외딴,"remote, solitary, secluded",adj.,Complex Ideas,복잡한 개념 설명,54,Core,3,,,,,,,,,,,,,,,,4,48,TOEFL_30x56_FINAL,,PENDING,,,,,,,,,,,,,,,,,,,,,,,,,,,,VOCAB,,,,,,,,,,,,,,,,,,,,,
TOEFL,T_D44_14,44,14,jettison,버리다,"release, discard, throw away, cast off",v.,Complex Ideas,복잡한 개념 설명,54,Core,3,,,,,,,,,,,,,,,,26,43,TOEFL_30x56_FINAL,,PENDING,,,,,,,,,,,,,,,,,,,,,,,,,,,,VOCAB,,,,,,,,,,,,,,,,,,,,,
TOEFL,T_D44_15,44,15,jointly,"함께, 공동으로","together, in conjunction with, as one",adv.,Complex Ideas,복잡한 개념 설명,54,Core,3,,,,,,,,,,,,,,,,16,44,TOEFL_30x56_FINAL,,PENDING,,,,,,,,,,,,,,,,,,,,,,,,,,,,VOCAB,,,,,,,,,,,,,,,,,,,,,
TOEFL,T_D44_16,44,16,largely,대체로,"generally, mostly, mainly",adv.,Complex Ideas,복잡한 개념 설명,54,Core,3,,,,,,,,,,,,,,,,3,29,TOEFL_30x56_FINAL,,PENDING,,,,,,,,,,,,,,,,,,,,,,,,,,,,VOCAB,,,,,,,,,,,,,,,,,,,,,
TOEFL,T_D44_17,44,17,lateral,측면의,side,adj.,Complex Ideas,복잡한 개념 설명,54,Core,3,,,,,,,,,,,,,,,,18,55,TOEFL_30x56_FINAL,,PENDING,,,,,,,,,,,,,,,,,,,,,,,,,,,,VOCAB,,,,,,,,,,,,,,,,,,,,,
TOEFL,T_D44_18,44,18,legible,알아볼 수 있는,"recognizable, readable",adj.,Complex Ideas,복잡한 개념 설명,54,Core,3,,,,,,,,,,,,,,,,27,27,TOEFL_30x56_FINAL,,PENDING,,,,,,,,,,,,,,,,,,,,,,,,,,,,VOCAB,,,,,,,,,,,,,,,,,,,,,
TOEFL,T_D44_19,44,19,liberate,해방하다,"free, release, loosen",v.,Complex Ideas,복잡한 개념 설명,54,Core,3,,,,,,,,,,,,,,,,8,52,TOEFL_30x56_FINAL,,PENDING,,,,,,,,,,,,,,,,,,,,,,,,,,,,VOCAB,,,,,,,,,,,,,,,,,,,,,
TOEFL,T_D44_20,44,20,methodical,체계적인,"systematic, organized",adj.,Complex Ideas,복잡한 개념 설명,49,Bridge,2,,,,,,,,,,,,,,,,24,51,TOEFL_30x56_FINAL,,PENDING,,,,,,,,,,,,,,,,,,,,,,,,,,,,VOCAB,,,,,,,,,,,,,,,,,,,,,
TOEFL,T_D44_21,44,21,meticulous,꼼꼼한,"careful, thorough, precise",adj.,Complex Ideas,복잡한 개념 설명,49,Bridge,2,,,,,,,,,,,,,,,,17,41,TOEFL_30x56_FINAL,,PENDING,,,,,,,,,,,,,,,,,,,,,,,,,,,,VOCAB,,,,,,,,,,,,,,,,,,,,,
TOEFL,T_D44_22,44,22,miraculous,"기적적인, 놀라운","amazing, astonishing, marvelous, unbelievable",adj.,Complex Ideas,복잡한 개념 설명,49,Bridge,2,,,,,,,,,,,,,,,,17,24,TOEFL_30x56_FINAL,,PENDING,,,,,,,,,,,,,,,,,,,,,,,,,,,,VOCAB,,,,,,,,,,,,,,,,,,,,,
TOEFL,T_D44_23,44,23,misleading,현혹시키는,"deceptive, unreliable, delusive",adj.,Complex Ideas,복잡한 개념 설명,49,Bridge,2,,,,,,,,,,,,,,,,29,25,TOEFL_30x56_FINAL,,PENDING,,,,,,,,,,,,,,,,,,,,,,,,,,,,VOCAB,,,,,,,,,,,,,,,,,,,,,
TOEFL,T_D44_24,44,24,negligible,사소한,"insignificant, slight, minor, trivial",adj.,Complex Ideas,복잡한 개념 설명,49,Bridge,2,,,,,,,,,,,,,,,,18,14,TOEFL_30x56_FINAL,,PENDING,,,,,,,,,,,,,,,,,,,,,,,,,,,,VOCAB,,,,,,,,,,,,,,,,,,,,,
TOEFL,T_D44_25,44,25,noteworthy,주목할 만한,"important, notable, significant",adj.,Complex Ideas,복잡한 개념 설명,49,Bridge,2,,,,,,,,,,,,,,,,18,26,TOEFL_30x56_FINAL,,PENDING,,,,,,,,,,,,,,,,,,,,,,,,,,,,VOCAB,,,,,,,,,,,,,,,,,,,,,
TOEFL,T_D44_26,44,26,obliterate,지우다,"delete, erase, efface",v.,Complex Ideas,복잡한 개념 설명,49,Bridge,2,,,,,,,,,,,,,,,,24,56,TOEFL_30x56_FINAL,,PENDING,,,,,,,,,,,,,,,,,,,,,,,,,,,,VOCAB,,,,,,,,,,,,,,,,,,,,,
TOEFL,T_D44_27,44,27,obtainable,얻을 수 있는,"available, accessible, attainable",adj.,Complex Ideas,복잡한 개념 설명,49,Bridge,2,,,,,,,,,,,,,,,,12,39,TOEFL_30x56_FINAL,,PENDING,,,,,,,,,,,,,,,,,,,,,,,,,,,,VOCAB,,,,,,,,,,,,,,,,,,,,,
TOEFL,T_D44_28,44,28,occasional,가끔의,"infrequent, sporadic, intermittent",adj.,Complex Ideas,복잡한 개념 설명,49,Bridge,2,,,,,,,,,,,,,,,,27,40,TOEFL_30x56_FINAL,,PENDING,,,,,,,,,,,,,,,,,,,,,,,,,,,,VOCAB,,,,,,,,,,,,,,,,,,,,,
TOEFL,T_D44_29,44,29,option,선택권,"choice, selection",n.,Complex Ideas,복잡한 개념 설명,49,Bridge,2,,,,,,,,,,,,,,,,4,12,TOEFL_30x56_FINAL,,PENDING,,,,,,,,,,,,,,,,,,,,,,,,,,,,VOCAB,,,,,,,,,,,,,,,,,,,,,
TOEFL,T_D44_30,44,30,perpetuate,영속시키다,"continue, immortalize, eternize",v.,Complex Ideas,복잡한 개념 설명,49,Bridge,2,,,,,,,,,,,,,,,,23,40,TOEFL_30x56_FINAL,,PENDING,,,,,,,,,,,,,,,,,,,,,,,,,,,,VOCAB,,,,,,,,,,,,,,,,,,,,,
TOEFL,T_D45_01,45,1,persistent,지속되는,"continuous, enduring, long-lasting, constant",adj.,Complex Ideas,복잡한 개념 설명,49,Bridge,2,,,,,,,,,,,,,,,,12,11,TOEFL_30x56_FINAL,,PENDING,,,,,,,,,,,,,,,,,,,,,,,,,,,,VOCAB,,,,,,,,,,,,,,,,,,,,,
TOEFL,T_D45_02,45,2,phenomenal,경이적인,"extraordinary, remarkable",adj.,Complex Ideas,복잡한 개념 설명,49,Bridge,2,,,,,,,,,,,,,,,,18,3,TOEFL_30x56_FINAL,,PENDING,,,,,,,,,,,,,,,,,,,,,,,,,,,,VOCAB,,,,,,,,,,,,,,,,,,,,,
TOEFL,T_D45_03,45,3,precarious,불안정한,"unstable, insecure, uncertain",adj.,Complex Ideas,복잡한 개념 설명,49,Bridge,2,,,,,,,,,,,,,,,,30,7,TOEFL_30x56_FINAL,,PENDING,,,,,,,,,,,,,,,,,,,,,,,,,,,,VOCAB,,,,,,,,,,,,,,,,,,,,,
TOEFL,T_D45_04,45,4,preeminent,뛰어난,"outstanding, distinguished, foremost",adj.,Complex Ideas,복잡한 개념 설명,49,Bridge,2,,,,,,,,,,,,,,,,7,47,TOEFL_30x56_FINAL,,PENDING,,,,,,,,,,,,,,,,,,,,,,,,,,,,VOCAB,,,,,,,,,,,,,,,,,,,,,
TOEFL,T_D45_05,45,5,presumable,"그럴듯한, 있을 법한","probable, likely, possible",adj.,Complex Ideas,복잡한 개념 설명,49,Bridge,2,,,,,,,,,,,,,,,,9,46,TOEFL_30x56_FINAL,,PENDING,,,,,,,,,,,,,,,,,,,,,,,,,,,,VOCAB,,,,,,,,,,,,,,,,,,,,,
TOEFL,T_D45_06,45,6,presumably,아마,"supposedly, probably, thought to be, it can be assumed",adv.,Complex Ideas,복잡한 개념 설명,49,Bridge,2,,,,,,,,,,,,,,,,24,10,TOEFL_30x56_FINAL,,PENDING,,,,,,,,,,,,,,,,,,,,,,,,,,,,VOCAB,,,,,,,,,,,,,,,,,,,,,
TOEFL,T_D45_07,45,7,presuppose,미리 가정하다,"assume, suppose, presume",v.,Complex Ideas,복잡한 개념 설명,49,Bridge,2,,,,,,,,,,,,,,,,4,36,TOEFL_30x56_FINAL,,PENDING,,,,,,,,,,,,,,,,,,,,,,,,,,,,VOCAB,,,,,,,,,,,,,,,,,,,,,
TOEFL,T_D45_08,45,8,inconceivable,상상할 수 없는,"unthinkable, unimaginable",adj.,Complex Ideas,복잡한 개념 설명,43,Advanced,2,,,,,,,,,,,,,,,,13,33,TOEFL_30x56_FINAL,,PENDING,,,,,,,,,,,,,,,,,,,,,,,,,,,,VOCAB,,,,,,,,,,,,,,,,,,,,,
TOEFL,T_D45_09,45,9,indispensable,필수적인,"essential, necessary, requisite",adj.,Complex Ideas,복잡한 개념 설명,43,Advanced,2,,,,,,,,,,,,,,,,27,2,TOEFL_30x56_FINAL,,PENDING,,,,,,,,,,,,,,,,,,,,,,,,,,,,VOCAB,,,,,,,,,,,,,,,,,,,,,
TOEFL,T_D45_10,45,10,instantaneous,즉각적인,"immediate, prompt, on-the-spot",adj.,Complex Ideas,복잡한 개념 설명,43,Advanced,2,,,,,,,,,,,,,,,,26,24,TOEFL_30x56_FINAL,,PENDING,,,,,,,,,,,,,,,,,,,,,,,,,,,,VOCAB,,,,,,,,,,,,,,,,,,,,,
TOEFL,T_D45_11,45,11,intermittently,간헐적으로,"occasionally, periodically, from time to time",adv.,Complex Ideas,복잡한 개념 설명,43,Advanced,2,,,,,,,,,,,,,,,,5,13,TOEFL_30x56_FINAL,,PENDING,,,,,,,,,,,,,,,,,,,,,,,,,,,,VOCAB,,,,,,,,,,,,,,,,,,,,,
TOEFL,T_D45_12,45,12,intrinsically,본질적으로,"fundamentally, essentially",adv.,Complex Ideas,복잡한 개념 설명,43,Advanced,2,,,,,,,,,,,,,,,,5,31,TOEFL_30x56_FINAL,,PENDING,,,,,,,,,,,,,,,,,,,,,,,,,,,,VOCAB,,,,,,,,,,,,,,,,,,,,,
TOEFL,T_D45_13,45,13,overestimated,과대평가된,bigger than actual value,adj.,Complex Ideas,복잡한 개념 설명,43,Advanced,2,,,,,,,,,,,,,,,,8,59,TOEFL_30x56_FINAL,,PENDING,,,,,,,,,,,,,,,,,,,,,,,,,,,,VOCAB,,,,,,,,,,,,,,,,,,,,,
TOEFL,T_D45_14,45,14,paradoxically,역설적으로,"contradictorily, surprisingly",adv.,Complex Ideas,복잡한 개념 설명,43,Advanced,2,,,,,,,,,,,,,,,,16,47,TOEFL_30x56_FINAL,,PENDING,,,,,,,,,,,,,,,,,,,,,,,,,,,,VOCAB,,,,,,,,,,,,,,,,,,,,,
TOEFL,T_D45_15,45,15,predominantly,"주로, 대부분","mainly, primarily, mostly, largely",adv.,Complex Ideas,복잡한 개념 설명,43,Advanced,2,,,,,,,,,,,,,,,,29,13,TOEFL_30x56_FINAL,,PENDING,,,,,,,,,,,,,,,,,,,,,,,,,,,,VOCAB,,,,,,,,,,,,,,,,,,,,,
TOEFL,T_D45_16,45,16,prominence,"중요성, 명성","importance, greatness",n.,Complex Ideas,복잡한 개념 설명,43,Advanced,2,,,,,,,,,,,,,,,,17,39,TOEFL_30x56_FINAL,,PENDING,,,,,,,,,,,,,,,,,,,,,,,,,,,,VOCAB,,,,,,,,,,,,,,,,,,,,,
TOEFL,T_D45_17,45,17,proportion,"1. 비율 / 2. 크기, 규모","1. percentage, rate / 2. size, magnitude",n.,Complex Ideas,복잡한 개념 설명,43,Advanced,2,,,,,,,,,,,,,,,,29,24,TOEFL_30x56_FINAL,,PENDING,,,,,,,,,,,,,,,,,,,,,,,,,,,,VOCAB,,,,,,,,,,,,,,,,,,,,,
TOEFL,T_D45_18,45,18,significantly,상당히,"considerably, remarkably, markedly",adv.,Complex Ideas,복잡한 개념 설명,43,Advanced,2,,,,,,,,,,,,,,,,28,13,TOEFL_30x56_FINAL,,PENDING,,,,,,,,,,,,,,,,,,,,,,,,,,,,VOCAB,,,,,,,,,,,,,,,,,,,,,
TOEFL,T_D45_19,45,19,sophisticated,"정교한, 고도로 발달한","complex, highly developed",adj.,Complex Ideas,복잡한 개념 설명,43,Advanced,2,,,,,,,,,,,,,,,,9,21,TOEFL_30x56_FINAL,,PENDING,,,,,,,,,,,,,,,,,,,,,,,,,,,,VOCAB,,,,,,,,,,,,,,,,,,,,,
TOEFL,T_D45_20,45,20,superficially,피상적으로,"apparently, not deeply, externally, on the surface",adv.,Complex Ideas,복잡한 개념 설명,43,Advanced,3,,,,,,,,,,,,,,,,1,49,TOEFL_30x56_FINAL,,PENDING,,,,,,,,,,,,,,,,,,,,,,,,,,,,VOCAB,,,,,,,,,,,,,,,,,,,,,
TOEFL,T_D45_21,45,21,systematically,체계적으로,methodically,adv.,Complex Ideas,복잡한 개념 설명,43,Advanced,2,,,,,,,,,,,,,,,,22,32,TOEFL_30x56_FINAL,,PENDING,,,,,,,,,,,,,,,,,,,,,,,,,,,,VOCAB,,,,,,,,,,,,,,,,,,,,,
TOEFL,T_D45_22,45,22,unanticipated,예상하지 못한,"not expected, unforeseen",adj.,Complex Ideas,복잡한 개념 설명,43,Advanced,2,,,,,,,,,,,,,,,,5,7,TOEFL_30x56_FINAL,,PENDING,,,,,,,,,,,,,,,,,,,,,,,,,,,,VOCAB,,,,,,,,,,,,,,,,,,,,,
TOEFL,T_D45_23,45,23,unconsolidated,"굳지 않은, 결속되지 않은","loose, incoherent",adj.,Complex Ideas,복잡한 개념 설명,43,Advanced,2,,,,,,,,,,,,,,,,5,27,TOEFL_30x56_FINAL,,PENDING,,,,,,,,,,,,,,,,,,,,,,,,,,,,VOCAB,,,,,,,,,,,,,,,,,,,,,
TOEFL,T_D45_24,45,24,uninterrupted,"연속적인, 끊임없는","steady, ceaseless, incessant",adj.,Complex Ideas,복잡한 개념 설명,43,Advanced,2,,,,,,,,,,,,,,,,25,56,TOEFL_30x56_FINAL,,PENDING,,,,,,,,,,,,,,,,,,,,,,,,,,,,VOCAB,,,,,,,,,,,,,,,,,,,,,
TOEFL,T_D45_25,45,25,limited,"제한된, 한정된","restricted, narrow, confined",adj.,Precision Vocabulary,정확하고 세밀한 표현,54,Core,3,,,,,,,,,,,,,,,,22,34,TOEFL_30x56_FINAL,,PENDING,,,,,,,,,,,,,,,,,,,,,,,,,,,,VOCAB,,,,,,,,,,,,,,,,,,,,,
TOEFL,T_D45_26,45,26,luminous,빛나는,"brilliant, bright, shining, glowing",adj.,Precision Vocabulary,정확하고 세밀한 표현,54,Core,3,,,,,,,,,,,,,,,,10,4,TOEFL_30x56_FINAL,,PENDING,,,,,,,,,,,,,,,,,,,,,,,,,,,,VOCAB,,,,,,,,,,,,,,,,,,,,,
TOEFL,T_D45_27,45,27,magnify,확대하다,"enlarge, increase, amplify, intensify",v.,Precision Vocabulary,정확하고 세밀한 표현,54,Core,3,,,,,,,,,,,,,,,,1,15,TOEFL_30x56_FINAL,,PENDING,,,,,,,,,,,,,,,,,,,,,,,,,,,,VOCAB,,,,,,,,,,,,,,,,,,,,,
TOEFL,T_D45_28,45,28,majestic,"위엄 있는, 웅대한","magnificent, grand, august",adj.,Precision Vocabulary,정확하고 세밀한 표현,54,Core,3,,,,,,,,,,,,,,,,7,46,TOEFL_30x56_FINAL,,PENDING,,,,,,,,,,,,,,,,,,,,,,,,,,,,VOCAB,,,,,,,,,,,,,,,,,,,,,
TOEFL,T_D45_29,45,29,markedly,현저하게,"significantly, noticeably, considerably, substantially",adv.,Precision Vocabulary,정확하고 세밀한 표현,54,Core,3,,,,,,,,,,,,,,,,9,13,TOEFL_30x56_FINAL,,PENDING,,,,,,,,,,,,,,,,,,,,,,,,,,,,VOCAB,,,,,,,,,,,,,,,,,,,,,
TOEFL,T_D45_30,45,30,massive,"대규모의, 거대한","huge, enormous, very large, tremendous, colossal",adj.,Precision Vocabulary,정확하고 세밀한 표현,54,Core,3,,,,,,,,,,,,,,,,12,2,TOEFL_30x56_FINAL,,PENDING,,,,,,,,,,,,,,,,,,,,,,,,,,,,VOCAB,,,,,,,,,,,,,,,,,,,,,
TOEFL,T_D46_01,46,1,maximize,극대화하다,increase to the greatest possible degree,v.,Precision Vocabulary,정확하고 세밀한 표현,54,Core,3,,,,,,,,,,,,,,,,10,54,TOEFL_30x56_FINAL,,PENDING,,,,,,,,,,,,,,,,,,,,,,,,,,,,VOCAB,,,,,,,,,,,,,,,,,,,,,
TOEFL,T_D46_02,46,2,migrate,이주하다,"move around, travel",v.,Precision Vocabulary,정확하고 세밀한 표현,54,Core,3,,,,,,,,,,,,,,,,3,46,TOEFL_30x56_FINAL,,PENDING,,,,,,,,,,,,,,,,,,,,,,,,,,,,VOCAB,,,,,,,,,,,,,,,,,,,,,
TOEFL,T_D46_03,46,3,minutely,자세하게,"in detail, meticulously",adv.,Precision Vocabulary,정확하고 세밀한 표현,54,Core,3,,,,,,,,,,,,,,,,19,16,TOEFL_30x56_FINAL,,PENDING,,,,,,,,,,,,,,,,,,,,,,,,,,,,VOCAB,,,,,,,,,,,,,,,,,,,,,
TOEFL,T_D46_04,46,4,mobilize,동원하다,"put into action, deploy",v.,Precision Vocabulary,정확하고 세밀한 표현,54,Core,3,,,,,,,,,,,,,,,,14,33,TOEFL_30x56_FINAL,,PENDING,,,,,,,,,,,,,,,,,,,,,,,,,,,,VOCAB,,,,,,,,,,,,,,,,,,,,,
TOEFL,T_D46_05,46,5,modulate,"조절하다, 조정하다","adjust, regulate, tune",v.,Precision Vocabulary,정확하고 세밀한 표현,54,Core,3,,,,,,,,,,,,,,,,25,35,TOEFL_30x56_FINAL,,PENDING,,,,,,,,,,,,,,,,,,,,,,,,,,,,VOCAB,,,,,,,,,,,,,,,,,,,,,
TOEFL,T_D46_06,46,6,moreover,게다가,"additionally, in addition, as well, besides",adv.,Precision Vocabulary,정확하고 세밀한 표현,54,Core,3,,,,,,,,,,,,,,,,12,16,TOEFL_30x56_FINAL,,PENDING,,,,,,,,,,,,,,,,,,,,,,,,,,,,VOCAB,,,,,,,,,,,,,,,,,,,,,
TOEFL,T_D46_07,46,7,mundane,"일상적인, 평범한","ordinary, banal, commonplace",adj.,Precision Vocabulary,정확하고 세밀한 표현,54,Core,3,,,,,,,,,,,,,,,,21,11,TOEFL_30x56_FINAL,,PENDING,,,,,,,,,,,,,,,,,,,,,,,,,,,,VOCAB,,,,,,,,,,,,,,,,,,,,,
TOEFL,T_D46_08,46,8,mutilate,훼손시키다,"damage, injure, disable",v.,Precision Vocabulary,정확하고 세밀한 표현,54,Core,3,,,,,,,,,,,,,,,,21,53,TOEFL_30x56_FINAL,,PENDING,,,,,,,,,,,,,,,,,,,,,,,,,,,,VOCAB,,,,,,,,,,,,,,,,,,,,,
TOEFL,T_D46_09,46,9,notably,특히,"particularly, especially, in particular",adv.,Precision Vocabulary,정확하고 세밀한 표현,54,Core,3,,,,,,,,,,,,,,,,18,15,TOEFL_30x56_FINAL,,PENDING,,,,,,,,,,,,,,,,,,,,,,,,,,,,VOCAB,,,,,,,,,,,,,,,,,,,,,
TOEFL,T_D46_10,46,10,numerous,매우 많은,"very many, countless, innumerable",adj.,Precision Vocabulary,정확하고 세밀한 표현,54,Core,3,,,,,,,,,,,,,,,,27,54,TOEFL_30x56_FINAL,,PENDING,,,,,,,,,,,,,,,,,,,,,,,,,,,,VOCAB,,,,,,,,,,,,,,,,,,,,,
TOEFL,T_D46_11,46,11,obligate,"의무를 지우다, 강제하다","force, coerce, compel, constrain",v.,Precision Vocabulary,정확하고 세밀한 표현,54,Core,3,,,,,,,,,,,,,,,,4,25,TOEFL_30x56_FINAL,,PENDING,,,,,,,,,,,,,,,,,,,,,,,,,,,,VOCAB,,,,,,,,,,,,,,,,,,,,,
TOEFL,T_D46_12,46,12,obscure,"흐릿한, 불분명한","unclear, uncertain, hidden, dim, faint",adj.,Precision Vocabulary,정확하고 세밀한 표현,54,Core,3,,,,,,,,,,,,,,,,19,13,TOEFL_30x56_FINAL,,PENDING,,,,,,,,,,,,,,,,,,,,,,,,,,,,VOCAB,,,,,,,,,,,,,,,,,,,,,
TOEFL,T_D46_13,46,13,ongoing,계속 진행 중인,"continued, constant, persistent",adj.,Precision Vocabulary,정확하고 세밀한 표현,54,Core,3,,,,,,,,,,,,,,,,26,16,TOEFL_30x56_FINAL,,PENDING,,,,,,,,,,,,,,,,,,,,,,,,,,,,VOCAB,,,,,,,,,,,,,,,,,,,,,
TOEFL,T_D46_14,46,14,opposing,"상반되는, 충돌하는",conflicting,adj.,Precision Vocabulary,정확하고 세밀한 표현,54,Core,3,,,,,,,,,,,,,,,,22,58,TOEFL_30x56_FINAL,,PENDING,,,,,,,,,,,,,,,,,,,,,,,,,,,,VOCAB,,,,,,,,,,,,,,,,,,,,,
TOEFL,T_D46_15,46,15,prevailing,"지배적인, 널리 퍼진","dominant, widespread, current, existing",adj.,Precision Vocabulary,정확하고 세밀한 표현,49,Bridge,2,,,,,,,,,,,,,,,,16,3,TOEFL_30x56_FINAL,,PENDING,,,,,,,,,,,,,,,,,,,,,,,,,,,,VOCAB,,,,,,,,,,,,,,,,,,,,,
TOEFL,T_D46_16,46,16,primordial,최초의,"beginning, original, earliest",adj.,Precision Vocabulary,정확하고 세밀한 표현,49,Bridge,2,,,,,,,,,,,,,,,,19,10,TOEFL_30x56_FINAL,,PENDING,,,,,,,,,,,,,,,,,,,,,,,,,,,,VOCAB,,,,,,,,,,,,,,,,,,,,,
TOEFL,T_D46_17,46,17,prodigious,막대한,"massive, enormous",adj.,Precision Vocabulary,정확하고 세밀한 표현,49,Bridge,2,,,,,,,,,,,,,,,,30,23,TOEFL_30x56_FINAL,,PENDING,,,,,,,,,,,,,,,,,,,,,,,,,,,,VOCAB,,,,,,,,,,,,,,,,,,,,,
TOEFL,T_D46_18,46,18,proficient,능숙한,"skilled, skillful, expert, adept",adj.,Precision Vocabulary,정확하고 세밀한 표현,49,Bridge,2,,,,,,,,,,,,,,,,23,44,TOEFL_30x56_FINAL,,PENDING,,,,,,,,,,,,,,,,,,,,,,,,,,,,VOCAB,,,,,,,,,,,,,,,,,,,,,
TOEFL,T_D46_19,46,19,pronounced,뚜렷한,"notable, striking, marked, significant, noticeable, distinct, strong",adj.,Precision Vocabulary,정확하고 세밀한 표현,49,Bridge,2,,,,,,,,,,,,,,,,11,5,TOEFL_30x56_FINAL,,PENDING,,,,,,,,,,,,,,,,,,,,,,,,,,,,VOCAB,,,,,,,,,,,,,,,,,,,,,
TOEFL,T_D46_20,46,20,property,특성; 재산,"characteristic, character, quality; estate, possession, holdings",n.,Precision Vocabulary,정확하고 세밀한 표현,49,Bridge,2,,,,,,,,,,,,,,,,7,44,TOEFL_30x56_FINAL,,PENDING,,,,,,,,,,,,,,,,,,,,,,,,,,,,VOCAB,,,,,,,,,,,,,,,,,,,,,
TOEFL,T_D46_21,46,21,reciprocal,상호 간의,mutual,adj.,Precision Vocabulary,정확하고 세밀한 표현,49,Bridge,2,,,,,,,,,,,,,,,,12,48,TOEFL_30x56_FINAL,,PENDING,,,,,,,,,,,,,,,,,,,,,,,,,,,,VOCAB,,,,,,,,,,,,,,,,,,,,,
TOEFL,T_D46_22,46,22,regenerate,"재건하다, 재생시키다","renew, revive, revitalize",v.,Precision Vocabulary,정확하고 세밀한 표현,49,Bridge,2,,,,,,,,,,,,,,,,17,31,TOEFL_30x56_FINAL,,PENDING,,,,,,,,,,,,,,,,,,,,,,,,,,,,VOCAB,,,,,,,,,,,,,,,,,,,,,
TOEFL,T_D46_23,46,23,relentless,끊임없는,"continuous, unceasing, persistent",adj.,Precision Vocabulary,정확하고 세밀한 표현,49,Bridge,2,,,,,,,,,,,,,,,,29,10,TOEFL_30x56_FINAL,,PENDING,,,,,,,,,,,,,,,,,,,,,,,,,,,,VOCAB,,,,,,,,,,,,,,,,,,,,,
TOEFL,T_D46_24,46,24,remarkable,"놀라운, 주목할 만한","extraordinary, incredible, notable, significant",adj.,Precision Vocabulary,정확하고 세밀한 표현,49,Bridge,2,,,,,,,,,,,,,,,,3,19,TOEFL_30x56_FINAL,,PENDING,,,,,,,,,,,,,,,,,,,,,,,,,,,,VOCAB,,,,,,,,,,,,,,,,,,,,,
TOEFL,T_D46_25,46,25,remarkably,신기하게도,surprisingly,adv.,Precision Vocabulary,정확하고 세밀한 표현,49,Bridge,2,,,,,,,,,,,,,,,,15,23,TOEFL_30x56_FINAL,,PENDING,,,,,,,,,,,,,,,,,,,,,,,,,,,,VOCAB,,,,,,,,,,,,,,,,,,,,,
TOEFL,T_D46_26,46,26,retrospect,"회고하다, 추억하다",look back,v.,Precision Vocabulary,정확하고 세밀한 표현,49,Bridge,2,,,,,,,,,,,,,,,,27,38,TOEFL_30x56_FINAL,,PENDING,,,,,,,,,,,,,,,,,,,,,,,,,,,,VOCAB,,,,,,,,,,,,,,,,,,,,,
TOEFL,T_D46_27,46,27,roundabout,"우회적인, 간접적인","indirect, circuitous",adj.,Precision Vocabulary,정확하고 세밀한 표현,49,Bridge,2,,,,,,,,,,,,,,,,30,41,TOEFL_30x56_FINAL,,PENDING,,,,,,,,,,,,,,,,,,,,,,,,,,,,VOCAB,,,,,,,,,,,,,,,,,,,,,
TOEFL,T_D46_28,46,28,rudimentary,"기본적인, 기초의; 미발달의","basic, elementary, fundamental; primitive, undeveloped",adj.,Precision Vocabulary,정확하고 세밀한 표현,49,Bridge,2,,,,,,,,,,,,,,,,16,4,TOEFL_30x56_FINAL,,PENDING,,,,,,,,,,,,,,,,,,,,,,,,,,,,VOCAB,,,,,,,,,,,,,,,,,,,,,
TOEFL,T_D46_29,46,29,ruthlessly,무자비하게,"without mercy, relentlessly, cruelly",adv.,Precision Vocabulary,정확하고 세밀한 표현,49,Bridge,2,,,,,,,,,,,,,,,,30,4,TOEFL_30x56_FINAL,,PENDING,,,,,,,,,,,,,,,,,,,,,,,,,,,,VOCAB,,,,,,,,,,,,,,,,,,,,,
TOEFL,T_D46_30,46,30,scrutinize,(세밀히) 조사하다,"examine, inspect, investigate, probe",v.,Precision Vocabulary,정확하고 세밀한 표현,49,Bridge,2,,,,,,,,,,,,,,,,27,28,TOEFL_30x56_FINAL,,PENDING,,,,,,,,,,,,,,,,,,,,,,,,,,,,VOCAB,,,,,,,,,,,,,,,,,,,,,
TOEFL,T_D47_01,47,1,sequence,"연속, 순서","progression, series, string, succession; order",n.,Precision Vocabulary,정확하고 세밀한 표현,49,Bridge,2,,,,,,,,,,,,,,,,6,3,TOEFL_30x56_FINAL,,PENDING,,,,,,,,,,,,,,,,,,,,,,,,,,,,VOCAB,,,,,,,,,,,,,,,,,,,,,
TOEFL,T_D47_02,47,2,staggering,충격적인,"shocking, astonishing, stunning, astounding",adj.,Precision Vocabulary,정확하고 세밀한 표현,49,Bridge,2,,,,,,,,,,,,,,,,22,28,TOEFL_30x56_FINAL,,PENDING,,,,,,,,,,,,,,,,,,,,,,,,,,,,VOCAB,,,,,,,,,,,,,,,,,,,,,
TOEFL,T_D47_03,47,3,stratified,층으로 이루어진,layered,adj.,Precision Vocabulary,정확하고 세밀한 표현,49,Bridge,2,,,,,,,,,,,,,,,,5,49,TOEFL_30x56_FINAL,,PENDING,,,,,,,,,,,,,,,,,,,,,,,,,,,,VOCAB,,,,,,,,,,,,,,,,,,,,,
TOEFL,T_D47_04,47,4,alteration,"변화, 수정","change, modification",n.,Precision Vocabulary,정확하고 세밀한 표현,42,Advanced,2,,,,,,,,,,,,,,,,6,13,TOEFL_30x56_FINAL,,PENDING,,,,,,,,,,,,,,,,,,,,,,,,,,,,VOCAB,,,,,,,,,,,,,,,,,,,,,
TOEFL,T_D47_05,47,5,conventionally,관례적으로,"customarily, traditionally",adv.,Precision Vocabulary,정확하고 세밀한 표현,42,Advanced,2,,,,,,,,,,,,,,,,2,30,TOEFL_30x56_FINAL,,PENDING,,,,,,,,,,,,,,,,,,,,,,,,,,,,VOCAB,,,,,,,,,,,,,,,,,,,,,
TOEFL,T_D47_06,47,6,correspondingly,그에 상응하여,"similarly, likewise",adv.,Precision Vocabulary,정확하고 세밀한 표현,42,Advanced,2,,,,,,,,,,,,,,,,3,13,TOEFL_30x56_FINAL,,PENDING,,,,,,,,,,,,,,,,,,,,,,,,,,,,VOCAB,,,,,,,,,,,,,,,,,,,,,
TOEFL,T_D47_07,47,7,counterpart,상응하는 것,complement; equivalent,n.,Precision Vocabulary,정확하고 세밀한 표현,42,Advanced,2,,,,,,,,,,,,,,,,11,3,TOEFL_30x56_FINAL,,PENDING,,,,,,,,,,,,,,,,,,,,,,,,,,,,VOCAB,,,,,,,,,,,,,,,,,,,,,
TOEFL,T_D47_08,47,8,exceptionally,유난히,"uncommonly, unusually, distinctively",adv.,Precision Vocabulary,정확하고 세밀한 표현,42,Advanced,2,,,,,,,,,,,,,,,,22,11,TOEFL_30x56_FINAL,,PENDING,,,,,,,,,,,,,,,,,,,,,,,,,,,,VOCAB,,,,,,,,,,,,,,,,,,,,,
TOEFL,T_D47_09,47,9,indiscriminately,"무차별로, 가리지 않고",randomly,adv.,Precision Vocabulary,정확하고 세밀한 표현,42,Advanced,2,,,,,,,,,,,,,,,,19,55,TOEFL_30x56_FINAL,,PENDING,,,,,,,,,,,,,,,,,,,,,,,,,,,,VOCAB,,,,,,,,,,,,,,,,,,,,,
TOEFL,T_D47_10,47,10,progressively,점진적으로,increasingly,adv.,Precision Vocabulary,정확하고 세밀한 표현,42,Advanced,2,,,,,,,,,,,,,,,,15,7,TOEFL_30x56_FINAL,,PENDING,,,,,,,,,,,,,,,,,,,,,,,,,,,,VOCAB,,,,,,,,,,,,,,,,,,,,,
TOEFL,T_D47_11,47,11,refinement,개선,"small improvement, advancement, enhancement",n.,Precision Vocabulary,정확하고 세밀한 표현,42,Advanced,2,,,,,,,,,,,,,,,,10,6,TOEFL_30x56_FINAL,,PENDING,,,,,,,,,,,,,,,,,,,,,,,,,,,,VOCAB,,,,,,,,,,,,,,,,,,,,,
TOEFL,T_D47_12,47,12,revolutionize,혁신을 일으키다,"fundamentally change, completely change",v.,Precision Vocabulary,정확하고 세밀한 표현,42,Advanced,2,,,,,,,,,,,,,,,,27,22,TOEFL_30x56_FINAL,,PENDING,,,,,,,,,,,,,,,,,,,,,,,,,,,,VOCAB,,,,,,,,,,,,,,,,,,,,,
TOEFL,T_D47_13,47,13,simultaneously,동시에,"at the same time, concurrently, in parallel",adv.,Precision Vocabulary,정확하고 세밀한 표현,42,Advanced,2,,,,,,,,,,,,,,,,22,7,TOEFL_30x56_FINAL,,PENDING,,,,,,,,,,,,,,,,,,,,,,,,,,,,VOCAB,,,,,,,,,,,,,,,,,,,,,
TOEFL,T_D47_14,47,14,supplementary,추가의,"additional, extra",adj.,Precision Vocabulary,정확하고 세밀한 표현,42,Advanced,2,,,,,,,,,,,,,,,,7,51,TOEFL_30x56_FINAL,,PENDING,,,,,,,,,,,,,,,,,,,,,,,,,,,,VOCAB,,,,,,,,,,,,,,,,,,,,,
TOEFL,T_D47_15,47,15,traditionally,"전통적으로, 관습적으로",typically,adv.,Precision Vocabulary,정확하고 세밀한 표현,42,Advanced,2,,,,,,,,,,,,,,,,3,12,TOEFL_30x56_FINAL,,PENDING,,,,,,,,,,,,,,,,,,,,,,,,,,,,VOCAB,,,,,,,,,,,,,,,,,,,,,
TOEFL,T_D47_16,47,16,transition,"변화, 변천","change, alteration, shift",n.,Precision Vocabulary,정확하고 세밀한 표현,42,Advanced,2,,,,,,,,,,,,,,,,29,7,TOEFL_30x56_FINAL,,PENDING,,,,,,,,,,,,,,,,,,,,,,,,,,,,VOCAB,,,,,,,,,,,,,,,,,,,,,
TOEFL,T_D47_17,47,17,allegiance,"충성, 헌신","loyalty, fidelity, commitment, dedication",n.,Precision Vocabulary,정확하고 세밀한 표현,41,Advanced,2,,,,,,,,,,,,,,,,9,9,TOEFL_30x56_FINAL,,PENDING,,,,,,,,,,,,,,,,,,,,,,,,,,,,VOCAB,,,,,,,,,,,,,,,,,,,,,
TOEFL,T_D47_18,47,18,confidence,확신,"certainty, assurance, faith",n.,Precision Vocabulary,정확하고 세밀한 표현,41,Advanced,2,,,,,,,,,,,,,,,,28,49,TOEFL_30x56_FINAL,,PENDING,,,,,,,,,,,,,,,,,,,,,,,,,,,,VOCAB,,,,,,,,,,,,,,,,,,,,,
TOEFL,T_D47_19,47,19,conjecture,추측,"speculation, guess, supposition",n.,Precision Vocabulary,정확하고 세밀한 표현,41,Advanced,2,,,,,,,,,,,,,,,,3,4,TOEFL_30x56_FINAL,,PENDING,,,,,,,,,,,,,,,,,,,,,,,,,,,,VOCAB,,,,,,,,,,,,,,,,,,,,,
TOEFL,T_D47_20,47,20,determinant,결정 요인,"cause, factor",n.,Precision Vocabulary,정확하고 세밀한 표현,41,Advanced,2,,,,,,,,,,,,,,,,8,37,TOEFL_30x56_FINAL,,PENDING,,,,,,,,,,,,,,,,,,,,,,,,,,,,VOCAB,,,,,,,,,,,,,,,,,,,,,
TOEFL,T_D47_21,47,21,optimal,최적의,"best, ideal, most satisfactory",adj.,Advanced Recognition I,저빈도 고급어 익히기,54,Core,3,,,,,,,,,,,,,,,,22,2,TOEFL_30x56_FINAL,,PENDING,,,,,,,,,,,,,,,,,,,,,,,,,,,,VOCAB,,,,,,,,,,,,,,,,,,,,,
TOEFL,T_D47_22,47,22,optimum,최고의,"best, most favorable, supreme",adj.,Advanced Recognition I,저빈도 고급어 익히기,54,Core,3,,,,,,,,,,,,,,,,10,19,TOEFL_30x56_FINAL,,PENDING,,,,,,,,,,,,,,,,,,,,,,,,,,,,VOCAB,,,,,,,,,,,,,,,,,,,,,
TOEFL,T_D47_23,47,23,outdated,구식의,"old-fashioned, antiquated, archaic, outmoded",adj.,Advanced Recognition I,저빈도 고급어 익히기,54,Core,3,,,,,,,,,,,,,,,,24,28,TOEFL_30x56_FINAL,,PENDING,,,,,,,,,,,,,,,,,,,,,,,,,,,,VOCAB,,,,,,,,,,,,,,,,,,,,,
TOEFL,T_D47_24,47,24,outlying,"외진, 중심에서 떨어진","far from the center, remote, distant",adj.,Advanced Recognition I,저빈도 고급어 익히기,54,Core,3,,,,,,,,,,,,,,,,12,43,TOEFL_30x56_FINAL,,PENDING,,,,,,,,,,,,,,,,,,,,,,,,,,,,VOCAB,,,,,,,,,,,,,,,,,,,,,
TOEFL,T_D47_25,47,25,overlie,~위에 가로놓이다,"cover, overspread",v.,Advanced Recognition I,저빈도 고급어 익히기,54,Core,3,,,,,,,,,,,,,,,,29,50,TOEFL_30x56_FINAL,,PENDING,,,,,,,,,,,,,,,,,,,,,,,,,,,,VOCAB,,,,,,,,,,,,,,,,,,,,,
TOEFL,T_D47_26,47,26,oversee,감독하다,"supervise, control, superintend",v.,Advanced Recognition I,저빈도 고급어 익히기,54,Core,3,,,,,,,,,,,,,,,,9,40,TOEFL_30x56_FINAL,,PENDING,,,,,,,,,,,,,,,,,,,,,,,,,,,,VOCAB,,,,,,,,,,,,,,,,,,,,,
TOEFL,T_D47_27,47,27,palatial,"웅장한, 대궐 같은","magnificent, grand, majestic, splendid",adj.,Advanced Recognition I,저빈도 고급어 익히기,54,Core,3,,,,,,,,,,,,,,,,8,8,TOEFL_30x56_FINAL,,PENDING,,,,,,,,,,,,,,,,,,,,,,,,,,,,VOCAB,,,,,,,,,,,,,,,,,,,,,
TOEFL,T_D47_28,47,28,persist,지속하다,"continue, last, endure, remain",v.,Advanced Recognition I,저빈도 고급어 익히기,54,Core,3,,,,,,,,,,,,,,,,11,10,TOEFL_30x56_FINAL,,PENDING,,,,,,,,,,,,,,,,,,,,,,,,,,,,VOCAB,,,,,,,,,,,,,,,,,,,,,
TOEFL,T_D47_29,47,29,persuade,설득하다,"convince, induce",v.,Advanced Recognition I,저빈도 고급어 익히기,54,Core,3,,,,,,,,,,,,,,,,4,20,TOEFL_30x56_FINAL,,PENDING,,,,,,,,,,,,,,,,,,,,,,,,,,,,VOCAB,,,,,,,,,,,,,,,,,,,,,
TOEFL,T_D47_30,47,30,portable,휴대용의,"able to be carried, mobile, movable",adj.,Advanced Recognition I,저빈도 고급어 익히기,54,Core,3,,,,,,,,,,,,,,,,9,45,TOEFL_30x56_FINAL,,PENDING,,,,,,,,,,,,,,,,,,,,,,,,,,,,VOCAB,,,,,,,,,,,,,,,,,,,,,
TOEFL,T_D48_01,48,1,portray,"묘사하다, 보여주다","depict, show, picture, describe",v.,Advanced Recognition I,저빈도 고급어 익히기,54,Core,3,,,,,,,,,,,,,,,,30,11,TOEFL_30x56_FINAL,,PENDING,,,,,,,,,,,,,,,,,,,,,,,,,,,,VOCAB,,,,,,,,,,,,,,,,,,,,,
TOEFL,T_D48_02,48,2,precede,~에 앞서다,"come before, antecede, forerun",v.,Advanced Recognition I,저빈도 고급어 익히기,54,Core,3,,,,,,,,,,,,,,,,7,29,TOEFL_30x56_FINAL,,PENDING,,,,,,,,,,,,,,,,,,,,,,,,,,,,VOCAB,,,,,,,,,,,,,,,,,,,,,
TOEFL,T_D48_03,48,3,precious,귀중한,"valuable, dear, priceless",adj.,Advanced Recognition I,저빈도 고급어 익히기,54,Core,3,,,,,,,,,,,,,,,,11,18,TOEFL_30x56_FINAL,,PENDING,,,,,,,,,,,,,,,,,,,,,,,,,,,,VOCAB,,,,,,,,,,,,,,,,,,,,,
TOEFL,T_D48_04,48,4,preserve,"보호하다, 보존하다","protect, save, retain, maintain, conserve",v.,Advanced Recognition I,저빈도 고급어 익히기,54,Core,3,,,,,,,,,,,,,,,,25,21,TOEFL_30x56_FINAL,,PENDING,,,,,,,,,,,,,,,,,,,,,,,,,,,,VOCAB,,,,,,,,,,,,,,,,,,,,,
TOEFL,T_D48_05,48,5,presume,"~이라고 생각하다, 추정하다","believe, accept as true",v.,Advanced Recognition I,저빈도 고급어 익히기,54,Core,3,,,,,,,,,,,,,,,,9,18,TOEFL_30x56_FINAL,,PENDING,,,,,,,,,,,,,,,,,,,,,,,,,,,,VOCAB,,,,,,,,,,,,,,,,,,,,,
TOEFL,T_D48_06,48,6,pristine,"자연 그대로의, 오염되지 않은","unspoiled, pure, untouched",adj.,Advanced Recognition I,저빈도 고급어 익히기,54,Core,3,,,,,,,,,,,,,,,,16,14,TOEFL_30x56_FINAL,,PENDING,,,,,,,,,,,,,,,,,,,,,,,,,,,,VOCAB,,,,,,,,,,,,,,,,,,,,,
TOEFL,T_D48_07,48,7,profuse,풍부한,"abundant, plentiful, copious, lavish",adj.,Advanced Recognition I,저빈도 고급어 익히기,54,Core,3,,,,,,,,,,,,,,,,8,30,TOEFL_30x56_FINAL,,PENDING,,,,,,,,,,,,,,,,,,,,,,,,,,,,VOCAB,,,,,,,,,,,,,,,,,,,,,
TOEFL,T_D48_08,48,8,prolong,연장하다,"extend, lengthen, protract",v.,Advanced Recognition I,저빈도 고급어 익히기,54,Core,3,,,,,,,,,,,,,,,,27,5,TOEFL_30x56_FINAL,,PENDING,,,,,,,,,,,,,,,,,,,,,,,,,,,,VOCAB,,,,,,,,,,,,,,,,,,,,,
TOEFL,T_D48_09,48,9,prosper,"번영하다, 성공하다","succeed, flourish, thrive",v.,Advanced Recognition I,저빈도 고급어 익히기,54,Core,3,,,,,,,,,,,,,,,,11,49,TOEFL_30x56_FINAL,,PENDING,,,,,,,,,,,,,,,,,,,,,,,,,,,,VOCAB,,,,,,,,,,,,,,,,,,,,,
TOEFL,T_D48_10,48,10,strikingly,눈에 띄게,"remarkably, noticeably",adv.,Advanced Recognition I,저빈도 고급어 익히기,49,Bridge,2,,,,,,,,,,,,,,,,24,6,TOEFL_30x56_FINAL,,PENDING,,,,,,,,,,,,,,,,,,,,,,,,,,,,VOCAB,,,,,,,,,,,,,,,,,,,,,
TOEFL,T_D48_11,48,11,subsidiary,부수적인,"less important, auxiliary, subordinate",adj.,Advanced Recognition I,저빈도 고급어 익히기,49,Bridge,2,,,,,,,,,,,,,,,,3,26,TOEFL_30x56_FINAL,,PENDING,,,,,,,,,,,,,,,,,,,,,,,,,,,,VOCAB,,,,,,,,,,,,,,,,,,,,,
TOEFL,T_D48_12,48,12,successive,연속적인,"sequential, consecutive, serial",adj.,Advanced Recognition I,저빈도 고급어 익히기,49,Bridge,2,,,,,,,,,,,,,,,,20,39,TOEFL_30x56_FINAL,,PENDING,,,,,,,,,,,,,,,,,,,,,,,,,,,,VOCAB,,,,,,,,,,,,,,,,,,,,,
TOEFL,T_D48_13,48,13,sufficient,충분한,"enough, adequate, ample",adj.,Advanced Recognition I,저빈도 고급어 익히기,49,Bridge,2,,,,,,,,,,,,,,,,11,32,TOEFL_30x56_FINAL,,PENDING,,,,,,,,,,,,,,,,,,,,,,,,,,,,VOCAB,,,,,,,,,,,,,,,,,,,,,
TOEFL,T_D48_14,48,14,synthesize,통합하다,"integrate, combine, coalesce",v.,Advanced Recognition I,저빈도 고급어 익히기,49,Bridge,2,,,,,,,,,,,,,,,,4,32,TOEFL_30x56_FINAL,,PENDING,,,,,,,,,,,,,,,,,,,,,,,,,,,,VOCAB,,,,,,,,,,,,,,,,,,,,,
TOEFL,T_D48_15,48,15,thoroughly,"철저히, 완전히","completely, entirely",adv.,Advanced Recognition I,저빈도 고급어 익히기,49,Bridge,2,,,,,,,,,,,,,,,,6,50,TOEFL_30x56_FINAL,,PENDING,,,,,,,,,,,,,,,,,,,,,,,,,,,,VOCAB,,,,,,,,,,,,,,,,,,,,,
TOEFL,T_D48_16,48,16,transitory,일시적인,"short-lived, brief, ephemeral, fleeting",adj.,Advanced Recognition I,저빈도 고급어 익히기,49,Bridge,2,,,,,,,,,,,,,,,,16,8,TOEFL_30x56_FINAL,,PENDING,,,,,,,,,,,,,,,,,,,,,,,,,,,,VOCAB,,,,,,,,,,,,,,,,,,,,,
TOEFL,T_D48_17,48,17,transplant,이동시키다,"place in another context, remove, relocate",v.,Advanced Recognition I,저빈도 고급어 익히기,49,Bridge,2,,,,,,,,,,,,,,,,23,26,TOEFL_30x56_FINAL,,PENDING,,,,,,,,,,,,,,,,,,,,,,,,,,,,VOCAB,,,,,,,,,,,,,,,,,,,,,
TOEFL,T_D48_18,48,18,tremendous,엄청난,"great, large, gigantic, huge",adj.,Advanced Recognition I,저빈도 고급어 익히기,49,Bridge,2,,,,,,,,,,,,,,,,9,2,TOEFL_30x56_FINAL,,PENDING,,,,,,,,,,,,,,,,,,,,,,,,,,,,VOCAB,,,,,,,,,,,,,,,,,,,,,
TOEFL,T_D48_19,48,19,ubiquitous,어디에나 존재하는,"omnipresent, universal",adj.,Advanced Recognition I,저빈도 고급어 익히기,49,Bridge,2,,,,,,,,,,,,,,,,30,47,TOEFL_30x56_FINAL,,PENDING,,,,,,,,,,,,,,,,,,,,,,,,,,,,VOCAB,,,,,,,,,,,,,,,,,,,,,
TOEFL,T_D48_20,48,20,ultimately,"마침내, 결국","eventually, finally, in the end, lastly",adv.,Advanced Recognition I,저빈도 고급어 익히기,49,Bridge,2,,,,,,,,,,,,,,,,5,2,TOEFL_30x56_FINAL,,PENDING,,,,,,,,,,,,,,,,,,,,,,,,,,,,VOCAB,,,,,,,,,,,,,,,,,,,,,
TOEFL,T_D48_21,48,21,underscore,강조하다,"emphasize, reinforce, underline, accentuate",v.,Advanced Recognition I,저빈도 고급어 익히기,49,Bridge,2,,,,,,,,,,,,,,,,19,51,TOEFL_30x56_FINAL,,PENDING,,,,,,,,,,,,,,,,,,,,,,,,,,,,VOCAB,,,,,,,,,,,,,,,,,,,,,
TOEFL,T_D48_22,48,22,undisputed,논란의 여지가 없는,"acknowledged, accepted, recognized",adj.,Advanced Recognition I,저빈도 고급어 익히기,49,Bridge,2,,,,,,,,,,,,,,,,14,21,TOEFL_30x56_FINAL,,PENDING,,,,,,,,,,,,,,,,,,,,,,,,,,,,VOCAB,,,,,,,,,,,,,,,,,,,,,
TOEFL,T_D48_23,48,23,unexplored,"다루어지지 않은, 미지의",uncovered,adj.,Advanced Recognition I,저빈도 고급어 익히기,49,Bridge,2,,,,,,,,,,,,,,,,11,58,TOEFL_30x56_FINAL,,PENDING,,,,,,,,,,,,,,,,,,,,,,,,,,,,VOCAB,,,,,,,,,,,,,,,,,,,,,
TOEFL,T_D48_24,48,24,unresolved,미결의,"undecided, undetermined, unsettled",adj.,Advanced Recognition I,저빈도 고급어 익히기,49,Bridge,2,,,,,,,,,,,,,,,,24,12,TOEFL_30x56_FINAL,,PENDING,,,,,,,,,,,,,,,,,,,,,,,,,,,,VOCAB,,,,,,,,,,,,,,,,,,,,,
TOEFL,T_D48_25,48,25,unsuitable,적합하지 않은,"inappropriate, unfit, improper",adj.,Advanced Recognition I,저빈도 고급어 익히기,49,Bridge,2,,,,,,,,,,,,,,,,6,22,TOEFL_30x56_FINAL,,PENDING,,,,,,,,,,,,,,,,,,,,,,,,,,,,VOCAB,,,,,,,,,,,,,,,,,,,,,
TOEFL,T_D48_26,48,26,variety,다양성; 종류,"diversity, multiplicity; type, species, sort, kind",n.,Advanced Recognition I,저빈도 고급어 익히기,49,Bridge,2,,,,,,,,,,,,,,,,7,49,TOEFL_30x56_FINAL,,PENDING,,,,,,,,,,,,,,,,,,,,,,,,,,,,VOCAB,,,,,,,,,,,,,,,,,,,,,
TOEFL,T_D48_27,48,27,vicinity,1. 주변 인근 / 2. 근접,"1. neighborhood, area / 2. closeness, proximity",n.,Advanced Recognition I,저빈도 고급어 익히기,49,Bridge,2,,,,,,,,,,,,,,,,30,19,TOEFL_30x56_FINAL,,PENDING,,,,,,,,,,,,,,,,,,,,,,,,,,,,VOCAB,,,,,,,,,,,,,,,,,,,,,
TOEFL,T_D48_28,48,28,vulnerable,취약한,"easily damaged, susceptible, weak, open to attack",adj.,Advanced Recognition I,저빈도 고급어 익히기,49,Bridge,2,,,,,,,,,,,,,,,,25,5,TOEFL_30x56_FINAL,,PENDING,,,,,,,,,,,,,,,,,,,,,,,,,,,,VOCAB,,,,,,,,,,,,,,,,,,,,,
TOEFL,T_D48_29,48,29,forerunner,"선조, 선구자","predecessor, antecedent",n.,Advanced Recognition I,저빈도 고급어 익히기,41,Advanced,2,,,,,,,,,,,,,,,,23,49,TOEFL_30x56_FINAL,,PENDING,,,,,,,,,,,,,,,,,,,,,,,,,,,,VOCAB,,,,,,,,,,,,,,,,,,,,,
TOEFL,T_D48_30,48,30,groundwork,"토대, 기초","foundation, basis, footing",n.,Advanced Recognition I,저빈도 고급어 익히기,41,Advanced,2,,,,,,,,,,,,,,,,12,35,TOEFL_30x56_FINAL,,PENDING,,,,,,,,,,,,,,,,,,,,,,,,,,,,VOCAB,,,,,,,,,,,,,,,,,,,,,
TOEFL,T_D49_01,49,1,inclination,"경향, 기호","tendency, trend; preference, taste",n.,Advanced Recognition I,저빈도 고급어 익히기,41,Advanced,2,,,,,,,,,,,,,,,,8,38,TOEFL_30x56_FINAL,,PENDING,,,,,,,,,,,,,,,,,,,,,,,,,,,,VOCAB,,,,,,,,,,,,,,,,,,,,,
TOEFL,T_D49_02,49,2,orientation,"성향, 방향; 오리엔테이션","perspective, inclination, disposition; introduction, induction",n.,Advanced Recognition I,저빈도 고급어 익히기,41,Advanced,2,,,,,,,,,,,,,,,,17,15,TOEFL_30x56_FINAL,,PENDING,,,,,,,,,,,,,,,,,,,,,,,,,,,,VOCAB,,,,,,,,,,,,,,,,,,,,,
TOEFL,T_D49_03,49,3,phenomenon,"현상, 사건","occurrence, incident",n.,Advanced Recognition I,저빈도 고급어 익히기,41,Advanced,2,,,,,,,,,,,,,,,,9,14,TOEFL_30x56_FINAL,,PENDING,,,,,,,,,,,,,,,,,,,,,,,,,,,,VOCAB,,,,,,,,,,,,,,,,,,,,,
TOEFL,T_D49_04,49,4,prerequisite,필요조건,"requirement, necessary condition, precondition",n.,Advanced Recognition I,저빈도 고급어 익히기,41,Advanced,2,,,,,,,,,,,,,,,,26,8,TOEFL_30x56_FINAL,,PENDING,,,,,,,,,,,,,,,,,,,,,,,,,,,,VOCAB,,,,,,,,,,,,,,,,,,,,,
TOEFL,T_D49_05,49,5,propulsion,"추진, 추진력","moving forward, thrust, impetus",n.,Advanced Recognition I,저빈도 고급어 익히기,41,Advanced,2,,,,,,,,,,,,,,,,12,54,TOEFL_30x56_FINAL,,PENDING,,,,,,,,,,,,,,,,,,,,,,,,,,,,VOCAB,,,,,,,,,,,,,,,,,,,,,
TOEFL,T_D49_06,49,6,prosperity,번영,"economic well-being, wealth, fortune",n.,Advanced Recognition I,저빈도 고급어 익히기,41,Advanced,2,,,,,,,,,,,,,,,,6,40,TOEFL_30x56_FINAL,,PENDING,,,,,,,,,,,,,,,,,,,,,,,,,,,,VOCAB,,,,,,,,,,,,,,,,,,,,,
TOEFL,T_D49_07,49,7,recompense,보상,"repayment, compensation",n.,Advanced Recognition I,저빈도 고급어 익히기,41,Advanced,2,,,,,,,,,,,,,,,,7,36,TOEFL_30x56_FINAL,,PENDING,,,,,,,,,,,,,,,,,,,,,,,,,,,,VOCAB,,,,,,,,,,,,,,,,,,,,,
TOEFL,T_D49_08,49,8,resistance,"반대, 저항","opposition, objection, refusal to accept",n.,Advanced Recognition I,저빈도 고급어 익히기,41,Advanced,2,,,,,,,,,,,,,,,,8,54,TOEFL_30x56_FINAL,,PENDING,,,,,,,,,,,,,,,,,,,,,,,,,,,,VOCAB,,,,,,,,,,,,,,,,,,,,,
TOEFL,T_D49_09,49,9,resurgence,"재기, 부활","comeback, revival, rebirth",n.,Advanced Recognition I,저빈도 고급어 익히기,41,Advanced,2,,,,,,,,,,,,,,,,28,43,TOEFL_30x56_FINAL,,PENDING,,,,,,,,,,,,,,,,,,,,,,,,,,,,VOCAB,,,,,,,,,,,,,,,,,,,,,
TOEFL,T_D49_10,49,10,standpoint,"관점, 견해","perspective, point of view",n.,Advanced Recognition I,저빈도 고급어 익히기,41,Advanced,2,,,,,,,,,,,,,,,,16,52,TOEFL_30x56_FINAL,,PENDING,,,,,,,,,,,,,,,,,,,,,,,,,,,,VOCAB,,,,,,,,,,,,,,,,,,,,,
TOEFL,T_D49_11,49,11,standstill,"정지, 멈춤","complete stop, halt",n.,Advanced Recognition I,저빈도 고급어 익히기,41,Advanced,2,,,,,,,,,,,,,,,,17,22,TOEFL_30x56_FINAL,,PENDING,,,,,,,,,,,,,,,,,,,,,,,,,,,,VOCAB,,,,,,,,,,,,,,,,,,,,,
TOEFL,T_D49_12,49,12,subterfuge,속임수,"trick, deception",n.,Advanced Recognition I,저빈도 고급어 익히기,41,Advanced,2,,,,,,,,,,,,,,,,3,43,TOEFL_30x56_FINAL,,PENDING,,,,,,,,,,,,,,,,,,,,,,,,,,,,VOCAB,,,,,,,,,,,,,,,,,,,,,
TOEFL,T_D49_13,49,13,succession,연속,"sequence, series",n.,Advanced Recognition I,저빈도 고급어 익히기,41,Advanced,2,,,,,,,,,,,,,,,,3,47,TOEFL_30x56_FINAL,,PENDING,,,,,,,,,,,,,,,,,,,,,,,,,,,,VOCAB,,,,,,,,,,,,,,,,,,,,,
TOEFL,T_D49_14,49,14,throughout,~ 동안 내내,"during every part of, during the whole of",prep.,Advanced Recognition I,저빈도 고급어 익히기,41,Advanced,2,,,,,,,,,,,,,,,,14,49,TOEFL_30x56_FINAL,,PENDING,,,,,,,,,,,,,,,,,,,,,,,,,,,,VOCAB,,,,,,,,,,,,,,,,,,,,,
TOEFL,T_D49_15,49,15,turbulence,"소란, 동요","agitation, tumult, commotion, turmoil",n.,Advanced Recognition I,저빈도 고급어 익히기,41,Advanced,2,,,,,,,,,,,,,,,,22,39,TOEFL_30x56_FINAL,,PENDING,,,,,,,,,,,,,,,,,,,,,,,,,,,,VOCAB,,,,,,,,,,,,,,,,,,,,,
TOEFL,T_D49_16,49,16,unintentionally,의도치 않게,"inadvertently, accidentally, unconsciously",adv.,Advanced Recognition I,저빈도 고급어 익히기,41,Advanced,2,,,,,,,,,,,,,,,,14,28,TOEFL_30x56_FINAL,,PENDING,,,,,,,,,,,,,,,,,,,,,,,,,,,,VOCAB,,,,,,,,,,,,,,,,,,,,,
TOEFL,T_D49_17,49,17,provoke,불러일으키다,"incite, bring about, give rise to",v.,Advanced Recognition II,문맥 중심 고급어,54,Core,3,,,,,,,,,,,,,,,,4,15,TOEFL_30x56_FINAL,,PENDING,,,,,,,,,,,,,,,,,,,,,,,,,,,,VOCAB,,,,,,,,,,,,,,,,,,,,,
TOEFL,T_D49_18,49,18,puzzling,"영문 모를, 이해하기 어려운","difficult to explain, enigmatic",adj.,Advanced Recognition II,문맥 중심 고급어,54,Core,3,,,,,,,,,,,,,,,,28,23,TOEFL_30x56_FINAL,,PENDING,,,,,,,,,,,,,,,,,,,,,,,,,,,,VOCAB,,,,,,,,,,,,,,,,,,,,,
TOEFL,T_D49_19,49,19,quantify,"양을 재다, 측정하다",measure,v.,Advanced Recognition II,문맥 중심 고급어,54,Core,3,,,,,,,,,,,,,,,,16,25,TOEFL_30x56_FINAL,,PENDING,,,,,,,,,,,,,,,,,,,,,,,,,,,,VOCAB,,,,,,,,,,,,,,,,,,,,,
TOEFL,T_D49_20,49,20,rapidly,"급속히, 빨리","quickly, fast",adv.,Advanced Recognition II,문맥 중심 고급어,54,Core,3,,,,,,,,,,,,,,,,9,41,TOEFL_30x56_FINAL,,PENDING,,,,,,,,,,,,,,,,,,,,,,,,,,,,VOCAB,,,,,,,,,,,,,,,,,,,,,
TOEFL,T_D49_21,49,21,reckless,부주의한,"careless, heedless, inadvertent",adj.,Advanced Recognition II,문맥 중심 고급어,54,Core,3,,,,,,,,,,,,,,,,30,54,TOEFL_30x56_FINAL,,PENDING,,,,,,,,,,,,,,,,,,,,,,,,,,,,VOCAB,,,,,,,,,,,,,,,,,,,,,
TOEFL,T_D49_22,49,22,regulate,조절하다,"adjust, control",v.,Advanced Recognition II,문맥 중심 고급어,54,Core,3,,,,,,,,,,,,,,,,8,20,TOEFL_30x56_FINAL,,PENDING,,,,,,,,,,,,,,,,,,,,,,,,,,,,VOCAB,,,,,,,,,,,,,,,,,,,,,
TOEFL,T_D49_23,49,23,rekindle,다시 불러일으키다,"renew, arouse, reawaken",v.,Advanced Recognition II,문맥 중심 고급어,54,Core,3,,,,,,,,,,,,,,,,20,46,TOEFL_30x56_FINAL,,PENDING,,,,,,,,,,,,,,,,,,,,,,,,,,,,VOCAB,,,,,,,,,,,,,,,,,,,,,
TOEFL,T_D49_24,49,24,renounce,"포기하다, 버리다","give up, reject, relinquish",v.,Advanced Recognition II,문맥 중심 고급어,54,Core,3,,,,,,,,,,,,,,,,9,29,TOEFL_30x56_FINAL,,PENDING,,,,,,,,,,,,,,,,,,,,,,,,,,,,VOCAB,,,,,,,,,,,,,,,,,,,,,
TOEFL,T_D49_25,49,25,renowned,유명한,"famous, celebrated, prominent, eminent",adj.,Advanced Recognition II,문맥 중심 고급어,54,Core,3,,,,,,,,,,,,,,,,4,9,TOEFL_30x56_FINAL,,PENDING,,,,,,,,,,,,,,,,,,,,,,,,,,,,VOCAB,,,,,,,,,,,,,,,,,,,,,
TOEFL,T_D49_26,49,26,resolute,확고한,"firm, determined, steadfast, unwavering",adj.,Advanced Recognition II,문맥 중심 고급어,54,Core,3,,,,,,,,,,,,,,,,12,55,TOEFL_30x56_FINAL,,PENDING,,,,,,,,,,,,,,,,,,,,,,,,,,,,VOCAB,,,,,,,,,,,,,,,,,,,,,
TOEFL,T_D49_27,49,27,restrict,제한하다,"limit, confine, restrain",v.,Advanced Recognition II,문맥 중심 고급어,54,Core,3,,,,,,,,,,,,,,,,27,11,TOEFL_30x56_FINAL,,PENDING,,,,,,,,,,,,,,,,,,,,,,,,,,,,VOCAB,,,,,,,,,,,,,,,,,,,,,
TOEFL,T_D49_28,49,28,rigidly,엄격하게,"strictly, rigorously, severely",adv.,Advanced Recognition II,문맥 중심 고급어,54,Core,3,,,,,,,,,,,,,,,,21,54,TOEFL_30x56_FINAL,,PENDING,,,,,,,,,,,,,,,,,,,,,,,,,,,,VOCAB,,,,,,,,,,,,,,,,,,,,,
TOEFL,T_D49_29,49,29,roughly,대략,"approximately, nearly, about",adv.,Advanced Recognition II,문맥 중심 고급어,54,Core,3,,,,,,,,,,,,,,,,17,13,TOEFL_30x56_FINAL,,PENDING,,,,,,,,,,,,,,,,,,,,,,,,,,,,VOCAB,,,,,,,,,,,,,,,,,,,,,
TOEFL,T_D49_30,49,30,routine,"틀에 박힌, 일반적인","ordinary, normal, conventional",adj.,Advanced Recognition II,문맥 중심 고급어,54,Core,3,,,,,,,,,,,,,,,,8,40,TOEFL_30x56_FINAL,,PENDING,,,,,,,,,,,,,,,,,,,,,,,,,,,,VOCAB,,,,,,,,,,,,,,,,,,,,,
TOEFL,T_D50_01,50,1,saturate,흠뻑 적시다,"soak, drench, wet thoroughly",v.,Advanced Recognition II,문맥 중심 고급어,54,Core,3,,,,,,,,,,,,,,,,18,40,TOEFL_30x56_FINAL,,PENDING,,,,,,,,,,,,,,,,,,,,,,,,,,,,VOCAB,,,,,,,,,,,,,,,,,,,,,
TOEFL,T_D50_02,50,2,scatter,흩뿌리다,"disperse, dissipate, distribute, spread out",v.,Advanced Recognition II,문맥 중심 고급어,54,Core,3,,,,,,,,,,,,,,,,10,30,TOEFL_30x56_FINAL,,PENDING,,,,,,,,,,,,,,,,,,,,,,,,,,,,VOCAB,,,,,,,,,,,,,,,,,,,,,
TOEFL,T_D50_03,50,3,seamless,아주 매끄러운,perfectly smooth,adj.,Advanced Recognition II,문맥 중심 고급어,54,Core,3,,,,,,,,,,,,,,,,29,26,TOEFL_30x56_FINAL,,PENDING,,,,,,,,,,,,,,,,,,,,,,,,,,,,VOCAB,,,,,,,,,,,,,,,,,,,,,
TOEFL,T_D50_04,50,4,secluded,외딴,"remote, hidden, isolated, solitary",adj.,Advanced Recognition II,문맥 중심 고급어,54,Core,3,,,,,,,,,,,,,,,,23,31,TOEFL_30x56_FINAL,,PENDING,,,,,,,,,,,,,,,,,,,,,,,,,,,,VOCAB,,,,,,,,,,,,,,,,,,,,,
TOEFL,T_D50_05,50,5,widespread,"광범위한, 널리 퍼진","prevalent, broadly accepted, common",adj.,Advanced Recognition II,문맥 중심 고급어,49,Bridge,2,,,,,,,,,,,,,,,,29,14,TOEFL_30x56_FINAL,,PENDING,,,,,,,,,,,,,,,,,,,,,,,,,,,,VOCAB,,,,,,,,,,,,,,,,,,,,,
TOEFL,T_D50_06,50,6,account,"설명, 이야기","description, report, narrative",n.,Advanced Recognition II,문맥 중심 고급어,48,Bridge,2,,,,,,,,,,,,,,,,6,19,TOEFL_30x56_FINAL,,PENDING,,,,,,,,,,,,,,,,,,,,,,,,,,,,VOCAB,,,,,,,,,,,,,,,,,,,,,
TOEFL,T_D50_07,50,7,conclusively,결정적으로,"decisively, definitively",adv.,Advanced Recognition II,문맥 중심 고급어,48,Bridge,2,,,,,,,,,,,,,,,,28,12,TOEFL_30x56_FINAL,,PENDING,,,,,,,,,,,,,,,,,,,,,,,,,,,,VOCAB,,,,,,,,,,,,,,,,,,,,,
TOEFL,T_D50_08,50,8,diversity,"다양성, 차이",variety; difference,n.,Advanced Recognition II,문맥 중심 고급어,48,Bridge,2,,,,,,,,,,,,,,,,25,49,TOEFL_30x56_FINAL,,PENDING,,,,,,,,,,,,,,,,,,,,,,,,,,,,VOCAB,,,,,,,,,,,,,,,,,,,,,
TOEFL,T_D50_09,50,9,mechanism,"1. 기계, 장치 / 2. 방법","1. instrument, device, apparatus / 2. means, method, way",n.,Advanced Recognition II,문맥 중심 고급어,48,Bridge,2,,,,,,,,,,,,,,,,28,10,TOEFL_30x56_FINAL,,PENDING,,,,,,,,,,,,,,,,,,,,,,,,,,,,VOCAB,,,,,,,,,,,,,,,,,,,,,
TOEFL,T_D50_10,50,10,monumental,"엄청나게 큰, 기념비적인","huge, massive, great and significant",adj.,Advanced Recognition II,문맥 중심 고급어,48,Bridge,2,,,,,,,,,,,,,,,,28,21,TOEFL_30x56_FINAL,,PENDING,,,,,,,,,,,,,,,,,,,,,,,,,,,,VOCAB,,,,,,,,,,,,,,,,,,,,,
TOEFL,T_D50_11,50,11,ornamental,장식용의,"decorative, beautifying, embellishing",adj.,Advanced Recognition II,문맥 중심 고급어,48,Bridge,2,,,,,,,,,,,,,,,,18,20,TOEFL_30x56_FINAL,,PENDING,,,,,,,,,,,,,,,,,,,,,,,,,,,,VOCAB,,,,,,,,,,,,,,,,,,,,,
TOEFL,T_D50_12,50,12,outcome,결과,"result, consequence, conclusion",n.,Advanced Recognition II,문맥 중심 고급어,48,Bridge,2,,,,,,,,,,,,,,,,5,29,TOEFL_30x56_FINAL,,PENDING,,,,,,,,,,,,,,,,,,,,,,,,,,,,VOCAB,,,,,,,,,,,,,,,,,,,,,
TOEFL,T_D50_13,50,13,previously,이전에,"formerly, before, antecedently",adv.,Advanced Recognition II,문맥 중심 고급어,48,Bridge,2,,,,,,,,,,,,,,,,30,10,TOEFL_30x56_FINAL,,PENDING,,,,,,,,,,,,,,,,,,,,,,,,,,,,VOCAB,,,,,,,,,,,,,,,,,,,,,
TOEFL,T_D50_14,50,14,relatively,비교적으로,"comparatively, by comparison",adv.,Advanced Recognition II,문맥 중심 고급어,48,Bridge,2,,,,,,,,,,,,,,,,7,9,TOEFL_30x56_FINAL,,PENDING,,,,,,,,,,,,,,,,,,,,,,,,,,,,VOCAB,,,,,,,,,,,,,,,,,,,,,
TOEFL,T_D50_15,50,15,stationary,움직이지 않는,"unmoving, motionless, immobile",adj.,Advanced Recognition II,문맥 중심 고급어,48,Bridge,2,,,,,,,,,,,,,,,,20,28,TOEFL_30x56_FINAL,,PENDING,,,,,,,,,,,,,,,,,,,,,,,,,,,,VOCAB,,,,,,,,,,,,,,,,,,,,,
TOEFL,T_D50_16,50,16,accomplished,숙련된,"skilled, proficient",adj.,Advanced Recognition II,문맥 중심 고급어,47,Bridge,2,,,,,,,,,,,,,,,,19,45,TOEFL_30x56_FINAL,,PENDING,,,,,,,,,,,,,,,,,,,,,,,,,,,,VOCAB,,,,,,,,,,,,,,,,,,,,,
TOEFL,T_D50_17,50,17,accordingly,그에 따라서,"consequently, for that reason",adv.,Advanced Recognition II,문맥 중심 고급어,47,Bridge,2,,,,,,,,,,,,,,,,15,21,TOEFL_30x56_FINAL,,PENDING,,,,,,,,,,,,,,,,,,,,,,,,,,,,VOCAB,,,,,,,,,,,,,,,,,,,,,
TOEFL,T_D50_18,50,18,acknowledge,인정하다,"recognize, admit, accept",v.,Advanced Recognition II,문맥 중심 고급어,47,Bridge,2,,,,,,,,,,,,,,,,9,42,TOEFL_30x56_FINAL,,PENDING,,,,,,,,,,,,,,,,,,,,,,,,,,,,VOCAB,,,,,,,,,,,,,,,,,,,,,
TOEFL,T_D50_19,50,19,aftermath,"여파, 결과","result, outcome, consequence, aftereffect",n.,Advanced Recognition II,문맥 중심 고급어,47,Bridge,3,,,,,,,,,,,,,,,,1,31,TOEFL_30x56_FINAL,,PENDING,,,,,,,,,,,,,,,,,,,,,,,,,,,,VOCAB,,,,,,,,,,,,,,,,,,,,,
TOEFL,T_D50_20,50,20,antagonistic,"적대하는, 대립하는","hostile, adversarial",adj.,Advanced Recognition II,문맥 중심 고급어,47,Bridge,2,,,,,,,,,,,,,,,,24,44,TOEFL_30x56_FINAL,,PENDING,,,,,,,,,,,,,,,,,,,,,,,,,,,,VOCAB,,,,,,,,,,,,,,,,,,,,,
TOEFL,T_D50_21,50,21,appreciable,주목할 만한,"significant, noticeable, considerable",adj.,Advanced Recognition II,문맥 중심 고급어,47,Bridge,2,,,,,,,,,,,,,,,,14,55,TOEFL_30x56_FINAL,,PENDING,,,,,,,,,,,,,,,,,,,,,,,,,,,,VOCAB,,,,,,,,,,,,,,,,,,,,,
TOEFL,T_D50_22,50,22,appreciably,상당히,"noticeably, significantly, considerably",adv.,Advanced Recognition II,문맥 중심 고급어,47,Bridge,2,,,,,,,,,,,,,,,,4,24,TOEFL_30x56_FINAL,,PENDING,,,,,,,,,,,,,,,,,,,,,,,,,,,,VOCAB,,,,,,,,,,,,,,,,,,,,,
TOEFL,T_D50_23,50,23,astonishing,놀라운,"incredible, amazing, startling, astounding",adj.,Advanced Recognition II,문맥 중심 고급어,47,Bridge,2,,,,,,,,,,,,,,,,5,12,TOEFL_30x56_FINAL,,PENDING,,,,,,,,,,,,,,,,,,,,,,,,,,,,VOCAB,,,,,,,,,,,,,,,,,,,,,
TOEFL,T_D50_24,50,24,allocation,"할당, 배분","distribution, assignment, allotment",n.,Advanced Recognition II,문맥 중심 고급어,40,Advanced,2,,,,,,,,,,,,,,,,14,22,TOEFL_30x56_FINAL,,PENDING,,,,,,,,,,,,,,,,,,,,,,,,,,,,VOCAB,,,,,,,,,,,,,,,,,,,,,
TOEFL,T_D50_25,50,25,assessment,평가,"evaluation, appraisal",n.,Advanced Recognition II,문맥 중심 고급어,40,Advanced,2,,,,,,,,,,,,,,,,29,36,TOEFL_30x56_FINAL,,PENDING,,,,,,,,,,,,,,,,,,,,,,,,,,,,VOCAB,,,,,,,,,,,,,,,,,,,,,
TOEFL,T_D50_26,50,26,attainment,성취,"achievement, accomplishment, fulfillment",n.,Advanced Recognition II,문맥 중심 고급어,40,Advanced,2,,,,,,,,,,,,,,,,15,6,TOEFL_30x56_FINAL,,PENDING,,,,,,,,,,,,,,,,,,,,,,,,,,,,VOCAB,,,,,,,,,,,,,,,,,,,,,
TOEFL,T_D50_27,50,27,complement,"보완해 주는 요소, 보완물",supplement,n.,Advanced Recognition II,문맥 중심 고급어,40,Advanced,2,,,,,,,,,,,,,,,,19,48,TOEFL_30x56_FINAL,,PENDING,,,,,,,,,,,,,,,,,,,,,,,,,,,,VOCAB,,,,,,,,,,,,,,,,,,,,,
TOEFL,T_D50_28,50,28,contention,논쟁,"debate, argument, disagreement",n.,Advanced Recognition II,문맥 중심 고급어,40,Advanced,2,,,,,,,,,,,,,,,,3,45,TOEFL_30x56_FINAL,,PENDING,,,,,,,,,,,,,,,,,,,,,,,,,,,,VOCAB,,,,,,,,,,,,,,,,,,,,,
TOEFL,T_D50_29,50,29,convention,"관례, 관습","usually practiced custom, tradition, rule",n.,Advanced Recognition II,문맥 중심 고급어,40,Advanced,2,,,,,,,,,,,,,,,,25,33,TOEFL_30x56_FINAL,,PENDING,,,,,,,,,,,,,,,,,,,,,,,,,,,,VOCAB,,,,,,,,,,,,,,,,,,,,,
TOEFL,T_D50_30,50,30,conviction,강한 신념,"strong belief, strong opinion, faith",n.,Advanced Recognition II,문맥 중심 고급어,40,Advanced,2,,,,,,,,,,,,,,,,25,22,TOEFL_30x56_FINAL,,PENDING,,,,,,,,,,,,,,,,,,,,,,,,,,,,VOCAB,,,,,,,,,,,,,,,,,,,,,
TOEFL,T_D51_01,51,1,decimation,"대량 파괴, 대량 살해","destruction, devastation",n.,Advanced Recognition II,문맥 중심 고급어,40,Advanced,2,,,,,,,,,,,,,,,,25,3,TOEFL_30x56_FINAL,,PENDING,,,,,,,,,,,,,,,,,,,,,,,,,,,,VOCAB,,,,,,,,,,,,,,,,,,,,,
TOEFL,T_D51_02,51,2,embodiment,"전형, 구체화된 것","concrete example, epitome",n.,Advanced Recognition II,문맥 중심 고급어,40,Advanced,2,,,,,,,,,,,,,,,,5,20,TOEFL_30x56_FINAL,,PENDING,,,,,,,,,,,,,,,,,,,,,,,,,,,,VOCAB,,,,,,,,,,,,,,,,,,,,,
TOEFL,T_D51_03,51,3,impediment,장애물,"obstacle, obstruction, barrier",n.,Advanced Recognition II,문맥 중심 고급어,40,Advanced,2,,,,,,,,,,,,,,,,5,41,TOEFL_30x56_FINAL,,PENDING,,,,,,,,,,,,,,,,,,,,,,,,,,,,VOCAB,,,,,,,,,,,,,,,,,,,,,
TOEFL,T_D51_04,51,4,inducement,"유인책, 동기","incentive, incitement, lure",n.,Advanced Recognition II,문맥 중심 고급어,40,Advanced,2,,,,,,,,,,,,,,,,9,5,TOEFL_30x56_FINAL,,PENDING,,,,,,,,,,,,,,,,,,,,,,,,,,,,VOCAB,,,,,,,,,,,,,,,,,,,,,
TOEFL,T_D51_05,51,5,innovation,"혁신, 새로 개발한 것","new development, novelty, new idea",n.,Advanced Recognition II,문맥 중심 고급어,40,Advanced,2,,,,,,,,,,,,,,,,11,29,TOEFL_30x56_FINAL,,PENDING,,,,,,,,,,,,,,,,,,,,,,,,,,,,VOCAB,,,,,,,,,,,,,,,,,,,,,
TOEFL,T_D51_06,51,6,locomotion,이동 능력,"movement, motion",n.,Advanced Recognition II,문맥 중심 고급어,40,Advanced,2,,,,,,,,,,,,,,,,9,55,TOEFL_30x56_FINAL,,PENDING,,,,,,,,,,,,,,,,,,,,,,,,,,,,VOCAB,,,,,,,,,,,,,,,,,,,,,
TOEFL,T_D51_07,51,7,obligation,"의무, 책임","responsibility, duty, liability",n.,Advanced Recognition II,문맥 중심 고급어,40,Advanced,2,,,,,,,,,,,,,,,,14,41,TOEFL_30x56_FINAL,,PENDING,,,,,,,,,,,,,,,,,,,,,,,,,,,,VOCAB,,,,,,,,,,,,,,,,,,,,,
TOEFL,T_D51_08,51,8,projection,"추정, 예상","estimate, calculation, forecast, prediction",n.,Advanced Recognition II,문맥 중심 고급어,40,Advanced,2,,,,,,,,,,,,,,,,29,21,TOEFL_30x56_FINAL,,PENDING,,,,,,,,,,,,,,,,,,,,,,,,,,,,VOCAB,,,,,,,,,,,,,,,,,,,,,
TOEFL,T_D51_09,51,9,randomness,무작위성,lack of pattern,n.,Advanced Recognition II,문맥 중심 고급어,40,Advanced,2,,,,,,,,,,,,,,,,12,29,TOEFL_30x56_FINAL,,PENDING,,,,,,,,,,,,,,,,,,,,,,,,,,,,VOCAB,,,,,,,,,,,,,,,,,,,,,
TOEFL,T_D51_10,51,10,revolution,"혁명, 개혁","fundamental change, innovation",n.,Advanced Recognition II,문맥 중심 고급어,40,Advanced,2,,,,,,,,,,,,,,,,12,28,TOEFL_30x56_FINAL,,PENDING,,,,,,,,,,,,,,,,,,,,,,,,,,,,VOCAB,,,,,,,,,,,,,,,,,,,,,
TOEFL,T_D51_11,51,11,stagnation,침체,"low growth, downturn",n.,Advanced Recognition II,문맥 중심 고급어,40,Advanced,2,,,,,,,,,,,,,,,,2,35,TOEFL_30x56_FINAL,,PENDING,,,,,,,,,,,,,,,,,,,,,,,,,,,,VOCAB,,,,,,,,,,,,,,,,,,,,,
TOEFL,T_D51_12,51,12,authenticity,"진짜임, 진품성","genuineness, realness",n.,Advanced Recognition II,문맥 중심 고급어,39,Advanced,2,,,,,,,,,,,,,,,,24,31,TOEFL_30x56_FINAL,,PENDING,,,,,,,,,,,,,,,,,,,,,,,,,,,,VOCAB,,,,,,,,,,,,,,,,,,,,,
TOEFL,T_D51_13,51,13,severely,"격렬히, 심하게","intensely, seriously, sharply",adv.,Specialized Vocabulary,전문·특수 어휘,54,Core,3,,,,,,,,,,,,,,,,25,18,TOEFL_30x56_FINAL,,PENDING,,,,,,,,,,,,,,,,,,,,,,,,,,,,VOCAB,,,,,,,,,,,,,,,,,,,,,
TOEFL,T_D51_14,51,14,shatter,산산이 부수다,"break, destroy, smash",v.,Specialized Vocabulary,전문·특수 어휘,54,Core,3,,,,,,,,,,,,,,,,20,6,TOEFL_30x56_FINAL,,PENDING,,,,,,,,,,,,,,,,,,,,,,,,,,,,VOCAB,,,,,,,,,,,,,,,,,,,,,
TOEFL,T_D51_15,51,15,shortly,곧,"soon, presently",adv.,Specialized Vocabulary,전문·특수 어휘,54,Core,3,,,,,,,,,,,,,,,,13,55,TOEFL_30x56_FINAL,,PENDING,,,,,,,,,,,,,,,,,,,,,,,,,,,,VOCAB,,,,,,,,,,,,,,,,,,,,,
TOEFL,T_D51_16,51,16,shrivel,시들다,"dry up, wither, wilt",v.,Specialized Vocabulary,전문·특수 어휘,54,Core,3,,,,,,,,,,,,,,,,29,38,TOEFL_30x56_FINAL,,PENDING,,,,,,,,,,,,,,,,,,,,,,,,,,,,VOCAB,,,,,,,,,,,,,,,,,,,,,
TOEFL,T_D51_17,51,17,similar,비슷한,"comparable, alike, analogous",adj.,Specialized Vocabulary,전문·특수 어휘,54,Core,3,,,,,,,,,,,,,,,,22,36,TOEFL_30x56_FINAL,,PENDING,,,,,,,,,,,,,,,,,,,,,,,,,,,,VOCAB,,,,,,,,,,,,,,,,,,,,,
TOEFL,T_D51_18,51,18,simulate,"흉내 내다, 가장하다","imitate, pretend, feign",v.,Specialized Vocabulary,전문·특수 어휘,54,Core,3,,,,,,,,,,,,,,,,28,30,TOEFL_30x56_FINAL,,PENDING,,,,,,,,,,,,,,,,,,,,,,,,,,,,VOCAB,,,,,,,,,,,,,,,,,,,,,
TOEFL,T_D51_19,51,19,slightly,약간,"a little, somewhat, a bit",adv.,Specialized Vocabulary,전문·특수 어휘,54,Core,3,,,,,,,,,,,,,,,,14,37,TOEFL_30x56_FINAL,,PENDING,,,,,,,,,,,,,,,,,,,,,,,,,,,,VOCAB,,,,,,,,,,,,,,,,,,,,,
TOEFL,T_D51_20,51,20,sloping,경사진,"inclining, inclined, slanted",adj.,Specialized Vocabulary,전문·특수 어휘,54,Core,3,,,,,,,,,,,,,,,,22,47,TOEFL_30x56_FINAL,,PENDING,,,,,,,,,,,,,,,,,,,,,,,,,,,,VOCAB,,,,,,,,,,,,,,,,,,,,,
TOEFL,T_D51_21,51,21,somewhat,어느 정도,"to some degree, to some extent, rather",adv.,Specialized Vocabulary,전문·특수 어휘,54,Core,3,,,,,,,,,,,,,,,,13,50,TOEFL_30x56_FINAL,,PENDING,,,,,,,,,,,,,,,,,,,,,,,,,,,,VOCAB,,,,,,,,,,,,,,,,,,,,,
TOEFL,T_D51_22,51,22,sparsely,"드문드문, 밀도가 낮게","thinly, widely scattered",adv.,Specialized Vocabulary,전문·특수 어휘,54,Core,3,,,,,,,,,,,,,,,,25,38,TOEFL_30x56_FINAL,,PENDING,,,,,,,,,,,,,,,,,,,,,,,,,,,,VOCAB,,,,,,,,,,,,,,,,,,,,,
TOEFL,T_D51_23,51,23,specify,명시하다,"state, define, stipulate",v.,Specialized Vocabulary,전문·특수 어휘,54,Core,3,,,,,,,,,,,,,,,,2,38,TOEFL_30x56_FINAL,,PENDING,,,,,,,,,,,,,,,,,,,,,,,,,,,,VOCAB,,,,,,,,,,,,,,,,,,,,,
TOEFL,T_D51_24,51,24,splendid,멋진,"marvelous, magnificent",adj.,Specialized Vocabulary,전문·특수 어휘,54,Core,3,,,,,,,,,,,,,,,,10,27,TOEFL_30x56_FINAL,,PENDING,,,,,,,,,,,,,,,,,,,,,,,,,,,,VOCAB,,,,,,,,,,,,,,,,,,,,,
TOEFL,T_D51_25,51,25,sporadic,때때로 일어나는,"occasional, intermittent, irregular, infrequent",adj.,Specialized Vocabulary,전문·특수 어휘,54,Core,3,,,,,,,,,,,,,,,,21,46,TOEFL_30x56_FINAL,,PENDING,,,,,,,,,,,,,,,,,,,,,,,,,,,,VOCAB,,,,,,,,,,,,,,,,,,,,,
TOEFL,T_D51_26,51,26,stagnant,활발하지 않은,"inactive, sluggish",adj.,Specialized Vocabulary,전문·특수 어휘,54,Core,3,,,,,,,,,,,,,,,,16,37,TOEFL_30x56_FINAL,,PENDING,,,,,,,,,,,,,,,,,,,,,,,,,,,,VOCAB,,,,,,,,,,,,,,,,,,,,,
TOEFL,T_D51_27,51,27,steadily,꾸준하게,"consistently, continuously, constantly, at an unvarying rate",adv.,Specialized Vocabulary,전문·특수 어휘,54,Core,3,,,,,,,,,,,,,,,,16,15,TOEFL_30x56_FINAL,,PENDING,,,,,,,,,,,,,,,,,,,,,,,,,,,,VOCAB,,,,,,,,,,,,,,,,,,,,,
TOEFL,T_D51_28,51,28,sterile,황폐한,"barren, unproductive, infertile",adj.,Specialized Vocabulary,전문·특수 어휘,54,Core,3,,,,,,,,,,,,,,,,29,28,TOEFL_30x56_FINAL,,PENDING,,,,,,,,,,,,,,,,,,,,,,,,,,,,VOCAB,,,,,,,,,,,,,,,,,,,,,
TOEFL,T_D51_29,51,29,strategy,"전략, 방법","plan, method, scheme",n.,Specialized Vocabulary,전문·특수 어휘,54,Core,3,,,,,,,,,,,,,,,,11,16,TOEFL_30x56_FINAL,,PENDING,,,,,,,,,,,,,,,,,,,,,,,,,,,,VOCAB,,,,,,,,,,,,,,,,,,,,,
TOEFL,T_D51_30,51,30,astoundingly,몹시 놀랍게도,"incredibly, surprisingly, shockingly, astonishingly",adv.,Specialized Vocabulary,전문·특수 어휘,47,Bridge,2,,,,,,,,,,,,,,,,1,30,TOEFL_30x56_FINAL,,PENDING,,,,,,,,,,,,,,,,,,,,,,,,,,,,VOCAB,,,,,,,,,,,,,,,,,,,,,
TOEFL,T_D52_01,52,1,calculatedly,계획적으로,"deliberately, intentionally, knowingly",adv.,Specialized Vocabulary,전문·특수 어휘,47,Bridge,2,,,,,,,,,,,,,,,,9,47,TOEFL_30x56_FINAL,,PENDING,,,,,,,,,,,,,,,,,,,,,,,,,,,,VOCAB,,,,,,,,,,,,,,,,,,,,,
TOEFL,T_D52_02,52,2,catastrophic,"비극적인, 파멸의","disastrous, harmful, tragic, calamitous",adj.,Specialized Vocabulary,전문·특수 어휘,47,Bridge,2,,,,,,,,,,,,,,,,16,45,TOEFL_30x56_FINAL,,PENDING,,,,,,,,,,,,,,,,,,,,,,,,,,,,VOCAB,,,,,,,,,,,,,,,,,,,,,
TOEFL,T_D52_03,52,3,commemorate,기념하다,"celebrate, memorialize",v.,Specialized Vocabulary,전문·특수 어휘,47,Bridge,2,,,,,,,,,,,,,,,,17,33,TOEFL_30x56_FINAL,,PENDING,,,,,,,,,,,,,,,,,,,,,,,,,,,,VOCAB,,,,,,,,,,,,,,,,,,,,,
TOEFL,T_D52_04,52,4,comparative,상대적인,relative,adj.,Specialized Vocabulary,전문·특수 어휘,47,Bridge,2,,,,,,,,,,,,,,,,2,33,TOEFL_30x56_FINAL,,PENDING,,,,,,,,,,,,,,,,,,,,,,,,,,,,VOCAB,,,,,,,,,,,,,,,,,,,,,
TOEFL,T_D52_05,52,5,complicated,복잡한,"complex, intricate, elaborate",adj.,Specialized Vocabulary,전문·특수 어휘,47,Bridge,2,,,,,,,,,,,,,,,,25,27,TOEFL_30x56_FINAL,,PENDING,,,,,,,,,,,,,,,,,,,,,,,,,,,,VOCAB,,,,,,,,,,,,,,,,,,,,,
TOEFL,T_D52_06,52,6,compulsorily,의무적으로,"by requirement, obligatorily, mandatorily",adv.,Specialized Vocabulary,전문·특수 어휘,47,Bridge,2,,,,,,,,,,,,,,,,13,27,TOEFL_30x56_FINAL,,PENDING,,,,,,,,,,,,,,,,,,,,,,,,,,,,VOCAB,,,,,,,,,,,,,,,,,,,,,
TOEFL,T_D52_07,52,7,conceivable,생각할 수 있는,"imaginable, thinkable, possible",adj.,Specialized Vocabulary,전문·특수 어휘,47,Bridge,2,,,,,,,,,,,,,,,,2,40,TOEFL_30x56_FINAL,,PENDING,,,,,,,,,,,,,,,,,,,,,,,,,,,,VOCAB,,,,,,,,,,,,,,,,,,,,,
TOEFL,T_D52_08,52,8,considerably,상당히,"significantly, appreciably, fairly",adv.,Specialized Vocabulary,전문·특수 어휘,47,Bridge,2,,,,,,,,,,,,,,,,21,5,TOEFL_30x56_FINAL,,PENDING,,,,,,,,,,,,,,,,,,,,,,,,,,,,VOCAB,,,,,,,,,,,,,,,,,,,,,
TOEFL,T_D52_09,52,9,consistently,일관되게,"regularly, typically, unchangingly",adv.,Specialized Vocabulary,전문·특수 어휘,47,Bridge,2,,,,,,,,,,,,,,,,13,39,TOEFL_30x56_FINAL,,PENDING,,,,,,,,,,,,,,,,,,,,,,,,,,,,VOCAB,,,,,,,,,,,,,,,,,,,,,
TOEFL,T_D52_10,52,10,conspicuous,"눈에 띄는, 뚜렷한","(very) noticeable, clearly visible, prominent, obvious",adj.,Specialized Vocabulary,전문·특수 어휘,47,Bridge,2,,,,,,,,,,,,,,,,2,11,TOEFL_30x56_FINAL,,PENDING,,,,,,,,,,,,,,,,,,,,,,,,,,,,VOCAB,,,,,,,,,,,,,,,,,,,,,
TOEFL,T_D52_11,52,11,constituent,구성 요소의,"component, elemental",adj.,Specialized Vocabulary,전문·특수 어휘,47,Bridge,2,,,,,,,,,,,,,,,,8,42,TOEFL_30x56_FINAL,,PENDING,,,,,,,,,,,,,,,,,,,,,,,,,,,,VOCAB,,,,,,,,,,,,,,,,,,,,,
TOEFL,T_D52_12,52,12,constricted,"좁은, 수축된","narrow, contracted",adj.,Specialized Vocabulary,전문·특수 어휘,47,Bridge,2,,,,,,,,,,,,,,,,30,49,TOEFL_30x56_FINAL,,PENDING,,,,,,,,,,,,,,,,,,,,,,,,,,,,VOCAB,,,,,,,,,,,,,,,,,,,,,
TOEFL,T_D52_13,52,13,contemplate,곰곰이 생각하다,"consider, ponder",v.,Specialized Vocabulary,전문·특수 어휘,47,Bridge,2,,,,,,,,,,,,,,,,6,51,TOEFL_30x56_FINAL,,PENDING,,,,,,,,,,,,,,,,,,,,,,,,,,,,VOCAB,,,,,,,,,,,,,,,,,,,,,
TOEFL,T_D52_14,52,14,contemptuous,경멸하는,"scornful, disdainful",adj.,Specialized Vocabulary,전문·특수 어휘,47,Bridge,2,,,,,,,,,,,,,,,,20,32,TOEFL_30x56_FINAL,,PENDING,,,,,,,,,,,,,,,,,,,,,,,,,,,,VOCAB,,,,,,,,,,,,,,,,,,,,,
TOEFL,T_D52_15,52,15,contentious,논쟁을 불러일으키는,"disputed, controversial, argumentative",adj.,Specialized Vocabulary,전문·특수 어휘,47,Bridge,2,,,,,,,,,,,,,,,,18,50,TOEFL_30x56_FINAL,,PENDING,,,,,,,,,,,,,,,,,,,,,,,,,,,,VOCAB,,,,,,,,,,,,,,,,,,,,,
TOEFL,T_D52_16,52,16,corroborate,확증하다,"confirm, verify, substantiate",v.,Specialized Vocabulary,전문·특수 어휘,47,Bridge,2,,,,,,,,,,,,,,,,12,12,TOEFL_30x56_FINAL,,PENDING,,,,,,,,,,,,,,,,,,,,,,,,,,,,VOCAB,,,,,,,,,,,,,,,,,,,,,
TOEFL,T_D52_17,52,17,deliberately,일부러,"intentionally, consciously, on purpose",adv.,Specialized Vocabulary,전문·특수 어휘,47,Bridge,2,,,,,,,,,,,,,,,,14,38,TOEFL_30x56_FINAL,,PENDING,,,,,,,,,,,,,,,,,,,,,,,,,,,,VOCAB,,,,,,,,,,,,,,,,,,,,,
TOEFL,T_D52_18,52,18,demonstrate,"나타내다, 보여주다","indicate, show, manifest",v.,Specialized Vocabulary,전문·특수 어휘,47,Bridge,2,,,,,,,,,,,,,,,,25,30,TOEFL_30x56_FINAL,,PENDING,,,,,,,,,,,,,,,,,,,,,,,,,,,,VOCAB,,,,,,,,,,,,,,,,,,,,,
TOEFL,T_D52_19,52,19,breakthrough,큰 발전,"sudden advance, progress",n.,Specialized Vocabulary,전문·특수 어휘,39,Advanced,2,,,,,,,,,,,,,,,,9,3,TOEFL_30x56_FINAL,,PENDING,,,,,,,,,,,,,,,,,,,,,,,,,,,,VOCAB,,,,,,,,,,,,,,,,,,,,,
TOEFL,T_D52_20,52,20,circumstance,상황,"condition, situation",n.,Specialized Vocabulary,전문·특수 어휘,39,Advanced,2,,,,,,,,,,,,,,,,5,11,TOEFL_30x56_FINAL,,PENDING,,,,,,,,,,,,,,,,,,,,,,,,,,,,VOCAB,,,,,,,,,,,,,,,,,,,,,
TOEFL,T_D52_21,52,21,coincidence,우연의 일치,chance happening,n.,Specialized Vocabulary,전문·특수 어휘,39,Advanced,2,,,,,,,,,,,,,,,,6,48,TOEFL_30x56_FINAL,,PENDING,,,,,,,,,,,,,,,,,,,,,,,,,,,,VOCAB,,,,,,,,,,,,,,,,,,,,,
TOEFL,T_D52_22,52,22,conjuncture,"결합, 접합","combination, connection, juncture",n.,Specialized Vocabulary,전문·특수 어휘,39,Advanced,2,,,,,,,,,,,,,,,,24,22,TOEFL_30x56_FINAL,,PENDING,,,,,,,,,,,,,,,,,,,,,,,,,,,,VOCAB,,,,,,,,,,,,,,,,,,,,,
TOEFL,T_D52_23,52,23,controversy,논쟁,"dispute, debate, disagreement, contention",n.,Specialized Vocabulary,전문·특수 어휘,39,Advanced,2,,,,,,,,,,,,,,,,7,23,TOEFL_30x56_FINAL,,PENDING,,,,,,,,,,,,,,,,,,,,,,,,,,,,VOCAB,,,,,,,,,,,,,,,,,,,,,
TOEFL,T_D52_24,52,24,cornerstone,"초석, 기초","foundation, basic element, basis, underpinning",n.,Specialized Vocabulary,전문·특수 어휘,39,Advanced,2,,,,,,,,,,,,,,,,14,25,TOEFL_30x56_FINAL,,PENDING,,,,,,,,,,,,,,,,,,,,,,,,,,,,VOCAB,,,,,,,,,,,,,,,,,,,,,
TOEFL,T_D52_25,52,25,discrepancy,불일치,"inconsistency, disparity, dissimilarity",n.,Specialized Vocabulary,전문·특수 어휘,39,Advanced,2,,,,,,,,,,,,,,,,2,55,TOEFL_30x56_FINAL,,PENDING,,,,,,,,,,,,,,,,,,,,,,,,,,,,VOCAB,,,,,,,,,,,,,,,,,,,,,
TOEFL,T_D52_26,52,26,equilibrium,균형,"balance, symmetry",n.,Specialized Vocabulary,전문·특수 어휘,39,Advanced,2,,,,,,,,,,,,,,,,6,20,TOEFL_30x56_FINAL,,PENDING,,,,,,,,,,,,,,,,,,,,,,,,,,,,VOCAB,,,,,,,,,,,,,,,,,,,,,
TOEFL,T_D52_27,52,27,flexibility,"융통성, 적응성","adaptability, adjustability, versatility",n.,Specialized Vocabulary,전문·특수 어휘,39,Advanced,2,,,,,,,,,,,,,,,,22,42,TOEFL_30x56_FINAL,,PENDING,,,,,,,,,,,,,,,,,,,,,,,,,,,,VOCAB,,,,,,,,,,,,,,,,,,,,,
TOEFL,T_D52_28,52,28,idiosyncrasy,"특이성, 이상한 점","peculiarity, eccentricity, oddity",n.,Specialized Vocabulary,전문·특수 어휘,39,Advanced,2,,,,,,,,,,,,,,,,9,11,TOEFL_30x56_FINAL,,PENDING,,,,,,,,,,,,,,,,,,,,,,,,,,,,VOCAB,,,,,,,,,,,,,,,,,,,,,
TOEFL,T_D52_29,52,29,intercourse,"교류, 교환","exchange, interchange",n.,Specialized Vocabulary,전문·특수 어휘,39,Advanced,2,,,,,,,,,,,,,,,,30,31,TOEFL_30x56_FINAL,,PENDING,,,,,,,,,,,,,,,,,,,,,,,,,,,,VOCAB,,,,,,,,,,,,,,,,,,,,,
TOEFL,T_D52_30,52,30,merchandise,상품,"goods, product, commodity",n.,Specialized Vocabulary,전문·특수 어휘,39,Advanced,2,,,,,,,,,,,,,,,,28,54,TOEFL_30x56_FINAL,,PENDING,,,,,,,,,,,,,,,,,,,,,,,,,,,,VOCAB,,,,,,,,,,,,,,,,,,,,,
TOEFL,T_D53_01,53,1,peculiarity,"기이함, 특징, 특성","feature, characteristic, quality",n.,Specialized Vocabulary,전문·특수 어휘,39,Advanced,2,,,,,,,,,,,,,,,,18,37,TOEFL_30x56_FINAL,,PENDING,,,,,,,,,,,,,,,,,,,,,,,,,,,,VOCAB,,,,,,,,,,,,,,,,,,,,,
TOEFL,T_D53_02,53,2,persistence,지속,"continuation, ceaselessness",n.,Specialized Vocabulary,전문·특수 어휘,39,Advanced,2,,,,,,,,,,,,,,,,21,15,TOEFL_30x56_FINAL,,PENDING,,,,,,,,,,,,,,,,,,,,,,,,,,,,VOCAB,,,,,,,,,,,,,,,,,,,,,
TOEFL,T_D53_03,53,3,repercussion,(사건·행동 등의) 영향,"effect, consequence, result",n.,Specialized Vocabulary,전문·특수 어휘,39,Advanced,2,,,,,,,,,,,,,,,,29,2,TOEFL_30x56_FINAL,,PENDING,,,,,,,,,,,,,,,,,,,,,,,,,,,,VOCAB,,,,,,,,,,,,,,,,,,,,,
TOEFL,T_D53_04,53,4,shortcoming,"결점, 단점","weakness, disadvantage, defect, failing",n.,Specialized Vocabulary,전문·특수 어휘,39,Advanced,2,,,,,,,,,,,,,,,,30,18,TOEFL_30x56_FINAL,,PENDING,,,,,,,,,,,,,,,,,,,,,,,,,,,,VOCAB,,,,,,,,,,,,,,,,,,,,,
TOEFL,T_D53_05,53,5,subsequence,"연속, 이어서 일어나는 것","succession, next in a series",n.,Specialized Vocabulary,전문·특수 어휘,39,Advanced,2,,,,,,,,,,,,,,,,24,2,TOEFL_30x56_FINAL,,PENDING,,,,,,,,,,,,,,,,,,,,,,,,,,,,VOCAB,,,,,,,,,,,,,,,,,,,,,
TOEFL,T_D53_06,53,6,subsistence,생존,"survival, existence, living",n.,Specialized Vocabulary,전문·특수 어휘,39,Advanced,2,,,,,,,,,,,,,,,,9,31,TOEFL_30x56_FINAL,,PENDING,,,,,,,,,,,,,,,,,,,,,,,,,,,,VOCAB,,,,,,,,,,,,,,,,,,,,,
TOEFL,T_D53_07,53,7,substantiate,입증하다,"confirm, prove, authenticate, verify",v.,Specialized Vocabulary,전문·특수 어휘,39,Advanced,2,,,,,,,,,,,,,,,,1,22,TOEFL_30x56_FINAL,,PENDING,,,,,,,,,,,,,,,,,,,,,,,,,,,,VOCAB,,,,,,,,,,,,,,,,,,,,,
TOEFL,T_D53_08,53,8,surveillance,감시,"observation, watch, supervision",n.,Specialized Vocabulary,전문·특수 어휘,39,Advanced,2,,,,,,,,,,,,,,,,22,18,TOEFL_30x56_FINAL,,PENDING,,,,,,,,,,,,,,,,,,,,,,,,,,,,VOCAB,,,,,,,,,,,,,,,,,,,,,
TOEFL,T_D53_09,53,9,stratify,층을 이루다,layer,v.,Rare but Useful,드물지만 유용한 표현,54,Core,3,,,,,,,,,,,,,,,,25,52,TOEFL_30x56_FINAL,,PENDING,,,,,,,,,,,,,,,,,,,,,,,,,,,,VOCAB,,,,,,,,,,,,,,,,,,,,,
TOEFL,T_D53_10,53,10,stretch,늘이다,"extend, lengthen",v.,Rare but Useful,드물지만 유용한 표현,54,Core,3,,,,,,,,,,,,,,,,28,34,TOEFL_30x56_FINAL,,PENDING,,,,,,,,,,,,,,,,,,,,,,,,,,,,VOCAB,,,,,,,,,,,,,,,,,,,,,
TOEFL,T_D53_11,53,11,striking,인상적인,"noticeable, remarkable, attention-getting",adj.,Rare but Useful,드물지만 유용한 표현,54,Core,3,,,,,,,,,,,,,,,,7,14,TOEFL_30x56_FINAL,,PENDING,,,,,,,,,,,,,,,,,,,,,,,,,,,,VOCAB,,,,,,,,,,,,,,,,,,,,,
TOEFL,T_D53_12,53,12,stunning,놀랄 만큼 멋진,"amazing, impressive, breathtaking, spectacular",adj.,Rare but Useful,드물지만 유용한 표현,54,Core,3,,,,,,,,,,,,,,,,13,22,TOEFL_30x56_FINAL,,PENDING,,,,,,,,,,,,,,,,,,,,,,,,,,,,VOCAB,,,,,,,,,,,,,,,,,,,,,
TOEFL,T_D53_13,53,13,stunted,"발육이 저해된, 성장을 방해받은","underdeveloped, hindered, hampered",adj.,Rare but Useful,드물지만 유용한 표현,54,Core,2,,,,,,,,,,,,,,,,1,50,TOEFL_30x56_FINAL,,PENDING,,,,,,,,,,,,,,,,,,,,,,,,,,,,VOCAB,,,,,,,,,,,,,,,,,,,,,
TOEFL,T_D53_14,53,14,subsist,생존하다,"survive, endure, exist",v.,Rare but Useful,드물지만 유용한 표현,54,Core,3,,,,,,,,,,,,,,,,17,27,TOEFL_30x56_FINAL,,PENDING,,,,,,,,,,,,,,,,,,,,,,,,,,,,VOCAB,,,,,,,,,,,,,,,,,,,,,
TOEFL,T_D53_15,53,15,suitable,적절한,"appropriate, proper, apt",adj.,Rare but Useful,드물지만 유용한 표현,54,Core,3,,,,,,,,,,,,,,,,30,12,TOEFL_30x56_FINAL,,PENDING,,,,,,,,,,,,,,,,,,,,,,,,,,,,VOCAB,,,,,,,,,,,,,,,,,,,,,
TOEFL,T_D53_16,53,16,supplant,대체하다,"replace, substitute, displace, supersede",v.,Rare but Useful,드물지만 유용한 표현,54,Core,3,,,,,,,,,,,,,,,,2,24,TOEFL_30x56_FINAL,,PENDING,,,,,,,,,,,,,,,,,,,,,,,,,,,,VOCAB,,,,,,,,,,,,,,,,,,,,,
TOEFL,T_D53_17,53,17,suppose,추측하다,"assume, presume, surmise",v.,Rare but Useful,드물지만 유용한 표현,54,Core,3,,,,,,,,,,,,,,,,20,49,TOEFL_30x56_FINAL,,PENDING,,,,,,,,,,,,,,,,,,,,,,,,,,,,VOCAB,,,,,,,,,,,,,,,,,,,,,
TOEFL,T_D53_18,53,18,surmise,추측하다,"infer, guess, speculate, suspect",v.,Rare but Useful,드물지만 유용한 표현,54,Core,3,,,,,,,,,,,,,,,,6,21,TOEFL_30x56_FINAL,,PENDING,,,,,,,,,,,,,,,,,,,,,,,,,,,,VOCAB,,,,,,,,,,,,,,,,,,,,,
TOEFL,T_D53_19,53,19,surpass,능가하다,"exceed, outrun, be higher than, excel",v.,Rare but Useful,드물지만 유용한 표현,54,Core,3,,,,,,,,,,,,,,,,6,6,TOEFL_30x56_FINAL,,PENDING,,,,,,,,,,,,,,,,,,,,,,,,,,,,VOCAB,,,,,,,,,,,,,,,,,,,,,
TOEFL,T_D53_20,53,20,suspend,매달다,"hang, dangle, swing",v.,Rare but Useful,드물지만 유용한 표현,54,Core,3,,,,,,,,,,,,,,,,8,26,TOEFL_30x56_FINAL,,PENDING,,,,,,,,,,,,,,,,,,,,,,,,,,,,VOCAB,,,,,,,,,,,,,,,,,,,,,
TOEFL,T_D53_21,53,21,swiftly,빠르게,"quickly, speedily, rapidly",adv.,Rare but Useful,드물지만 유용한 표현,54,Core,3,,,,,,,,,,,,,,,,29,18,TOEFL_30x56_FINAL,,PENDING,,,,,,,,,,,,,,,,,,,,,,,,,,,,VOCAB,,,,,,,,,,,,,,,,,,,,,
TOEFL,T_D53_22,53,22,tangible,"유형의, 실재하는","material, physical, concrete, substantial",adj.,Rare but Useful,드물지만 유용한 표현,54,Core,3,,,,,,,,,,,,,,,,18,5,TOEFL_30x56_FINAL,,PENDING,,,,,,,,,,,,,,,,,,,,,,,,,,,,VOCAB,,,,,,,,,,,,,,,,,,,,,
TOEFL,T_D53_23,53,23,tempting,매력적인,"attractive, appealing, inviting, appetizing",adj.,Rare but Useful,드물지만 유용한 표현,54,Core,3,,,,,,,,,,,,,,,,24,43,TOEFL_30x56_FINAL,,PENDING,,,,,,,,,,,,,,,,,,,,,,,,,,,,VOCAB,,,,,,,,,,,,,,,,,,,,,
TOEFL,T_D53_24,53,24,tenuous,빈약한,"weak, insubstantial",adj.,Rare but Useful,드물지만 유용한 표현,54,Core,3,,,,,,,,,,,,,,,,5,35,TOEFL_30x56_FINAL,,PENDING,,,,,,,,,,,,,,,,,,,,,,,,,,,,VOCAB,,,,,,,,,,,,,,,,,,,,,
TOEFL,T_D53_25,53,25,deteriorate,악화되다,"get worse, degenerate",v.,Rare but Useful,드물지만 유용한 표현,47,Bridge,2,,,,,,,,,,,,,,,,6,32,TOEFL_30x56_FINAL,,PENDING,,,,,,,,,,,,,,,,,,,,,,,,,,,,VOCAB,,,,,,,,,,,,,,,,,,,,,
TOEFL,T_D53_26,53,26,devastating,파괴적인,"destructive, ruinous",adj.,Rare but Useful,드물지만 유용한 표현,47,Bridge,2,,,,,,,,,,,,,,,,3,39,TOEFL_30x56_FINAL,,PENDING,,,,,,,,,,,,,,,,,,,,,,,,,,,,VOCAB,,,,,,,,,,,,,,,,,,,,,
TOEFL,T_D53_27,53,27,differential,차별적인,"uneven, discriminatory",adj.,Rare but Useful,드물지만 유용한 표현,47,Bridge,2,,,,,,,,,,,,,,,,16,42,TOEFL_30x56_FINAL,,PENDING,,,,,,,,,,,,,,,,,,,,,,,,,,,,VOCAB,,,,,,,,,,,,,,,,,,,,,
TOEFL,T_D53_28,53,28,disintegrate,붕괴되다,"break down, fall apart, crumble",v.,Rare but Useful,드물지만 유용한 표현,47,Bridge,2,,,,,,,,,,,,,,,,28,38,TOEFL_30x56_FINAL,,PENDING,,,,,,,,,,,,,,,,,,,,,,,,,,,,VOCAB,,,,,,,,,,,,,,,,,,,,,
TOEFL,T_D53_29,53,29,disputatious,논쟁을 좋아하는,"contentious, argumentative, quarrelsome",adj.,Rare but Useful,드물지만 유용한 표현,47,Bridge,2,,,,,,,,,,,,,,,,5,32,TOEFL_30x56_FINAL,,PENDING,,,,,,,,,,,,,,,,,,,,,,,,,,,,VOCAB,,,,,,,,,,,,,,,,,,,,,
TOEFL,T_D53_30,53,30,disseminate,퍼뜨리다,"spread, disperse, distribute",v.,Rare but Useful,드물지만 유용한 표현,47,Bridge,2,,,,,,,,,,,,,,,,9,15,TOEFL_30x56_FINAL,,PENDING,,,,,,,,,,,,,,,,,,,,,,,,,,,,VOCAB,,,,,,,,,,,,,,,,,,,,,
TOEFL,T_D54_01,54,1,distinctive,"특유의, 특색 있는","characteristic, peculiar",adj.,Rare but Useful,드물지만 유용한 표현,47,Bridge,2,,,,,,,,,,,,,,,,26,21,TOEFL_30x56_FINAL,,PENDING,,,,,,,,,,,,,,,,,,,,,,,,,,,,VOCAB,,,,,,,,,,,,,,,,,,,,,
TOEFL,T_D54_02,54,2,distinguish,구별하다,"differentiate, tell apart, discern",v.,Rare but Useful,드물지만 유용한 표현,47,Bridge,2,,,,,,,,,,,,,,,,28,50,TOEFL_30x56_FINAL,,PENDING,,,,,,,,,,,,,,,,,,,,,,,,,,,,VOCAB,,,,,,,,,,,,,,,,,,,,,
TOEFL,T_D54_03,54,3,dramatically,"극적으로, 몹시","greatly, substantially, remarkably",adv.,Rare but Useful,드물지만 유용한 표현,47,Bridge,2,,,,,,,,,,,,,,,,13,52,TOEFL_30x56_FINAL,,PENDING,,,,,,,,,,,,,,,,,,,,,,,,,,,,VOCAB,,,,,,,,,,,,,,,,,,,,,
TOEFL,T_D54_04,54,4,drastically,극심하게,"severely, strikingly, extremely",adv.,Rare but Useful,드물지만 유용한 표현,47,Bridge,2,,,,,,,,,,,,,,,,2,9,TOEFL_30x56_FINAL,,PENDING,,,,,,,,,,,,,,,,,,,,,,,,,,,,VOCAB,,,,,,,,,,,,,,,,,,,,,
TOEFL,T_D54_05,54,5,elaborately,정교하게,with great detail,adv.,Rare but Useful,드물지만 유용한 표현,47,Bridge,2,,,,,,,,,,,,,,,,2,48,TOEFL_30x56_FINAL,,PENDING,,,,,,,,,,,,,,,,,,,,,,,,,,,,VOCAB,,,,,,,,,,,,,,,,,,,,,
TOEFL,T_D54_06,54,6,encapsulate,요약하다,"summarize, sum up, condense",v.,Rare but Useful,드물지만 유용한 표현,47,Bridge,2,,,,,,,,,,,,,,,,7,8,TOEFL_30x56_FINAL,,PENDING,,,,,,,,,,,,,,,,,,,,,,,,,,,,VOCAB,,,,,,,,,,,,,,,,,,,,,
TOEFL,T_D54_07,54,7,enthusiastic,열렬한,"eager, ardent, zealous",adj.,Rare but Useful,드물지만 유용한 표현,47,Bridge,2,,,,,,,,,,,,,,,,3,53,TOEFL_30x56_FINAL,,PENDING,,,,,,,,,,,,,,,,,,,,,,,,,,,,VOCAB,,,,,,,,,,,,,,,,,,,,,
TOEFL,T_D54_08,54,8,essentially,"기본적으로, 본질적으로","basically, fundamentally, primarily",adv.,Rare but Useful,드물지만 유용한 표현,47,Bridge,2,,,,,,,,,,,,,,,,9,39,TOEFL_30x56_FINAL,,PENDING,,,,,,,,,,,,,,,,,,,,,,,,,,,,VOCAB,,,,,,,,,,,,,,,,,,,,,
TOEFL,T_D54_09,54,9,exceedingly,대단히,"highly, extremely, excessively, hugely",adv.,Rare but Useful,드물지만 유용한 표현,47,Bridge,2,,,,,,,,,,,,,,,,11,7,TOEFL_30x56_FINAL,,PENDING,,,,,,,,,,,,,,,,,,,,,,,,,,,,VOCAB,,,,,,,,,,,,,,,,,,,,,
TOEFL,T_D54_10,54,10,fascinating,매혹적인,"extremely attractive, captivating, enthralling",adj.,Rare but Useful,드물지만 유용한 표현,47,Bridge,2,,,,,,,,,,,,,,,,5,25,TOEFL_30x56_FINAL,,PENDING,,,,,,,,,,,,,,,,,,,,,,,,,,,,VOCAB,,,,,,,,,,,,,,,,,,,,,
TOEFL,T_D54_11,54,11,furthermore,게다가,"in addition, moreover",adv.,Rare but Useful,드물지만 유용한 표현,47,Bridge,2,,,,,,,,,,,,,,,,8,1,TOEFL_30x56_FINAL,,PENDING,,,,,,,,,,,,,,,,,,,,,,,,,,,,VOCAB,,,,,,,,,,,,,,,,,,,,,
TOEFL,T_D54_12,54,12,hierarchical,계층적인,arranged in order of rank,adj.,Rare but Useful,드물지만 유용한 표현,47,Bridge,2,,,,,,,,,,,,,,,,19,57,TOEFL_30x56_FINAL,,PENDING,,,,,,,,,,,,,,,,,,,,,,,,,,,,VOCAB,,,,,,,,,,,,,,,,,,,,,
TOEFL,T_D54_13,54,13,homogeneous,"동질의, 균질의","unvarying, akin",adj.,Rare but Useful,드물지만 유용한 표현,47,Bridge,2,,,,,,,,,,,,,,,,4,52,TOEFL_30x56_FINAL,,PENDING,,,,,,,,,,,,,,,,,,,,,,,,,,,,VOCAB,,,,,,,,,,,,,,,,,,,,,
TOEFL,T_D54_14,54,14,terminology,전문 용어,"vocabulary, jargon, language",n.,Rare but Useful,드물지만 유용한 표현,39,Advanced,2,,,,,,,,,,,,,,,,3,56,TOEFL_30x56_FINAL,,PENDING,,,,,,,,,,,,,,,,,,,,,,,,,,,,VOCAB,,,,,,,,,,,,,,,,,,,,,
TOEFL,T_D54_15,54,15,accumulation,축적,"buildup, collection, stock",n.,Rare but Useful,드물지만 유용한 표현,38,Advanced,2,,,,,,,,,,,,,,,,12,5,TOEFL_30x56_FINAL,,PENDING,,,,,,,,,,,,,,,,,,,,,,,,,,,,VOCAB,,,,,,,,,,,,,,,,,,,,,
TOEFL,T_D54_16,54,16,aggregation,집단,"group, body, assemblage",n.,Rare but Useful,드물지만 유용한 표현,38,Advanced,2,,,,,,,,,,,,,,,,16,26,TOEFL_30x56_FINAL,,PENDING,,,,,,,,,,,,,,,,,,,,,,,,,,,,VOCAB,,,,,,,,,,,,,,,,,,,,,
TOEFL,T_D54_17,54,17,application,"응용, 이용","use, utilization, employment",n.,Rare but Useful,드물지만 유용한 표현,38,Advanced,2,,,,,,,,,,,,,,,,5,14,TOEFL_30x56_FINAL,,PENDING,,,,,,,,,,,,,,,,,,,,,,,,,,,,VOCAB,,,,,,,,,,,,,,,,,,,,,
TOEFL,T_D54_18,54,18,appreciation,이해,"understanding, comprehension",n.,Rare but Useful,드물지만 유용한 표현,38,Advanced,2,,,,,,,,,,,,,,,,21,22,TOEFL_30x56_FINAL,,PENDING,,,,,,,,,,,,,,,,,,,,,,,,,,,,VOCAB,,,,,,,,,,,,,,,,,,,,,
TOEFL,T_D54_19,54,19,conjunction,결합,"combination, union",n.,Rare but Useful,드물지만 유용한 표현,38,Advanced,2,,,,,,,,,,,,,,,,1,29,TOEFL_30x56_FINAL,,PENDING,,,,,,,,,,,,,,,,,,,,,,,,,,,,VOCAB,,,,,,,,,,,,,,,,,,,,,
TOEFL,T_D54_20,54,20,constitution,"구성, 구조","form, structure",n.,Rare but Useful,드물지만 유용한 표현,38,Advanced,2,,,,,,,,,,,,,,,,18,41,TOEFL_30x56_FINAL,,PENDING,,,,,,,,,,,,,,,,,,,,,,,,,,,,VOCAB,,,,,,,,,,,,,,,,,,,,,
TOEFL,T_D54_21,54,21,consumption,"소비, 소모","use, utilization",n.,Rare but Useful,드물지만 유용한 표현,38,Advanced,2,,,,,,,,,,,,,,,,8,25,TOEFL_30x56_FINAL,,PENDING,,,,,,,,,,,,,,,,,,,,,,,,,,,,VOCAB,,,,,,,,,,,,,,,,,,,,,
TOEFL,T_D54_22,54,22,contraction,"축소, 수축","reduction, diminution",n.,Rare but Useful,드물지만 유용한 표현,38,Advanced,2,,,,,,,,,,,,,,,,4,41,TOEFL_30x56_FINAL,,PENDING,,,,,,,,,,,,,,,,,,,,,,,,,,,,VOCAB,,,,,,,,,,,,,,,,,,,,,
TOEFL,T_D54_23,54,23,culmination,"정점, 최고조","high point, apex, pinnacle",n.,Rare but Useful,드물지만 유용한 표현,38,Advanced,2,,,,,,,,,,,,,,,,9,8,TOEFL_30x56_FINAL,,PENDING,,,,,,,,,,,,,,,,,,,,,,,,,,,,VOCAB,,,,,,,,,,,,,,,,,,,,,
TOEFL,T_D54_24,54,24,deliberation,토의,"discussion, debate, conference",n.,Rare but Useful,드물지만 유용한 표현,38,Advanced,2,,,,,,,,,,,,,,,,13,29,TOEFL_30x56_FINAL,,PENDING,,,,,,,,,,,,,,,,,,,,,,,,,,,,VOCAB,,,,,,,,,,,,,,,,,,,,,
TOEFL,T_D54_25,54,25,devastation,파괴,"destruction, demolition, ruin",n.,Rare but Useful,드물지만 유용한 표현,38,Advanced,2,,,,,,,,,,,,,,,,20,47,TOEFL_30x56_FINAL,,PENDING,,,,,,,,,,,,,,,,,,,,,,,,,,,,VOCAB,,,,,,,,,,,,,,,,,,,,,
TOEFL,T_D54_26,54,26,distinction,차이,"difference, divergence, contrast",n.,Rare but Useful,드물지만 유용한 표현,38,Advanced,2,,,,,,,,,,,,,,,,21,20,TOEFL_30x56_FINAL,,PENDING,,,,,,,,,,,,,,,,,,,,,,,,,,,,VOCAB,,,,,,,,,,,,,,,,,,,,,
TOEFL,T_D54_27,54,27,elaboration,"공들여 다듬기, 이론의 전개","development, improvement",n.,Rare but Useful,드물지만 유용한 표현,38,Advanced,2,,,,,,,,,,,,,,,,16,13,TOEFL_30x56_FINAL,,PENDING,,,,,,,,,,,,,,,,,,,,,,,,,,,,VOCAB,,,,,,,,,,,,,,,,,,,,,
TOEFL,T_D54_28,54,28,exploitation,"이용, 착취","use, abuse, misuse",n.,Rare but Useful,드물지만 유용한 표현,38,Advanced,2,,,,,,,,,,,,,,,,14,4,TOEFL_30x56_FINAL,,PENDING,,,,,,,,,,,,,,,,,,,,,,,,,,,,VOCAB,,,,,,,,,,,,,,,,,,,,,
TOEFL,T_D54_29,54,29,fluctuation,변동,"change, variation, variance",n.,Rare but Useful,드물지만 유용한 표현,38,Advanced,2,,,,,,,,,,,,,,,,2,13,TOEFL_30x56_FINAL,,PENDING,,,,,,,,,,,,,,,,,,,,,,,,,,,,VOCAB,,,,,,,,,,,,,,,,,,,,,
TOEFL,T_D54_30,54,30,integration,통합,"union, unification",n.,Rare but Useful,드물지만 유용한 표현,38,Advanced,2,,,,,,,,,,,,,,,,2,44,TOEFL_30x56_FINAL,,PENDING,,,,,,,,,,,,,,,,,,,,,,,,,,,,VOCAB,,,,,,,,,,,,,,,,,,,,,
TOEFL,T_D55_01,55,1,manipulation,조작,deliberate alteration,n.,Rare but Useful,드물지만 유용한 표현,38,Advanced,2,,,,,,,,,,,,,,,,7,30,TOEFL_30x56_FINAL,,PENDING,,,,,,,,,,,,,,,,,,,,,,,,,,,,VOCAB,,,,,,,,,,,,,,,,,,,,,
TOEFL,T_D55_02,55,2,propagation,"보급, 전파","spread, dissemination",n.,Rare but Useful,드물지만 유용한 표현,38,Advanced,2,,,,,,,,,,,,,,,,19,22,TOEFL_30x56_FINAL,,PENDING,,,,,,,,,,,,,,,,,,,,,,,,,,,,VOCAB,,,,,,,,,,,,,,,,,,,,,
TOEFL,T_D55_03,55,3,speculation,추측,"supposition, conjecture, surmise",n.,Rare but Useful,드물지만 유용한 표현,38,Advanced,2,,,,,,,,,,,,,,,,5,23,TOEFL_30x56_FINAL,,PENDING,,,,,,,,,,,,,,,,,,,,,,,,,,,,VOCAB,,,,,,,,,,,,,,,,,,,,,
TOEFL,T_D55_04,55,4,subtraction,"삭감, 공제","decrease, deduction, reduction",n.,Rare but Useful,드물지만 유용한 표현,38,Advanced,2,,,,,,,,,,,,,,,,10,41,TOEFL_30x56_FINAL,,PENDING,,,,,,,,,,,,,,,,,,,,,,,,,,,,VOCAB,,,,,,,,,,,,,,,,,,,,,
TOEFL,T_D55_05,55,5,terminal,마지막의,"final, last",adj.,Final Advanced Set,최종 고급 어휘,54,Core,3,,,,,,,,,,,,,,,,20,54,TOEFL_30x56_FINAL,,PENDING,,,,,,,,,,,,,,,,,,,,,,,,,,,,VOCAB,,,,,,,,,,,,,,,,,,,,,
TOEFL,T_D55_06,55,6,thorough,철저한,"complete, exhaustive, intensive",adj.,Final Advanced Set,최종 고급 어휘,54,Core,3,,,,,,,,,,,,,,,,14,31,TOEFL_30x56_FINAL,,PENDING,,,,,,,,,,,,,,,,,,,,,,,,,,,,VOCAB,,,,,,,,,,,,,,,,,,,,,
TOEFL,T_D55_07,55,7,threaten,위험하게 하다,"endanger, menace, imperil, jeopardize",v.,Final Advanced Set,최종 고급 어휘,54,Core,3,,,,,,,,,,,,,,,,27,21,TOEFL_30x56_FINAL,,PENDING,,,,,,,,,,,,,,,,,,,,,,,,,,,,VOCAB,,,,,,,,,,,,,,,,,,,,,
TOEFL,T_D55_08,55,8,thriving,번영하는,"prosperous, successful, flourishing",adj.,Final Advanced Set,최종 고급 어휘,54,Core,3,,,,,,,,,,,,,,,,10,14,TOEFL_30x56_FINAL,,PENDING,,,,,,,,,,,,,,,,,,,,,,,,,,,,VOCAB,,,,,,,,,,,,,,,,,,,,,
TOEFL,T_D55_09,55,9,transmit,전달하다,"convey, communicate, send",v.,Final Advanced Set,최종 고급 어휘,54,Core,3,,,,,,,,,,,,,,,,13,25,TOEFL_30x56_FINAL,,PENDING,,,,,,,,,,,,,,,,,,,,,,,,,,,,VOCAB,,,,,,,,,,,,,,,,,,,,,
TOEFL,T_D55_10,55,10,trespass,불법 침입하다,"invade, encroach, infringe",v.,Final Advanced Set,최종 고급 어휘,54,Core,3,,,,,,,,,,,,,,,,16,23,TOEFL_30x56_FINAL,,PENDING,,,,,,,,,,,,,,,,,,,,,,,,,,,,VOCAB,,,,,,,,,,,,,,,,,,,,,
TOEFL,T_D55_11,55,11,trigger,일으키다,"cause, generate, initiate, start, stimulate, activate",v.,Final Advanced Set,최종 고급 어휘,54,Core,3,,,,,,,,,,,,,,,,3,14,TOEFL_30x56_FINAL,,PENDING,,,,,,,,,,,,,,,,,,,,,,,,,,,,VOCAB,,,,,,,,,,,,,,,,,,,,,
TOEFL,T_D55_12,55,12,trivial,사소한,"small, frivolous, unimportant, insignificant",adj.,Final Advanced Set,최종 고급 어휘,54,Core,3,,,,,,,,,,,,,,,,12,36,TOEFL_30x56_FINAL,,PENDING,,,,,,,,,,,,,,,,,,,,,,,,,,,,VOCAB,,,,,,,,,,,,,,,,,,,,,
TOEFL,T_D55_13,55,13,uniform,"일정한, 한결같은","consistent, even, invariable",adj.,Final Advanced Set,최종 고급 어휘,54,Core,3,,,,,,,,,,,,,,,,19,47,TOEFL_30x56_FINAL,,PENDING,,,,,,,,,,,,,,,,,,,,,,,,,,,,VOCAB,,,,,,,,,,,,,,,,,,,,,
TOEFL,T_D55_14,55,14,uniquely,독특하게,"exceptionally, distinctively",adv.,Final Advanced Set,최종 고급 어휘,54,Core,3,,,,,,,,,,,,,,,,21,40,TOEFL_30x56_FINAL,,PENDING,,,,,,,,,,,,,,,,,,,,,,,,,,,,VOCAB,,,,,,,,,,,,,,,,,,,,,
TOEFL,T_D55_15,55,15,unleash,"해방하다, 풀어놓다","release, unloose",v.,Final Advanced Set,최종 고급 어휘,54,Core,3,,,,,,,,,,,,,,,,10,21,TOEFL_30x56_FINAL,,PENDING,,,,,,,,,,,,,,,,,,,,,,,,,,,,VOCAB,,,,,,,,,,,,,,,,,,,,,
TOEFL,T_D55_16,55,16,unwieldy,다루기 힘든,"difficult to manage, awkward",adj.,Final Advanced Set,최종 고급 어휘,54,Core,3,,,,,,,,,,,,,,,,7,12,TOEFL_30x56_FINAL,,PENDING,,,,,,,,,,,,,,,,,,,,,,,,,,,,VOCAB,,,,,,,,,,,,,,,,,,,,,
TOEFL,T_D55_17,55,17,updated,최신의,newer,adj.,Final Advanced Set,최종 고급 어휘,54,Core,3,,,,,,,,,,,,,,,,24,19,TOEFL_30x56_FINAL,,PENDING,,,,,,,,,,,,,,,,,,,,,,,,,,,,VOCAB,,,,,,,,,,,,,,,,,,,,,
TOEFL,T_D55_18,55,18,utilize,이용하다,"employ, use, make use of",v.,Final Advanced Set,최종 고급 어휘,54,Core,3,,,,,,,,,,,,,,,,16,41,TOEFL_30x56_FINAL,,PENDING,,,,,,,,,,,,,,,,,,,,,,,,,,,,VOCAB,,,,,,,,,,,,,,,,,,,,,
TOEFL,T_D55_19,55,19,utterly,완전히,"completely, totally",adv.,Final Advanced Set,최종 고급 어휘,54,Core,3,,,,,,,,,,,,,,,,4,3,TOEFL_30x56_FINAL,,PENDING,,,,,,,,,,,,,,,,,,,,,,,,,,,,VOCAB,,,,,,,,,,,,,,,,,,,,,
TOEFL,T_D55_20,55,20,vertical,수직의,"upright, up-and-down, erect",adj.,Final Advanced Set,최종 고급 어휘,54,Core,3,,,,,,,,,,,,,,,,11,9,TOEFL_30x56_FINAL,,PENDING,,,,,,,,,,,,,,,,,,,,,,,,,,,,VOCAB,,,,,,,,,,,,,,,,,,,,,
TOEFL,T_D55_21,55,21,hypothetical,"가상의, 가설의","supposed, imaginary",adj.,Final Advanced Set,최종 고급 어휘,47,Bridge,2,,,,,,,,,,,,,,,,13,9,TOEFL_30x56_FINAL,,PENDING,,,,,,,,,,,,,,,,,,,,,,,,,,,,VOCAB,,,,,,,,,,,,,,,,,,,,,
TOEFL,T_D55_22,55,22,imaginative,창의적인,"creative, inventive, original",adj.,Final Advanced Set,최종 고급 어휘,47,Bridge,2,,,,,,,,,,,,,,,,6,23,TOEFL_30x56_FINAL,,PENDING,,,,,,,,,,,,,,,,,,,,,,,,,,,,VOCAB,,,,,,,,,,,,,,,,,,,,,
TOEFL,T_D55_23,55,23,immeasurably,대단히,"greatly, extremely",adv.,Final Advanced Set,최종 고급 어휘,47,Bridge,2,,,,,,,,,,,,,,,,7,38,TOEFL_30x56_FINAL,,PENDING,,,,,,,,,,,,,,,,,,,,,,,,,,,,VOCAB,,,,,,,,,,,,,,,,,,,,,
TOEFL,T_D55_24,55,24,impermeable,투과되지 않는,"impenetrable, impervious",adj.,Final Advanced Set,최종 고급 어휘,47,Bridge,2,,,,,,,,,,,,,,,,4,16,TOEFL_30x56_FINAL,,PENDING,,,,,,,,,,,,,,,,,,,,,,,,,,,,VOCAB,,,,,,,,,,,,,,,,,,,,,
TOEFL,T_D55_25,55,25,implausible,믿기 어려운,"unlikely, unbelievable, improbable",adj.,Final Advanced Set,최종 고급 어휘,47,Bridge,2,,,,,,,,,,,,,,,,2,5,TOEFL_30x56_FINAL,,PENDING,,,,,,,,,,,,,,,,,,,,,,,,,,,,VOCAB,,,,,,,,,,,,,,,,,,,,,
TOEFL,T_D55_26,55,26,incessantly,끊임없이,"constantly, continuously, persistently",adv.,Final Advanced Set,최종 고급 어휘,47,Bridge,2,,,,,,,,,,,,,,,,30,27,TOEFL_30x56_FINAL,,PENDING,,,,,,,,,,,,,,,,,,,,,,,,,,,,VOCAB,,,,,,,,,,,,,,,,,,,,,
TOEFL,T_D55_27,55,27,incidentally,"덧붙여 말하자면, 그런데",by the way,adv.,Final Advanced Set,최종 고급 어휘,47,Bridge,2,,,,,,,,,,,,,,,,15,10,TOEFL_30x56_FINAL,,PENDING,,,,,,,,,,,,,,,,,,,,,,,,,,,,VOCAB,,,,,,,,,,,,,,,,,,,,,
TOEFL,T_D55_28,55,28,incompatible,양립할 수 없는,"in conflict, discrepant, contradictory",adj.,Final Advanced Set,최종 고급 어휘,47,Bridge,2,,,,,,,,,,,,,,,,5,4,TOEFL_30x56_FINAL,,PENDING,,,,,,,,,,,,,,,,,,,,,,,,,,,,VOCAB,,,,,,,,,,,,,,,,,,,,,
TOEFL,T_D55_29,55,29,indifferent,무관심한,"uninterested, unconcerned, careless",adj.,Final Advanced Set,최종 고급 어휘,47,Bridge,2,,,,,,,,,,,,,,,,6,30,TOEFL_30x56_FINAL,,PENDING,,,,,,,,,,,,,,,,,,,,,,,,,,,,VOCAB,,,,,,,,,,,,,,,,,,,,,
TOEFL,T_D55_30,55,30,innumerable,무수한,"countless, numberless, numerous",adj.,Final Advanced Set,최종 고급 어휘,47,Bridge,2,,,,,,,,,,,,,,,,26,45,TOEFL_30x56_FINAL,,PENDING,,,,,,,,,,,,,,,,,,,,,,,,,,,,VOCAB,,,,,,,,,,,,,,,,,,,,,
TOEFL,T_D56_01,56,1,instructive,"교육적인, 유익한","informative, educational, helpful, useful",adj.,Final Advanced Set,최종 고급 어휘,47,Bridge,2,,,,,,,,,,,,,,,,30,16,TOEFL_30x56_FINAL,,PENDING,,,,,,,,,,,,,,,,,,,,,,,,,,,,VOCAB,,,,,,,,,,,,,,,,,,,,,
TOEFL,T_D56_02,56,2,intermediate,중간의,"in-between, between extremes, median",adj.,Final Advanced Set,최종 고급 어휘,47,Bridge,2,,,,,,,,,,,,,,,,12,21,TOEFL_30x56_FINAL,,PENDING,,,,,,,,,,,,,,,,,,,,,,,,,,,,VOCAB,,,,,,,,,,,,,,,,,,,,,
TOEFL,T_D56_03,56,3,intermingle,섞이다,"mix, blend",v.,Final Advanced Set,최종 고급 어휘,47,Bridge,2,,,,,,,,,,,,,,,,28,53,TOEFL_30x56_FINAL,,PENDING,,,,,,,,,,,,,,,,,,,,,,,,,,,,VOCAB,,,,,,,,,,,,,,,,,,,,,
TOEFL,T_D56_04,56,4,intermingled,섞인,"mixed, combined, blended",adj.,Final Advanced Set,최종 고급 어휘,47,Bridge,2,,,,,,,,,,,,,,,,4,50,TOEFL_30x56_FINAL,,PENDING,,,,,,,,,,,,,,,,,,,,,,,,,,,,VOCAB,,,,,,,,,,,,,,,,,,,,,
TOEFL,T_D56_05,56,5,irreversible,돌이킬 수 없는,"irreparable, irrevocable, irremediable",adj.,Final Advanced Set,최종 고급 어휘,47,Bridge,2,,,,,,,,,,,,,,,,9,6,TOEFL_30x56_FINAL,,PENDING,,,,,,,,,,,,,,,,,,,,,,,,,,,,VOCAB,,,,,,,,,,,,,,,,,,,,,
TOEFL,T_D56_06,56,6,irrevocable,돌이킬 수 없는,"permanent, irreversible, unchangeable",adj.,Final Advanced Set,최종 고급 어휘,47,Bridge,2,,,,,,,,,,,,,,,,12,23,TOEFL_30x56_FINAL,,PENDING,,,,,,,,,,,,,,,,,,,,,,,,,,,,VOCAB,,,,,,,,,,,,,,,,,,,,,
TOEFL,T_D56_07,56,7,legitimately,"합법적으로, 정당하게","properly, lawfully, legally",adv.,Final Advanced Set,최종 고급 어휘,47,Bridge,2,,,,,,,,,,,,,,,,7,7,TOEFL_30x56_FINAL,,PENDING,,,,,,,,,,,,,,,,,,,,,,,,,,,,VOCAB,,,,,,,,,,,,,,,,,,,,,
TOEFL,T_D56_08,56,8,magnificent,굉장히 멋진,"superb, gorgeous, beautiful, splendid",adj.,Final Advanced Set,최종 고급 어휘,47,Bridge,2,,,,,,,,,,,,,,,,23,34,TOEFL_30x56_FINAL,,PENDING,,,,,,,,,,,,,,,,,,,,,,,,,,,,VOCAB,,,,,,,,,,,,,,,,,,,,,
TOEFL,T_D56_09,56,9,materialize,나타나다,"appear, emerge, loom",v.,Final Advanced Set,최종 고급 어휘,47,Bridge,2,,,,,,,,,,,,,,,,8,19,TOEFL_30x56_FINAL,,PENDING,,,,,,,,,,,,,,,,,,,,,,,,,,,,VOCAB,,,,,,,,,,,,,,,,,,,,,
TOEFL,T_D56_10,56,10,methodically,체계적으로,systematically,adv.,Final Advanced Set,최종 고급 어휘,47,Bridge,2,,,,,,,,,,,,,,,,14,58,TOEFL_30x56_FINAL,,PENDING,,,,,,,,,,,,,,,,,,,,,,,,,,,,VOCAB,,,,,,,,,,,,,,,,,,,,,
TOEFL,T_D56_11,56,11,configuration,"배치, 형상, 형태","arrangement; shape, form, conformation",n.,Final Advanced Set,최종 고급 어휘,37,Advanced,2,,,,,,,,,,,,,,,,23,1,TOEFL_30x56_FINAL,,PENDING,,,,,,,,,,,,,,,,,,,,,,,,,,,,VOCAB,,,,,,,,,,,,,,,,,,,,,
TOEFL,T_D56_12,56,12,amplification,부연 설명,further explanation,n.,Final Advanced Set,최종 고급 어휘,36,Advanced,2,,,,,,,,,,,,,,,,26,55,TOEFL_30x56_FINAL,,PENDING,,,,,,,,,,,,,,,,,,,,,,,,,,,,VOCAB,,,,,,,,,,,,,,,,,,,,,
TOEFL,T_D56_13,56,13,annihilate,"전멸시키다, 완전히 파괴하다","destroy, completely remove, exterminate",v.,Final Advanced Set,최종 고급 어휘,36,Advanced,1,,,,,,,,,,,,,,,,1,8,TOEFL_30x56_FINAL,,PENDING,,,,,,,,,,,,,,,,,,,,,,,,,,,,VOCAB,,,,,,,,,,,,,,,,,,,,,
TOEFL,T_D56_14,56,14,preponderance,대부분,majority,n.,Final Advanced Set,최종 고급 어휘,35,Advanced,2,,,,,,,,,,,,,,,,28,52,TOEFL_30x56_FINAL,,PENDING,,,,,,,,,,,,,,,,,,,,,,,,,,,,VOCAB,,,,,,,,,,,,,,,,,,,,,
TOEFL,T_D56_15,56,15,approximation,"근접성, 가까움","nearness, closeness, proximity",n.,Final Advanced Set,최종 고급 어휘,34,Advanced,2,,,,,,,,,,,,,,,,23,20,TOEFL_30x56_FINAL,,PENDING,,,,,,,,,,,,,,,,,,,,,,,,,,,,VOCAB,,,,,,,,,,,,,,,,,,,,,
TOEFL,T_D56_16,56,16,constellation,"(유사한 것들의) 모임, 무리","collection, combination, group",n.,Final Advanced Set,최종 고급 어휘,34,Advanced,2,,,,,,,,,,,,,,,,5,26,TOEFL_30x56_FINAL,,PENDING,,,,,,,,,,,,,,,,,,,,,,,,,,,,VOCAB,,,,,,,,,,,,,,,,,,,,,
TOEFL,T_D56_17,56,17,disintegration,"분해, 붕괴","breaking apart, collapse",n.,Final Advanced Set,최종 고급 어휘,34,Advanced,2,,,,,,,,,,,,,,,,12,24,TOEFL_30x56_FINAL,,PENDING,,,,,,,,,,,,,,,,,,,,,,,,,,,,VOCAB,,,,,,,,,,,,,,,,,,,,,
TOEFL,T_D56_18,56,18,dissemination,"보급, 유포","spread, distribution, diffusion",n.,Final Advanced Set,최종 고급 어휘,34,Advanced,2,,,,,,,,,,,,,,,,13,7,TOEFL_30x56_FINAL,,PENDING,,,,,,,,,,,,,,,,,,,,,,,,,,,,VOCAB,,,,,,,,,,,,,,,,,,,,,
TOEFL,T_D56_19,56,19,embellishment,장식,"decoration, ornamentation, adornment",n.,Final Advanced Set,최종 고급 어휘,34,Advanced,2,,,,,,,,,,,,,,,,29,27,TOEFL_30x56_FINAL,,PENDING,,,,,,,,,,,,,,,,,,,,,,,,,,,,VOCAB,,,,,,,,,,,,,,,,,,,,,
TOEFL,T_D56_20,56,20,fragmentation,"붕괴, 분열","destruction, disintegration, disruption",n.,Final Advanced Set,최종 고급 어휘,34,Advanced,2,,,,,,,,,,,,,,,,11,30,TOEFL_30x56_FINAL,,PENDING,,,,,,,,,,,,,,,,,,,,,,,,,,,,VOCAB,,,,,,,,,,,,,,,,,,,,,
TOEFL,T_D56_21,56,21,manifestation,징후,"indication, sign, symptom, evidence",n.,Final Advanced Set,최종 고급 어휘,34,Advanced,2,,,,,,,,,,,,,,,,3,21,TOEFL_30x56_FINAL,,PENDING,,,,,,,,,,,,,,,,,,,,,,,,,,,,VOCAB,,,,,,,,,,,,,,,,,,,,,
TOEFL,T_D56_22,56,22,notwithstanding,~에도 불구하고,"despite, in spite of",prep.,Final Advanced Set,최종 고급 어휘,34,Advanced,2,,,,,,,,,,,,,,,,24,49,TOEFL_30x56_FINAL,,PENDING,,,,,,,,,,,,,,,,,,,,,,,,,,,,VOCAB,,,,,,,,,,,,,,,,,,,,,
TOEFL,T_D56_23,56,23,proliferation,급증,"increase, growth, multiplication",n.,Final Advanced Set,최종 고급 어휘,34,Advanced,2,,,,,,,,,,,,,,,,18,12,TOEFL_30x56_FINAL,,PENDING,,,,,,,,,,,,,,,,,,,,,,,,,,,,VOCAB,,,,,,,,,,,,,,,,,,,,,
TOEFL,T_D56_24,56,24,pronouncement,"선언, 발표","statement, declaration, proclamation",n.,Final Advanced Set,최종 고급 어휘,34,Advanced,2,,,,,,,,,,,,,,,,21,24,TOEFL_30x56_FINAL,,PENDING,,,,,,,,,,,,,,,,,,,,,,,,,,,,VOCAB,,,,,,,,,,,,,,,,,,,,,
TOEFL,T_D56_25,56,25,sophistication,고도의 지식,expertise,n.,Final Advanced Set,최종 고급 어휘,34,Advanced,2,,,,,,,,,,,,,,,,21,23,TOEFL_30x56_FINAL,,PENDING,,,,,,,,,,,,,,,,,,,,,,,,,,,,VOCAB,,,,,,,,,,,,,,,,,,,,,
TOEFL,T_D56_26,56,26,successively,"잇따라서, 연속적으로","one after another, sequentially",adv.,Final Advanced Set,최종 고급 어휘,34,Advanced,2,,,,,,,,,,,,,,,,1,23,TOEFL_30x56_FINAL,,PENDING,,,,,,,,,,,,,,,,,,,,,,,,,,,,VOCAB,,,,,,,,,,,,,,,,,,,,,
TOEFL,T_D56_27,56,27,tentativeness,망설임,"hesitation, indecision",n.,Final Advanced Set,최종 고급 어휘,34,Advanced,2,,,,,,,,,,,,,,,,3,48,TOEFL_30x56_FINAL,,PENDING,,,,,,,,,,,,,,,,,,,,,,,,,,,,VOCAB,,,,,,,,,,,,,,,,,,,,,
TOEFL,T_D56_28,56,28,diversification,다양화,the emergence of many varieties,n.,Final Advanced Set,최종 고급 어휘,33,Advanced,2,,,,,,,,,,,,,,,,30,55,TOEFL_30x56_FINAL,,PENDING,,,,,,,,,,,,,,,,,,,,,,,,,,,,VOCAB,,,,,,,,,,,,,,,,,,,,,
TOEFL,T_D56_29,56,29,irrevocably,돌이킬 수 없게,"permanently, irreversibly, irretrievably",adv.,Final Advanced Set,최종 고급 어휘,32,Advanced,2,,,,,,,,,,,,,,,,1,48,TOEFL_30x56_FINAL,,PENDING,,,,,,,,,,,,,,,,,,,,,,,,,,,,VOCAB,,,,,,,,,,,,,,,,,,,,,
TOEFL,T_D56_30,56,30,encroachment,"침식, 침범","(gradual) invasion, intrusion",n.,Final Advanced Set,최종 고급 어휘,26,Advanced,2,,,,,,,,,,,,,,,,1,56,TOEFL_30x56_FINAL,,PENDING,,,,,,,,,,,,,,,,,,,,,,,,,,,,VOCAB,,,,,,,,,,,,,,,,,,,,,
OPIC,O_D01_001,1,1,"Actually, come to think of it...","아, 생각해보니까",,,Filler,자연스러운 시작·연결,70,Must Know,5,,,,,,,,,,,,,,,,1,1,OPIC_FINAL_v5,,PENDING,,,,,,,,,,,,,,,,,,,,,,,,,,,,VOCAB,,,,,,,,,,,,,,,,,,,,,
OPIC,O_D01_002,1,2,And I mean that.,진심이야,,,Filler,자연스러운 시작·연결,70,Must Know,5,,,,,,,,,,,,,,,,1,2,OPIC_FINAL_v5,,PENDING,,,,,,,,,,,,,,,,,,,,,,,,,,,,VOCAB,,,,,,,,,,,,,,,,,,,,,
OPIC,O_D01_003,1,3,"Hmm, where do I even start?",어디서부터 말할까?,,,Filler,자연스러운 시작·연결,70,Must Know,5,,,,,,,,,,,,,,,,1,3,OPIC_FINAL_v5,,PENDING,,,,,,,,,,,,,,,,,,,,,,,,,,,,VOCAB,,,,,,,,,,,,,,,,,,,,,
OPIC,O_D01_004,1,4,How do I put this...,어떻게 말해야 하지?,,,Filler,자연스러운 시작·연결,70,Must Know,5,,,,,,,,,,,,,,,,1,4,OPIC_FINAL_v5,,PENDING,,,,,,,,,,,,,,,,,,,,,,,,,,,,VOCAB,,,,,,,,,,,,,,,,,,,,,
OPIC,O_D01_005,1,5,I guess you could say...,뭐랄까,,,Filler,자연스러운 시작·연결,70,Must Know,5,,,,,,,,,,,,,,,,1,5,OPIC_FINAL_v5,,PENDING,,,,,,,,,,,,,,,,,,,,,,,,,,,,VOCAB,,,,,,,,,,,,,,,,,,,,,
OPIC,O_D01_006,1,6,I'm not gonna lie...,솔직히 말하면,,,Filler,자연스러운 시작·연결,70,Must Know,5,,,,,,,,,,,,,,,,1,6,OPIC_FINAL_v5,,PENDING,,,,,,,,,,,,,,,,,,,,,,,,,,,,VOCAB,,,,,,,,,,,,,,,,,,,,,
OPIC,O_D01_007,1,7,If I recall right...,내가 제대로 기억한다면,,,Filler,자연스러운 시작·연결,70,Must Know,5,,,,,,,,,,,,,,,,1,7,OPIC_FINAL_v5,,PENDING,,,,,,,,,,,,,,,,,,,,,,,,,,,,VOCAB,,,,,,,,,,,,,,,,,,,,,
OPIC,O_D01_008,1,8,if that makes sense,무슨 말인지 알지?,,,Filler,자연스러운 시작·연결,70,Must Know,5,,,,,,,,,,,,,,,,1,8,OPIC_FINAL_v5,,PENDING,,,,,,,,,,,,,,,,,,,,,,,,,,,,VOCAB,,,,,,,,,,,,,,,,,,,,,
OPIC,O_D01_009,1,9,"It's kind of hard to explain, but...",설명하기 좀 어렵지만,,,Filler,자연스러운 시작·연결,70,Must Know,5,,,,,,,,,,,,,,,,1,9,OPIC_FINAL_v5,,PENDING,,,,,,,,,,,,,,,,,,,,,,,,,,,,VOCAB,,,,,,,,,,,,,,,,,,,,,
OPIC,O_D01_010,1,10,"Personally, I feel like...",개인적으로는,,,Filler,자연스러운 시작·연결,70,Must Know,5,,,,,,,,,,,,,,,,1,10,OPIC_FINAL_v5,,PENDING,,,,,,,,,,,,,,,,,,,,,,,,,,,,VOCAB,,,,,,,,,,,,,,,,,,,,,
OPIC,O_D01_011,1,11,That was a close one!,"아, 까먹을 뻔했다 / 아슬아슬했다",,,Filler,자연스러운 시작·연결,70,Must Know,5,,,,,,,,,,,,,,,,1,11,OPIC_FINAL_v5,,PENDING,,,,,,,,,,,,,,,,,,,,,,,,,,,,VOCAB,,,,,,,,,,,,,,,,,,,,,
OPIC,O_D01_012,1,12,The way I see it...,내가 보기엔,,,Filler,자연스러운 시작·연결,70,Must Know,5,,,,,,,,,,,,,,,,1,12,OPIC_FINAL_v5,,PENDING,,,,,,,,,,,,,,,,,,,,,,,,,,,,VOCAB,,,,,,,,,,,,,,,,,,,,,
OPIC,O_D01_013,1,13,To be honest with you...,솔직히 말하면,,,Filler,자연스러운 시작·연결,70,Must Know,5,,,,,,,,,,,,,,,,1,13,OPIC_FINAL_v5,,PENDING,,,,,,,,,,,,,,,,,,,,,,,,,,,,VOCAB,,,,,,,,,,,,,,,,,,,,,
OPIC,O_D01_014,1,14,"Well, the thing is...","있잖아, 그게",,,Filler,자연스러운 시작·연결,70,Must Know,5,,,,,,,,,,,,,,,,1,14,OPIC_FINAL_v5,,PENDING,,,,,,,,,,,,,,,,,,,,,,,,,,,,VOCAB,,,,,,,,,,,,,,,,,,,,,
OPIC,O_D01_015,1,15,I could've done so much better.,훨씬 잘할 수 있었는데,,,Reaction,감정·반응·스토리텔링,70,Must Know,5,,,,,,,,,,,,,,,,1,15,OPIC_FINAL_v5,,PENDING,,,,,,,,,,,,,,,,,,,,,,,,,,,,VOCAB,,,,,,,,,,,,,,,,,,,,,
OPIC,O_D01_016,1,16,I couldn't take it anymore.,더 이상 못 참겠더라,,,Reaction,감정·반응·스토리텔링,70,Must Know,5,,,,,,,,,,,,,,,,1,16,OPIC_FINAL_v5,,PENDING,,,,,,,,,,,,,,,,,,,,,,,,,,,,VOCAB,,,,,,,,,,,,,,,,,,,,,
OPIC,O_D01_017,1,17,I didn't know what to do.,어떻게 해야 할지 몰랐어,,,Reaction,감정·반응·스토리텔링,70,Must Know,5,,,,,,,,,,,,,,,,1,17,OPIC_FINAL_v5,,PENDING,,,,,,,,,,,,,,,,,,,,,,,,,,,,VOCAB,,,,,,,,,,,,,,,,,,,,,
OPIC,O_D01_018,1,18,"I had high hopes, but...",기대가 컸는데,,,Reaction,감정·반응·스토리텔링,70,Must Know,5,,,,,,,,,,,,,,,,1,18,OPIC_FINAL_v5,,PENDING,,,,,,,,,,,,,,,,,,,,,,,,,,,,VOCAB,,,,,,,,,,,,,,,,,,,,,
OPIC,O_D01_019,1,19,I just gave up at that point.,그 시점에 그냥 포기했어,,,Reaction,감정·반응·스토리텔링,70,Must Know,5,,,,,,,,,,,,,,,,1,19,OPIC_FINAL_v5,,PENDING,,,,,,,,,,,,,,,,,,,,,,,,,,,,VOCAB,,,,,,,,,,,,,,,,,,,,,
OPIC,O_D01_020,1,20,I was on cloud nine.,기분이 하늘을 나는 것 같았어,,,Reaction,감정·반응·스토리텔링,70,Must Know,5,,,,,,,,,,,,,,,,1,20,OPIC_FINAL_v5,,PENDING,,,,,,,,,,,,,,,,,,,,,,,,,,,,VOCAB,,,,,,,,,,,,,,,,,,,,,
OPIC,O_D01_021,1,21,I'd do it again in a heartbeat.,두말없이 또 할 거야,,,Reaction,감정·반응·스토리텔링,70,Must Know,5,,,,,,,,,,,,,,,,1,21,OPIC_FINAL_v5,,PENDING,,,,,,,,,,,,,,,,,,,,,,,,,,,,VOCAB,,,,,,,,,,,,,,,,,,,,,
OPIC,O_D01_022,1,22,It hit different.,뭔가 남달랐어,,,Reaction,감정·반응·스토리텔링,70,Must Know,5,,,,,,,,,,,,,,,,1,22,OPIC_FINAL_v5,,PENDING,,,,,,,,,,,,,,,,,,,,,,,,,,,,VOCAB,,,,,,,,,,,,,,,,,,,,,
OPIC,O_D02_001,2,1,It just wasn't meant to be.,그냥 안 되는 거였어,,,Reaction,감정·반응·스토리텔링,70,Must Know,5,,,,,,,,,,,,,,,,2,1,OPIC_FINAL_v5,,PENDING,,,,,,,,,,,,,,,,,,,,,,,,,,,,VOCAB,,,,,,,,,,,,,,,,,,,,,
OPIC,O_D02_002,2,2,It was hands down the best.,단연코 최고였어,,,Reaction,감정·반응·스토리텔링,70,Must Know,5,,,,,,,,,,,,,,,,2,2,OPIC_FINAL_v5,,PENDING,,,,,,,,,,,,,,,,,,,,,,,,,,,,VOCAB,,,,,,,,,,,,,,,,,,,,,
OPIC,O_D02_003,2,3,Out of nowhere...,갑자기 뜬금없이,,,Reaction,감정·반응·스토리텔링,70,Must Know,5,,,,,,,,,,,,,,,,2,3,OPIC_FINAL_v5,,PENDING,,,,,,,,,,,,,,,,,,,,,,,,,,,,VOCAB,,,,,,,,,,,,,,,,,,,,,
OPIC,O_D02_004,2,4,That blew my mind.,완전 충격적이었어,,,Reaction,감정·반응·스토리텔링,70,Must Know,5,,,,,,,,,,,,,,,,2,4,OPIC_FINAL_v5,,PENDING,,,,,,,,,,,,,,,,,,,,,,,,,,,,VOCAB,,,,,,,,,,,,,,,,,,,,,
OPIC,O_D02_005,2,5,packed,사람으로 꽉 찬,,,AL 감정·상태 묘사,감정·상태·생생한 묘사,70,Must Know,5,,,,,,,,,,,,,,,,2,5,OPIC_FINAL_v5,,PENDING,,,,,,,,,,,,,,,,,,,,,,,,,,,,VOCAB,,,,,,,,,,,,,,,,,,,,,
OPIC,O_D02_006,2,6,"Anyway, I could go on, but I'll leave it there.",더 할 수 있는데 여기까지 할게요,,,Wrap-up,답변 마무리·회고,70,Must Know,5,,,,,,,,,,,,,,,,2,6,OPIC_FINAL_v5,,PENDING,,,,,,,,,,,,,,,,,,,,,,,,,,,,VOCAB,,,,,,,,,,,,,,,,,,,,,
OPIC,O_D02_007,2,7,"Anyway, that's pretty much the gist of it.",아무튼 대충 이런 내용이에요,,,Wrap-up,답변 마무리·회고,70,Must Know,5,,,,,,,,,,,,,,,,2,7,OPIC_FINAL_v5,,PENDING,,,,,,,,,,,,,,,,,,,,,,,,,,,,VOCAB,,,,,,,,,,,,,,,,,,,,,
OPIC,O_D02_008,2,8,"But anyway, that's just how I see it.",아무튼 그냥 제 생각은 그래요,,,Wrap-up,답변 마무리·회고,70,Must Know,5,,,,,,,,,,,,,,,,2,8,OPIC_FINAL_v5,,PENDING,,,,,,,,,,,,,,,,,,,,,,,,,,,,VOCAB,,,,,,,,,,,,,,,,,,,,,
OPIC,O_D02_009,2,9,"But yeah, that's my experience with it.","뭐, 그게 제 경험이었어요",,,Wrap-up,답변 마무리·회고,70,Must Know,5,,,,,,,,,,,,,,,,2,9,OPIC_FINAL_v5,,PENDING,,,,,,,,,,,,,,,,,,,,,,,,,,,,VOCAB,,,,,,,,,,,,,,,,,,,,,
OPIC,O_D02_010,2,10,"But yeah, that's the short version of it.","뭐, 짧게 말하면 이래요",,,Wrap-up,답변 마무리·회고,70,Must Know,5,,,,,,,,,,,,,,,,2,10,OPIC_FINAL_v5,,PENDING,,,,,,,,,,,,,,,,,,,,,,,,,,,,VOCAB,,,,,,,,,,,,,,,,,,,,,
OPIC,O_D02_011,2,11,"Looking back on it, it was definitely worth it.",돌이켜보면 분명히 가치가 있었어요,,,Wrap-up,답변 마무리·회고,70,Must Know,5,,,,,,,,,,,,,,,,2,11,OPIC_FINAL_v5,,PENDING,,,,,,,,,,,,,,,,,,,,,,,,,,,,VOCAB,,,,,,,,,,,,,,,,,,,,,
OPIC,O_D02_012,2,12,"So yeah, that's kind of where I'm at with it.","그래서 뭐, 지금 제 생각은 이래요",,,Wrap-up,답변 마무리·회고,70,Must Know,5,,,,,,,,,,,,,,,,2,12,OPIC_FINAL_v5,,PENDING,,,,,,,,,,,,,,,,,,,,,,,,,,,,VOCAB,,,,,,,,,,,,,,,,,,,,,
OPIC,O_D02_013,2,13,That's everything I can think of for now.,지금 당장 생각나는 건 이게 전부예요,,,Wrap-up,답변 마무리·회고,70,Must Know,5,,,,,,,,,,,,,,,,2,13,OPIC_FINAL_v5,,PENDING,,,,,,,,,,,,,,,,,,,,,,,,,,,,VOCAB,,,,,,,,,,,,,,,,,,,,,
OPIC,O_D02_014,2,14,all over the place,"뒤죽박죽인, 정신없는",,,AL 감정·상태 묘사,감정·상태·생생한 묘사,70,Useful,3,,,,,,,,,,,,,,,,2,14,OPIC_FINAL_v5,,PENDING,,,,,,,,,,,,,,,,,,,,,,,,,,,,VOCAB,,,,,,,,,,,,,,,,,,,,,
OPIC,O_D02_015,2,15,back to back,연속으로 이어지는,,,AL 감정·상태 묘사,감정·상태·생생한 묘사,70,Must Know,5,,,,,,,,,,,,,,,,2,15,OPIC_FINAL_v5,,PENDING,,,,,,,,,,,,,,,,,,,,,,,,,,,,VOCAB,,,,,,,,,,,,,,,,,,,,,
OPIC,O_D02_016,2,16,burnt out,완전히 지쳐버린,,,AL 감정·상태 묘사,감정·상태·생생한 묘사,70,Must Know,5,,,,,,,,,,,,,,,,2,16,OPIC_FINAL_v5,,PENDING,,,,,,,,,,,,,,,,,,,,,,,,,,,,VOCAB,,,,,,,,,,,,,,,,,,,,,
OPIC,O_D02_017,2,17,dingy,칙칙하고 지저분한,,,AL 감정·상태 묘사,감정·상태·생생한 묘사,70,Useful,3,,,,,,,,,,,,,,,,2,17,OPIC_FINAL_v5,,PENDING,,,,,,,,,,,,,,,,,,,,,,,,,,,,VOCAB,,,,,,,,,,,,,,,,,,,,,
OPIC,O_D02_018,2,18,hit or miss,될 때도 있고 아닐 때도 있는,,,AL 감정·상태 묘사,감정·상태·생생한 묘사,70,Must Know,5,,,,,,,,,,,,,,,,2,18,OPIC_FINAL_v5,,PENDING,,,,,,,,,,,,,,,,,,,,,,,,,,,,VOCAB,,,,,,,,,,,,,,,,,,,,,
OPIC,O_D02_019,2,19,homesick,집이 그리운,,,AL 감정·상태 묘사,감정·상태·생생한 묘사,70,Useful,3,,,,,,,,,,,,,,,,2,19,OPIC_FINAL_v5,,PENDING,,,,,,,,,,,,,,,,,,,,,,,,,,,,VOCAB,,,,,,,,,,,,,,,,,,,,,
OPIC,O_D02_020,2,20,hyped up,신나서 들뜬,,,AL 감정·상태 묘사,감정·상태·생생한 묘사,70,Useful,3,,,,,,,,,,,,,,,,2,20,OPIC_FINAL_v5,,PENDING,,,,,,,,,,,,,,,,,,,,,,,,,,,,VOCAB,,,,,,,,,,,,,,,,,,,,,
OPIC,O_D02_021,2,21,last minute,"막판에, 급하게",,,AL 감정·상태 묘사,감정·상태·생생한 묘사,70,Must Know,5,,,,,,,,,,,,,,,,2,21,OPIC_FINAL_v5,,PENDING,,,,,,,,,,,,,,,,,,,,,,,,,,,,VOCAB,,,,,,,,,,,,,,,,,,,,,
OPIC,O_D02_022,2,22,mind-blowing,"완전히 충격적인, 놀라운",,,AL 감정·상태 묘사,감정·상태·생생한 묘사,70,Useful,3,,,,,,,,,,,,,,,,2,22,OPIC_FINAL_v5,,PENDING,,,,,,,,,,,,,,,,,,,,,,,,,,,,VOCAB,,,,,,,,,,,,,,,,,,,,,
OPIC,O_D03_001,3,1,nosy,남의 일에 참견하는,,,AL 감정·상태 묘사,감정·상태·생생한 묘사,70,Useful,3,,,,,,,,,,,,,,,,3,1,OPIC_FINAL_v5,,PENDING,,,,,,,,,,,,,,,,,,,,,,,,,,,,VOCAB,,,,,,,,,,,,,,,,,,,,,
OPIC,O_D03_002,3,2,on and off,"들쭉날쭉한, 간헐적인",,,AL 감정·상태 묘사,감정·상태·생생한 묘사,70,Must Know,5,,,,,,,,,,,,,,,,3,2,OPIC_FINAL_v5,,PENDING,,,,,,,,,,,,,,,,,,,,,,,,,,,,VOCAB,,,,,,,,,,,,,,,,,,,,,
OPIC,O_D03_003,3,3,over the top,"지나친, 과한",,,AL 감정·상태 묘사,감정·상태·생생한 묘사,70,Useful,3,,,,,,,,,,,,,,,,3,3,OPIC_FINAL_v5,,PENDING,,,,,,,,,,,,,,,,,,,,,,,,,,,,VOCAB,,,,,,,,,,,,,,,,,,,,,
OPIC,O_D03_004,3,4,pumped up,"의욕 넘치는, 신난",,,AL 감정·상태 묘사,감정·상태·생생한 묘사,70,Useful,3,,,,,,,,,,,,,,,,3,4,OPIC_FINAL_v5,,PENDING,,,,,,,,,,,,,,,,,,,,,,,,,,,,VOCAB,,,,,,,,,,,,,,,,,,,,,
OPIC,O_D03_005,3,5,run-down,낡고 허름한,,,AL 감정·상태 묘사,감정·상태·생생한 묘사,70,Useful,3,,,,,,,,,,,,,,,,3,5,OPIC_FINAL_v5,,PENDING,,,,,,,,,,,,,,,,,,,,,,,,,,,,VOCAB,,,,,,,,,,,,,,,,,,,,,
OPIC,O_D03_006,3,6,sketchy,수상하고 불안한,,,AL 감정·상태 묘사,감정·상태·생생한 묘사,70,Useful,3,,,,,,,,,,,,,,,,3,6,OPIC_FINAL_v5,,PENDING,,,,,,,,,,,,,,,,,,,,,,,,,,,,VOCAB,,,,,,,,,,,,,,,,,,,,,
OPIC,O_D03_007,3,7,thick-skinned,웬만한 건 신경 안 쓰는,,,AL 감정·상태 묘사,감정·상태·생생한 묘사,70,Useful,3,,,,,,,,,,,,,,,,3,7,OPIC_FINAL_v5,,PENDING,,,,,,,,,,,,,,,,,,,,,,,,,,,,VOCAB,,,,,,,,,,,,,,,,,,,,,
OPIC,O_D03_008,3,8,up in the air,아직 결정되지 않은,,,AL 감정·상태 묘사,감정·상태·생생한 묘사,70,Must Know,5,,,,,,,,,,,,,,,,3,8,OPIC_FINAL_v5,,PENDING,,,,,,,,,,,,,,,,,,,,,,,,,,,,VOCAB,,,,,,,,,,,,,,,,,,,,,
OPIC,O_D03_009,3,9,weirded out,뭔가 이상해서 불편한,,,AL 감정·상태 묘사,감정·상태·생생한 묘사,70,Useful,3,,,,,,,,,,,,,,,,3,9,OPIC_FINAL_v5,,PENDING,,,,,,,,,,,,,,,,,,,,,,,,,,,,VOCAB,,,,,,,,,,,,,,,,,,,,,
OPIC,O_D03_010,3,10,wishy-washy,우유부단한,,,AL 감정·상태 묘사,감정·상태·생생한 묘사,70,Useful,3,,,,,,,,,,,,,,,,3,10,OPIC_FINAL_v5,,PENDING,,,,,,,,,,,,,,,,,,,,,,,,,,,,VOCAB,,,,,,,,,,,,,,,,,,,,,
OPIC,O_D03_011,3,11,big fan of,"~의 열렬한 팬인, ~을 매우 좋아하는",,,영화보기,묘사·선호·경험,70,Must Know,5,,,,,,,,,,,,,,,,3,11,OPIC_FINAL_v5,,PENDING,,,,,,,,,,,,,,,,,,,,,,,,,,,,VOCAB,,,,,,,,,,,,,,,,,,,,,
OPIC,O_D03_012,3,12,interested in,~에 관심이 있는,,,영화보기,묘사·선호·경험,70,Must Know,5,,,,,,,,,,,,,,,,3,12,OPIC_FINAL_v5,,PENDING,,,,,,,,,,,,,,,,,,,,,,,,,,,,VOCAB,,,,,,,,,,,,,,,,,,,,,
OPIC,O_D03_013,3,13,related to,~와 관련된,,,영화보기,묘사·선호·경험,70,Must Know,5,,,,,,,,,,,,,,,,3,13,OPIC_FINAL_v5,,PENDING,,,,,,,,,,,,,,,,,,,,,,,,,,,,VOCAB,,,,,,,,,,,,,,,,,,,,,
OPIC,O_D03_014,3,14,similar taste,비슷한 취향,,,영화보기,묘사·선호·경험,70,Must Know,5,,,,,,,,,,,,,,,,3,14,OPIC_FINAL_v5,,PENDING,,,,,,,,,,,,,,,,,,,,,,,,,,,,VOCAB,,,,,,,,,,,,,,,,,,,,,
OPIC,O_D03_015,3,15,mood,"기분, 분위기",,,음악 감상,습관·감정·이유,70,Must Know,5,,,,,,,,,,,,,,,,3,15,OPIC_FINAL_v5,,PENDING,,,,,,,,,,,,,,,,,,,,,,,,,,,,VOCAB,,,,,,,,,,,,,,,,,,,,,
OPIC,O_D03_016,3,16,relax,휴식을 취하다,,,음악 감상,습관·감정·이유,70,Must Know,5,,,,,,,,,,,,,,,,3,16,OPIC_FINAL_v5,,PENDING,,,,,,,,,,,,,,,,,,,,,,,,,,,,VOCAB,,,,,,,,,,,,,,,,,,,,,
OPIC,O_D03_017,3,17,unwind,긴장을 풀다,,,음악 감상,습관·감정·이유,70,Must Know,5,,,,,,,,,,,,,,,,3,17,OPIC_FINAL_v5,,PENDING,,,,,,,,,,,,,,,,,,,,,,,,,,,,VOCAB,,,,,,,,,,,,,,,,,,,,,
OPIC,O_D03_018,3,18,depressed,우울한,,,영화보기,묘사·선호·경험,70,Useful,3,,,,,,,,,,,,,,,,3,18,OPIC_FINAL_v5,,PENDING,,,,,,,,,,,,,,,,,,,,,,,,,,,,VOCAB,,,,,,,,,,,,,,,,,,,,,
OPIC,O_D03_019,3,19,exciting,"신나는, 흥미진진한",,,영화보기,묘사·선호·경험,70,Useful,3,,,,,,,,,,,,,,,,3,19,OPIC_FINAL_v5,,PENDING,,,,,,,,,,,,,,,,,,,,,,,,,,,,VOCAB,,,,,,,,,,,,,,,,,,,,,
OPIC,O_D03_020,3,20,latest,"최근의, 최신의",,,영화보기,묘사·선호·경험,70,Useful,3,,,,,,,,,,,,,,,,3,20,OPIC_FINAL_v5,,PENDING,,,,,,,,,,,,,,,,,,,,,,,,,,,,VOCAB,,,,,,,,,,,,,,,,,,,,,
OPIC,O_D03_021,3,21,overcrowded,"너무 붐비는, 과밀의",,,영화보기,묘사·선호·경험,70,Useful,3,,,,,,,,,,,,,,,,3,21,OPIC_FINAL_v5,,PENDING,,,,,,,,,,,,,,,,,,,,,,,,,,,,VOCAB,,,,,,,,,,,,,,,,,,,,,
OPIC,O_D04_001,4,1,scared of,~을 무서워하는,,,영화보기,묘사·선호·경험,70,Useful,3,,,,,,,,,,,,,,,,4,1,OPIC_FINAL_v5,,PENDING,,,,,,,,,,,,,,,,,,,,,,,,,,,,VOCAB,,,,,,,,,,,,,,,,,,,,,
OPIC,O_D04_002,4,2,touching,감동적인,,,영화보기,묘사·선호·경험,70,Useful,3,,,,,,,,,,,,,,,,4,2,OPIC_FINAL_v5,,PENDING,,,,,,,,,,,,,,,,,,,,,,,,,,,,VOCAB,,,,,,,,,,,,,,,,,,,,,
OPIC,O_D04_003,4,3,admire,존경하다,,,음악 감상,습관·감정·이유,70,Useful,3,,,,,,,,,,,,,,,,4,3,OPIC_FINAL_v5,,PENDING,,,,,,,,,,,,,,,,,,,,,,,,,,,,VOCAB,,,,,,,,,,,,,,,,,,,,,
OPIC,O_D04_004,4,4,alive,"살아 있는, 생기 넘치는",,,음악 감상,습관·감정·이유,70,Useful,3,,,,,,,,,,,,,,,,4,4,OPIC_FINAL_v5,,PENDING,,,,,,,,,,,,,,,,,,,,,,,,,,,,VOCAB,,,,,,,,,,,,,,,,,,,,,
OPIC,O_D04_005,4,5,energize,활기를 북돋우다,,,음악 감상,습관·감정·이유,70,Useful,3,,,,,,,,,,,,,,,,4,5,OPIC_FINAL_v5,,PENDING,,,,,,,,,,,,,,,,,,,,,,,,,,,,VOCAB,,,,,,,,,,,,,,,,,,,,,
OPIC,O_D04_006,4,6,unmatched,비교할 수 없는,,,음악 감상,습관·감정·이유,70,Useful,3,,,,,,,,,,,,,,,,4,6,OPIC_FINAL_v5,,PENDING,,,,,,,,,,,,,,,,,,,,,,,,,,,,VOCAB,,,,,,,,,,,,,,,,,,,,,
OPIC,O_D04_007,4,7,humming,흥얼거리다,,,음악 감상,습관·감정·이유,70,Optional,3,,,,,,,,,,,,,,,,4,7,OPIC_FINAL_v5,,PENDING,,,,,,,,,,,,,,,,,,,,,,,,,,,,VOCAB,,,,,,,,,,,,,,,,,,,,,
OPIC,O_D04_008,4,8,lyric,가사,,,음악 감상,습관·감정·이유,70,Optional,3,,,,,,,,,,,,,,,,4,8,OPIC_FINAL_v5,,PENDING,,,,,,,,,,,,,,,,,,,,,,,,,,,,VOCAB,,,,,,,,,,,,,,,,,,,,,
OPIC,O_D04_009,4,9,tune,"곡, 곡조, 선율",,,음악 감상,습관·감정·이유,70,Optional,3,,,,,,,,,,,,,,,,4,9,OPIC_FINAL_v5,,PENDING,,,,,,,,,,,,,,,,,,,,,,,,,,,,VOCAB,,,,,,,,,,,,,,,,,,,,,
OPIC,O_D04_010,4,10,atmosphere,분위기,,,공연/콘서트,경험·감정·묘사,70,Must Know,5,,,,,,,,,,,,,,,,4,10,OPIC_FINAL_v5,,PENDING,,,,,,,,,,,,,,,,,,,,,,,,,,,,VOCAB,,,,,,,,,,,,,,,,,,,,,
OPIC,O_D04_011,4,11,impressive,"인상 깊은, 인상적인",,,공연/콘서트,경험·감정·묘사,70,Must Know,5,,,,,,,,,,,,,,,,4,11,OPIC_FINAL_v5,,PENDING,,,,,,,,,,,,,,,,,,,,,,,,,,,,VOCAB,,,,,,,,,,,,,,,,,,,,,
OPIC,O_D04_012,4,12,sold out,"매진된, 다 팔린",,,공연/콘서트,경험·감정·묘사,70,Must Know,5,,,,,,,,,,,,,,,,4,12,OPIC_FINAL_v5,,PENDING,,,,,,,,,,,,,,,,,,,,,,,,,,,,VOCAB,,,,,,,,,,,,,,,,,,,,,
OPIC,O_D04_013,4,13,authentic,"정통의, 진짜의",,,음식점,묘사·추천·경험,70,Must Know,5,,,,,,,,,,,,,,,,4,13,OPIC_FINAL_v5,,PENDING,,,,,,,,,,,,,,,,,,,,,,,,,,,,VOCAB,,,,,,,,,,,,,,,,,,,,,
OPIC,O_D04_014,4,14,find out,"알아내다, 알게 되다",,,음식점,묘사·추천·경험,70,Must Know,5,,,,,,,,,,,,,,,,4,14,OPIC_FINAL_v5,,PENDING,,,,,,,,,,,,,,,,,,,,,,,,,,,,VOCAB,,,,,,,,,,,,,,,,,,,,,
OPIC,O_D04_015,4,15,recommend,추천하다,,,음식점,묘사·추천·경험,70,Must Know,5,,,,,,,,,,,,,,,,4,15,OPIC_FINAL_v5,,PENDING,,,,,,,,,,,,,,,,,,,,,,,,,,,,VOCAB,,,,,,,,,,,,,,,,,,,,,
OPIC,O_D04_016,4,16,be located in,~에 위치하다,,,공연/콘서트,경험·감정·묘사,70,Useful,3,,,,,,,,,,,,,,,,4,16,OPIC_FINAL_v5,,PENDING,,,,,,,,,,,,,,,,,,,,,,,,,,,,VOCAB,,,,,,,,,,,,,,,,,,,,,
OPIC,O_D04_017,4,17,interaction,소통,,,공연/콘서트,경험·감정·묘사,70,Useful,3,,,,,,,,,,,,,,,,4,17,OPIC_FINAL_v5,,PENDING,,,,,,,,,,,,,,,,,,,,,,,,,,,,VOCAB,,,,,,,,,,,,,,,,,,,,,
OPIC,O_D04_018,4,18,intimate,"친밀한, 아늑한",,,공연/콘서트,경험·감정·묘사,70,Useful,3,,,,,,,,,,,,,,,,4,18,OPIC_FINAL_v5,,PENDING,,,,,,,,,,,,,,,,,,,,,,,,,,,,VOCAB,,,,,,,,,,,,,,,,,,,,,
OPIC,O_D04_019,4,19,passionate,열정적인,,,공연/콘서트,경험·감정·묘사,70,Useful,3,,,,,,,,,,,,,,,,4,19,OPIC_FINAL_v5,,PENDING,,,,,,,,,,,,,,,,,,,,,,,,,,,,VOCAB,,,,,,,,,,,,,,,,,,,,,
OPIC,O_D04_020,4,20,perform,공연하다,,,공연/콘서트,경험·감정·묘사,70,Useful,3,,,,,,,,,,,,,,,,4,20,OPIC_FINAL_v5,,PENDING,,,,,,,,,,,,,,,,,,,,,,,,,,,,VOCAB,,,,,,,,,,,,,,,,,,,,,
OPIC,O_D04_021,4,21,unforgettable,잊을 수 없는,,,공연/콘서트,경험·감정·묘사,70,Useful,3,,,,,,,,,,,,,,,,4,21,OPIC_FINAL_v5,,PENDING,,,,,,,,,,,,,,,,,,,,,,,,,,,,VOCAB,,,,,,,,,,,,,,,,,,,,,
OPIC,O_D05_001,5,1,extensive,"아주 많은, 폭넓은",,,음식점,묘사·추천·경험,70,Optional,3,,,,,,,,,,,,,,,,5,1,OPIC_FINAL_v5,,PENDING,,,,,,,,,,,,,,,,,,,,,,,,,,,,VOCAB,,,,,,,,,,,,,,,,,,,,,
OPIC,O_D05_002,5,2,flavorful,"맛 좋은, 풍미 있는",,,음식점,묘사·추천·경험,70,Useful,3,,,,,,,,,,,,,,,,5,2,OPIC_FINAL_v5,,PENDING,,,,,,,,,,,,,,,,,,,,,,,,,,,,VOCAB,,,,,,,,,,,,,,,,,,,,,
OPIC,O_D05_003,5,3,satisfying,만족스러운,,,음식점,묘사·추천·경험,70,Useful,3,,,,,,,,,,,,,,,,5,3,OPIC_FINAL_v5,,PENDING,,,,,,,,,,,,,,,,,,,,,,,,,,,,VOCAB,,,,,,,,,,,,,,,,,,,,,
OPIC,O_D05_004,5,4,send out,"~을 내오다, 보내다",,,음식점,묘사·추천·경험,70,Useful,3,,,,,,,,,,,,,,,,5,4,OPIC_FINAL_v5,,PENDING,,,,,,,,,,,,,,,,,,,,,,,,,,,,VOCAB,,,,,,,,,,,,,,,,,,,,,
OPIC,O_D05_005,5,5,starve,굶주리다; 몹시 배고프다,,,음식점,묘사·추천·경험,70,Useful,3,,,,,,,,,,,,,,,,5,5,OPIC_FINAL_v5,,PENDING,,,,,,,,,,,,,,,,,,,,,,,,,,,,VOCAB,,,,,,,,,,,,,,,,,,,,,
OPIC,O_D05_006,5,6,unique,독특한,,,음식점,묘사·추천·경험,70,Useful,3,,,,,,,,,,,,,,,,5,6,OPIC_FINAL_v5,,PENDING,,,,,,,,,,,,,,,,,,,,,,,,,,,,VOCAB,,,,,,,,,,,,,,,,,,,,,
OPIC,O_D05_007,5,7,large-scale,대규모의,,,공연/콘서트,경험·감정·묘사,70,Optional,3,,,,,,,,,,,,,,,,5,7,OPIC_FINAL_v5,,PENDING,,,,,,,,,,,,,,,,,,,,,,,,,,,,VOCAB,,,,,,,,,,,,,,,,,,,,,
OPIC,O_D05_008,5,8,ethnic,"민족의, 이국적인",,,음식점,묘사·추천·경험,70,Optional,3,,,,,,,,,,,,,,,,5,8,OPIC_FINAL_v5,,PENDING,,,,,,,,,,,,,,,,,,,,,,,,,,,,VOCAB,,,,,,,,,,,,,,,,,,,,,
OPIC,O_D05_009,5,9,local food,현지 음식,,,국내 여행,경험·묘사·여행,70,Must Know,5,,,,,,,,,,,,,,,,5,9,OPIC_FINAL_v5,,PENDING,,,,,,,,,,,,,,,,,,,,,,,,,,,,VOCAB,,,,,,,,,,,,,,,,,,,,,
OPIC,O_D05_010,5,10,reservation,예약,,,국내 여행,경험·묘사·여행,70,Must Know,5,,,,,,,,,,,,,,,,5,10,OPIC_FINAL_v5,,PENDING,,,,,,,,,,,,,,,,,,,,,,,,,,,,VOCAB,,,,,,,,,,,,,,,,,,,,,
OPIC,O_D05_011,5,11,rewarding,보람 있는,,,국내 여행,경험·묘사·여행,70,Must Know,5,,,,,,,,,,,,,,,,5,11,OPIC_FINAL_v5,,PENDING,,,,,,,,,,,,,,,,,,,,,,,,,,,,VOCAB,,,,,,,,,,,,,,,,,,,,,
OPIC,O_D05_012,5,12,affordable,"저렴한, 가격이 적당한",,,여행/예약,여행·예약·문제해결,70,Must Know,5,,,,,,,,,,,,,,,,5,12,OPIC_FINAL_v5,,PENDING,,,,,,,,,,,,,,,,,,,,,,,,,,,,VOCAB,,,,,,,,,,,,,,,,,,,,,
OPIC,O_D05_013,5,13,get a refund,환불받다,,,여행/예약,여행·예약·문제해결,70,Must Know,5,,,,,,,,,,,,,,,,5,13,OPIC_FINAL_v5,,PENDING,,,,,,,,,,,,,,,,,,,,,,,,,,,,VOCAB,,,,,,,,,,,,,,,,,,,,,
OPIC,O_D05_014,5,14,waive,면제하다,,,여행/예약,여행·예약·문제해결,70,Must Know,5,,,,,,,,,,,,,,,,5,14,OPIC_FINAL_v5,,PENDING,,,,,,,,,,,,,,,,,,,,,,,,,,,,VOCAB,,,,,,,,,,,,,,,,,,,,,
OPIC,O_D05_015,5,15,itinerary,여행 일정,,,국내 여행,경험·묘사·여행,70,Useful,3,,,,,,,,,,,,,,,,5,15,OPIC_FINAL_v5,,PENDING,,,,,,,,,,,,,,,,,,,,,,,,,,,,VOCAB,,,,,,,,,,,,,,,,,,,,,
OPIC,O_D05_016,5,16,must-have,"필수품, 꼭 필요한 것",,,국내 여행,경험·묘사·여행,70,Useful,3,,,,,,,,,,,,,,,,5,16,OPIC_FINAL_v5,,PENDING,,,,,,,,,,,,,,,,,,,,,,,,,,,,VOCAB,,,,,,,,,,,,,,,,,,,,,
OPIC,O_D05_017,5,17,packing,짐 싸기,,,국내 여행,경험·묘사·여행,70,Useful,3,,,,,,,,,,,,,,,,5,17,OPIC_FINAL_v5,,PENDING,,,,,,,,,,,,,,,,,,,,,,,,,,,,VOCAB,,,,,,,,,,,,,,,,,,,,,
OPIC,O_D05_018,5,18,sightseeing,관광,,,국내 여행,경험·묘사·여행,70,Useful,3,,,,,,,,,,,,,,,,5,18,OPIC_FINAL_v5,,PENDING,,,,,,,,,,,,,,,,,,,,,,,,,,,,VOCAB,,,,,,,,,,,,,,,,,,,,,
OPIC,O_D05_019,5,19,tourist attraction,관광 명소,,,국내 여행,경험·묘사·여행,70,Useful,3,,,,,,,,,,,,,,,,5,19,OPIC_FINAL_v5,,PENDING,,,,,,,,,,,,,,,,,,,,,,,,,,,,VOCAB,,,,,,,,,,,,,,,,,,,,,
OPIC,O_D05_020,5,20,traditional,"전통적인, 전통의",,,국내 여행,경험·묘사·여행,70,Useful,3,,,,,,,,,,,,,,,,5,20,OPIC_FINAL_v5,,PENDING,,,,,,,,,,,,,,,,,,,,,,,,,,,,VOCAB,,,,,,,,,,,,,,,,,,,,,
OPIC,O_D05_021,5,21,additional,추가의,,,여행/예약,여행·예약·문제해결,70,Optional,3,,,,,,,,,,,,,,,,5,21,OPIC_FINAL_v5,,PENDING,,,,,,,,,,,,,,,,,,,,,,,,,,,,VOCAB,,,,,,,,,,,,,,,,,,,,,
OPIC,O_D06_001,6,1,amenity,생활 편의 시설,,,여행/예약,여행·예약·문제해결,70,Optional,3,,,,,,,,,,,,,,,,6,1,OPIC_FINAL_v5,,PENDING,,,,,,,,,,,,,,,,,,,,,,,,,,,,VOCAB,,,,,,,,,,,,,,,,,,,,,
OPIC,O_D06_002,6,2,detail,세부 사항,,,여행/예약,여행·예약·문제해결,70,Useful,3,,,,,,,,,,,,,,,,6,2,OPIC_FINAL_v5,,PENDING,,,,,,,,,,,,,,,,,,,,,,,,,,,,VOCAB,,,,,,,,,,,,,,,,,,,,,
OPIC,O_D06_003,6,3,early booking,조기 예약,,,여행/예약,여행·예약·문제해결,70,Useful,3,,,,,,,,,,,,,,,,6,3,OPIC_FINAL_v5,,PENDING,,,,,,,,,,,,,,,,,,,,,,,,,,,,VOCAB,,,,,,,,,,,,,,,,,,,,,
OPIC,O_D06_004,6,4,valuable,"소중한, 귀중한",,,여행/예약,여행·예약·문제해결,70,Useful,3,,,,,,,,,,,,,,,,6,4,OPIC_FINAL_v5,,PENDING,,,,,,,,,,,,,,,,,,,,,,,,,,,,VOCAB,,,,,,,,,,,,,,,,,,,,,
OPIC,O_D06_005,6,5,voucher,"할인권, 상품권, 쿠폰",,,여행/예약,여행·예약·문제해결,70,Useful,3,,,,,,,,,,,,,,,,6,5,OPIC_FINAL_v5,,PENDING,,,,,,,,,,,,,,,,,,,,,,,,,,,,VOCAB,,,,,,,,,,,,,,,,,,,,,
OPIC,O_D06_006,6,6,tea ceremony,다도,,,국내 여행,경험·묘사·여행,70,Optional,3,,,,,,,,,,,,,,,,6,6,OPIC_FINAL_v5,,PENDING,,,,,,,,,,,,,,,,,,,,,,,,,,,,VOCAB,,,,,,,,,,,,,,,,,,,,,
OPIC,O_D06_007,6,7,deposit,보증금,,,여행/예약,여행·예약·문제해결,70,Optional,3,,,,,,,,,,,,,,,,6,7,OPIC_FINAL_v5,,PENDING,,,,,,,,,,,,,,,,,,,,,,,,,,,,VOCAB,,,,,,,,,,,,,,,,,,,,,
OPIC,O_D06_008,6,8,compare to,~와 비교하다,,,은행,변화·비교·일상,70,Must Know,5,,,,,,,,,,,,,,,,6,8,OPIC_FINAL_v5,,PENDING,,,,,,,,,,,,,,,,,,,,,,,,,,,,VOCAB,,,,,,,,,,,,,,,,,,,,,
OPIC,O_D06_009,6,9,efficient,효율적인,,,은행,변화·비교·일상,70,Must Know,5,,,,,,,,,,,,,,,,6,9,OPIC_FINAL_v5,,PENDING,,,,,,,,,,,,,,,,,,,,,,,,,,,,VOCAB,,,,,,,,,,,,,,,,,,,,,
OPIC,O_D06_010,6,10,participate in,~에 참여하다,,,재활용,습관·절차·의견,70,Must Know,5,,,,,,,,,,,,,,,,6,10,OPIC_FINAL_v5,,PENDING,,,,,,,,,,,,,,,,,,,,,,,,,,,,VOCAB,,,,,,,,,,,,,,,,,,,,,
OPIC,O_D06_011,6,11,reduce,줄이다,,,재활용,습관·절차·의견,70,Must Know,5,,,,,,,,,,,,,,,,6,11,OPIC_FINAL_v5,,PENDING,,,,,,,,,,,,,,,,,,,,,,,,,,,,VOCAB,,,,,,,,,,,,,,,,,,,,,
OPIC,O_D06_012,6,12,sort,"분류하다, 구분하다",,,재활용,습관·절차·의견,70,Must Know,5,,,,,,,,,,,,,,,,6,12,OPIC_FINAL_v5,,PENDING,,,,,,,,,,,,,,,,,,,,,,,,,,,,VOCAB,,,,,,,,,,,,,,,,,,,,,
OPIC,O_D06_013,6,13,balance,잔액,,,은행,변화·비교·일상,70,Useful,3,,,,,,,,,,,,,,,,6,13,OPIC_FINAL_v5,,PENDING,,,,,,,,,,,,,,,,,,,,,,,,,,,,VOCAB,,,,,,,,,,,,,,,,,,,,,
OPIC,O_D06_014,6,14,complain,"불평하다, 항의하다",,,은행,변화·비교·일상,70,Useful,3,,,,,,,,,,,,,,,,6,14,OPIC_FINAL_v5,,PENDING,,,,,,,,,,,,,,,,,,,,,,,,,,,,VOCAB,,,,,,,,,,,,,,,,,,,,,
OPIC,O_D06_015,6,15,describe,"설명하다, 묘사하다",,,은행,변화·비교·일상,70,Useful,3,,,,,,,,,,,,,,,,6,15,OPIC_FINAL_v5,,PENDING,,,,,,,,,,,,,,,,,,,,,,,,,,,,VOCAB,,,,,,,,,,,,,,,,,,,,,
OPIC,O_D06_016,6,16,interest rate,"금리, 이율",,,은행,변화·비교·일상,70,Useful,3,,,,,,,,,,,,,,,,6,16,OPIC_FINAL_v5,,PENDING,,,,,,,,,,,,,,,,,,,,,,,,,,,,VOCAB,,,,,,,,,,,,,,,,,,,,,
OPIC,O_D06_017,6,17,payment,"결제, 지불",,,은행,변화·비교·일상,70,Useful,3,,,,,,,,,,,,,,,,6,17,OPIC_FINAL_v5,,PENDING,,,,,,,,,,,,,,,,,,,,,,,,,,,,VOCAB,,,,,,,,,,,,,,,,,,,,,
OPIC,O_D06_018,6,18,personal information,개인정보,,,은행,변화·비교·일상,70,Useful,3,,,,,,,,,,,,,,,,6,18,OPIC_FINAL_v5,,PENDING,,,,,,,,,,,,,,,,,,,,,,,,,,,,VOCAB,,,,,,,,,,,,,,,,,,,,,
OPIC,O_D06_019,6,19,withdraw,"인출하다, 빼내다",,,은행,변화·비교·일상,70,Useful,3,,,,,,,,,,,,,,,,6,19,OPIC_FINAL_v5,,PENDING,,,,,,,,,,,,,,,,,,,,,,,,,,,,VOCAB,,,,,,,,,,,,,,,,,,,,,
OPIC,O_D06_020,6,20,practice,"관행, 실천",,,재활용,습관·절차·의견,70,Useful,3,,,,,,,,,,,,,,,,6,20,OPIC_FINAL_v5,,PENDING,,,,,,,,,,,,,,,,,,,,,,,,,,,,VOCAB,,,,,,,,,,,,,,,,,,,,,
OPIC,O_D06_021,6,21,recycling bin,재활용품 통,,,재활용,습관·절차·의견,70,Useful,3,,,,,,,,,,,,,,,,6,21,OPIC_FINAL_v5,,PENDING,,,,,,,,,,,,,,,,,,,,,,,,,,,,VOCAB,,,,,,,,,,,,,,,,,,,,,
OPIC,O_D07_001,7,1,regularly,정기적으로,,,재활용,습관·절차·의견,70,Useful,3,,,,,,,,,,,,,,,,7,1,OPIC_FINAL_v5,,PENDING,,,,,,,,,,,,,,,,,,,,,,,,,,,,VOCAB,,,,,,,,,,,,,,,,,,,,,
OPIC,O_D07_002,7,2,separate,"분리하다, 나누다",,,재활용,습관·절차·의견,70,Useful,3,,,,,,,,,,,,,,,,7,2,OPIC_FINAL_v5,,PENDING,,,,,,,,,,,,,,,,,,,,,,,,,,,,VOCAB,,,,,,,,,,,,,,,,,,,,,
OPIC,O_D07_003,7,3,strict,엄격한,,,재활용,습관·절차·의견,70,Useful,3,,,,,,,,,,,,,,,,7,3,OPIC_FINAL_v5,,PENDING,,,,,,,,,,,,,,,,,,,,,,,,,,,,VOCAB,,,,,,,,,,,,,,,,,,,,,
OPIC,O_D07_004,7,4,turn into,"~로 바뀌다, 변하다",,,재활용,습관·절차·의견,70,Useful,3,,,,,,,,,,,,,,,,7,4,OPIC_FINAL_v5,,PENDING,,,,,,,,,,,,,,,,,,,,,,,,,,,,VOCAB,,,,,,,,,,,,,,,,,,,,,
OPIC,O_D07_005,7,5,waste,"폐기물, 쓰레기",,,재활용,습관·절차·의견,70,Useful,3,,,,,,,,,,,,,,,,7,5,OPIC_FINAL_v5,,PENDING,,,,,,,,,,,,,,,,,,,,,,,,,,,,VOCAB,,,,,,,,,,,,,,,,,,,,,
OPIC,O_D07_006,7,6,waiting number,대기 번호표,,,은행,변화·비교·일상,70,Optional,3,,,,,,,,,,,,,,,,7,6,OPIC_FINAL_v5,,PENDING,,,,,,,,,,,,,,,,,,,,,,,,,,,,VOCAB,,,,,,,,,,,,,,,,,,,,,
OPIC,O_D07_007,7,7,cancellation,취소,,,병원,경험·문제해결·롤플레이,70,Must Know,5,,,,,,,,,,,,,,,,7,7,OPIC_FINAL_v5,,PENDING,,,,,,,,,,,,,,,,,,,,,,,,,,,,VOCAB,,,,,,,,,,,,,,,,,,,,,
OPIC,O_D07_008,7,8,in advance,"미리, 사전에",,,병원,경험·문제해결·롤플레이,70,Must Know,5,,,,,,,,,,,,,,,,7,8,OPIC_FINAL_v5,,PENDING,,,,,,,,,,,,,,,,,,,,,,,,,,,,VOCAB,,,,,,,,,,,,,,,,,,,,,
OPIC,O_D07_009,7,9,overbooked,예약이 초과된,,,병원,경험·문제해결·롤플레이,70,Must Know,5,,,,,,,,,,,,,,,,7,9,OPIC_FINAL_v5,,PENDING,,,,,,,,,,,,,,,,,,,,,,,,,,,,VOCAB,,,,,,,,,,,,,,,,,,,,,
OPIC,O_D07_010,7,10,urgent,"긴급한, 시급한",,,병원,경험·문제해결·롤플레이,70,Must Know,5,,,,,,,,,,,,,,,,7,10,OPIC_FINAL_v5,,PENDING,,,,,,,,,,,,,,,,,,,,,,,,,,,,VOCAB,,,,,,,,,,,,,,,,,,,,,
OPIC,O_D07_011,7,11,in person,직접,,,약속,약속변경·문제해결·경험,70,Must Know,5,,,,,,,,,,,,,,,,7,11,OPIC_FINAL_v5,,PENDING,,,,,,,,,,,,,,,,,,,,,,,,,,,,VOCAB,,,,,,,,,,,,,,,,,,,,,
OPIC,O_D07_012,7,12,pick up,~를 차로 데리러 가다,,,약속,약속변경·문제해결·경험,70,Must Know,5,,,,,,,,,,,,,,,,7,12,OPIC_FINAL_v5,,PENDING,,,,,,,,,,,,,,,,,,,,,,,,,,,,VOCAB,,,,,,,,,,,,,,,,,,,,,
OPIC,O_D07_013,7,13,push back,미루다,,,약속,약속변경·문제해결·경험,70,Must Know,5,,,,,,,,,,,,,,,,7,13,OPIC_FINAL_v5,,PENDING,,,,,,,,,,,,,,,,,,,,,,,,,,,,VOCAB,,,,,,,,,,,,,,,,,,,,,
OPIC,O_D07_014,7,14,unexpected,예상치 못한,,,약속,약속변경·문제해결·경험,70,Must Know,5,,,,,,,,,,,,,,,,7,14,OPIC_FINAL_v5,,PENDING,,,,,,,,,,,,,,,,,,,,,,,,,,,,VOCAB,,,,,,,,,,,,,,,,,,,,,
OPIC,O_D07_015,7,15,consultation,상담,,,병원,경험·문제해결·롤플레이,70,Useful,3,,,,,,,,,,,,,,,,7,15,OPIC_FINAL_v5,,PENDING,,,,,,,,,,,,,,,,,,,,,,,,,,,,VOCAB,,,,,,,,,,,,,,,,,,,,,
OPIC,O_D07_016,7,16,inquire,"문의하다, 묻다",,,병원,경험·문제해결·롤플레이,70,Useful,3,,,,,,,,,,,,,,,,7,16,OPIC_FINAL_v5,,PENDING,,,,,,,,,,,,,,,,,,,,,,,,,,,,VOCAB,,,,,,,,,,,,,,,,,,,,,
OPIC,O_D07_017,7,17,mistaken,잘못 알고 있는,,,병원,경험·문제해결·롤플레이,70,Useful,3,,,,,,,,,,,,,,,,7,17,OPIC_FINAL_v5,,PENDING,,,,,,,,,,,,,,,,,,,,,,,,,,,,VOCAB,,,,,,,,,,,,,,,,,,,,,
OPIC,O_D07_018,7,18,prescription,"처방전, 처방",,,병원,경험·문제해결·롤플레이,70,Useful,3,,,,,,,,,,,,,,,,7,18,OPIC_FINAL_v5,,PENDING,,,,,,,,,,,,,,,,,,,,,,,,,,,,VOCAB,,,,,,,,,,,,,,,,,,,,,
OPIC,O_D07_019,7,19,see the doctor,"병원에 가다, 진료를 받다",,,병원,경험·문제해결·롤플레이,70,Useful,3,,,,,,,,,,,,,,,,7,19,OPIC_FINAL_v5,,PENDING,,,,,,,,,,,,,,,,,,,,,,,,,,,,VOCAB,,,,,,,,,,,,,,,,,,,,,
OPIC,O_D07_020,7,20,surgery,수술,,,병원,경험·문제해결·롤플레이,70,Useful,3,,,,,,,,,,,,,,,,7,20,OPIC_FINAL_v5,,PENDING,,,,,,,,,,,,,,,,,,,,,,,,,,,,VOCAB,,,,,,,,,,,,,,,,,,,,,
OPIC,O_D07_021,7,21,change,변경하다,,,약속,약속변경·문제해결·경험,70,Useful,3,,,,,,,,,,,,,,,,7,21,OPIC_FINAL_v5,,PENDING,,,,,,,,,,,,,,,,,,,,,,,,,,,,VOCAB,,,,,,,,,,,,,,,,,,,,,
OPIC,O_D08_001,8,1,delay,"미루다, 연기하다",,,약속,약속변경·문제해결·경험,70,Useful,3,,,,,,,,,,,,,,,,8,1,OPIC_FINAL_v5,,PENDING,,,,,,,,,,,,,,,,,,,,,,,,,,,,VOCAB,,,,,,,,,,,,,,,,,,,,,
OPIC,O_D08_002,8,2,disappointed,"실망한, 낙담한",,,약속,약속변경·문제해결·경험,70,Useful,3,,,,,,,,,,,,,,,,8,2,OPIC_FINAL_v5,,PENDING,,,,,,,,,,,,,,,,,,,,,,,,,,,,VOCAB,,,,,,,,,,,,,,,,,,,,,
OPIC,O_D08_003,8,3,go out,"외출하다, 나가다",,,약속,약속변경·문제해결·경험,70,Useful,3,,,,,,,,,,,,,,,,8,3,OPIC_FINAL_v5,,PENDING,,,,,,,,,,,,,,,,,,,,,,,,,,,,VOCAB,,,,,,,,,,,,,,,,,,,,,
OPIC,O_D08_004,8,4,mentioned,언급한,,,약속,약속변경·문제해결·경험,70,Useful,3,,,,,,,,,,,,,,,,8,4,OPIC_FINAL_v5,,PENDING,,,,,,,,,,,,,,,,,,,,,,,,,,,,VOCAB,,,,,,,,,,,,,,,,,,,,,
OPIC,O_D08_005,8,5,at short notice,"갑작스럽게, 촉박하게",,,Reservation & Scheduling,롤플레이·예약·일정변경,70,Must Know,5,,,,,,,,,,,,,,,,8,5,OPIC_FINAL_v5,,PENDING,,,,,,,,,,,,,,,,,,,,,,,,,,,,VOCAB,,,,,,,,,,,,,,,,,,,,,
OPIC,O_D08_006,8,6,at your earliest convenience,편하실 때 가능한 한 빨리,,,Reservation & Scheduling,롤플레이·예약·일정변경,70,Must Know,5,,,,,,,,,,,,,,,,8,6,OPIC_FINAL_v5,,PENDING,,,,,,,,,,,,,,,,,,,,,,,,,,,,VOCAB,,,,,,,,,,,,,,,,,,,,,
OPIC,O_D08_007,8,7,availability,가능한 시간/자리,,,Reservation & Scheduling,롤플레이·예약·일정변경,70,Must Know,5,,,,,,,,,,,,,,,,8,7,OPIC_FINAL_v5,,PENDING,,,,,,,,,,,,,,,,,,,,,,,,,,,,VOCAB,,,,,,,,,,,,,,,,,,,,,
OPIC,O_D08_008,8,8,confirm a booking,예약을 확인하다,,,Reservation & Scheduling,롤플레이·예약·일정변경,70,Must Know,5,,,,,,,,,,,,,,,,8,8,OPIC_FINAL_v5,,PENDING,,,,,,,,,,,,,,,,,,,,,,,,,,,,VOCAB,,,,,,,,,,,,,,,,,,,,,
OPIC,O_D08_009,8,9,double-booked,일정이 겹친,,,Reservation & Scheduling,롤플레이·예약·일정변경,70,Must Know,5,,,,,,,,,,,,,,,,8,9,OPIC_FINAL_v5,,PENDING,,,,,,,,,,,,,,,,,,,,,,,,,,,,VOCAB,,,,,,,,,,,,,,,,,,,,,
OPIC,O_D08_010,8,10,hold a reservation,예약을 유지하다,,,Reservation & Scheduling,롤플레이·예약·일정변경,70,Must Know,5,,,,,,,,,,,,,,,,8,10,OPIC_FINAL_v5,,PENDING,,,,,,,,,,,,,,,,,,,,,,,,,,,,VOCAB,,,,,,,,,,,,,,,,,,,,,
OPIC,O_D08_011,8,11,lock in a date,날짜를 확정하다,,,Reservation & Scheduling,롤플레이·예약·일정변경,70,Must Know,5,,,,,,,,,,,,,,,,8,11,OPIC_FINAL_v5,,PENDING,,,,,,,,,,,,,,,,,,,,,,,,,,,,VOCAB,,,,,,,,,,,,,,,,,,,,,
OPIC,O_D08_012,8,12,move up a meeting,회의/일정을 앞당기다,,,Reservation & Scheduling,롤플레이·예약·일정변경,70,Must Know,5,,,,,,,,,,,,,,,,8,12,OPIC_FINAL_v5,,PENDING,,,,,,,,,,,,,,,,,,,,,,,,,,,,VOCAB,,,,,,,,,,,,,,,,,,,,,
OPIC,O_D08_013,8,13,push back a meeting,회의/일정을 뒤로 미루다,,,Reservation & Scheduling,롤플레이·예약·일정변경,70,Must Know,5,,,,,,,,,,,,,,,,8,13,OPIC_FINAL_v5,,PENDING,,,,,,,,,,,,,,,,,,,,,,,,,,,,VOCAB,,,,,,,,,,,,,,,,,,,,,
OPIC,O_D08_014,8,14,reschedule,일정을 재조정하다,,,Reservation & Scheduling,롤플레이·예약·일정변경,70,Must Know,5,,,,,,,,,,,,,,,,8,14,OPIC_FINAL_v5,,PENDING,,,,,,,,,,,,,,,,,,,,,,,,,,,,VOCAB,,,,,,,,,,,,,,,,,,,,,
OPIC,O_D08_015,8,15,Can I push it back to Friday?,금요일로 미룰 수 있을까요?,,,Role-play Sentence,롤플레이·요청·문제해결,70,Must Know,5,,,,,,,,,,,,,,,,8,15,OPIC_FINAL_v5,,PENDING,,,,,,,,,,,,,,,,,,,,,,,,,,,,VOCAB,,,,,,,,,,,,,,,,,,,,,
OPIC,O_D08_016,8,16,I completely understand if there's a cancellation fee.,취소 수수료가 있어도 이해합니다,,,Role-play Sentence,롤플레이·요청·문제해결,70,Must Know,5,,,,,,,,,,,,,,,,8,16,OPIC_FINAL_v5,,PENDING,,,,,,,,,,,,,,,,,,,,,,,,,,,,VOCAB,,,,,,,,,,,,,,,,,,,,,
OPIC,O_D08_017,8,17,I don't want to lose my spot if I can help it.,가능하다면 예약한 자리를 유지하고 싶어요,,,Role-play Sentence,롤플레이·요청·문제해결,70,Must Know,5,,,,,,,,,,,,,,,,8,17,OPIC_FINAL_v5,,PENDING,,,,,,,,,,,,,,,,,,,,,,,,,,,,VOCAB,,,,,,,,,,,,,,,,,,,,,
OPIC,O_D08_018,8,18,"I hate to do this, but I need to cancel.",이러긴 싫은데 취소해야 할 것 같아요,,,Role-play Sentence,롤플레이·요청·문제해결,70,Must Know,5,,,,,,,,,,,,,,,,8,18,OPIC_FINAL_v5,,PENDING,,,,,,,,,,,,,,,,,,,,,,,,,,,,VOCAB,,,,,,,,,,,,,,,,,,,,,
OPIC,O_D08_019,8,19,I was wondering if it'd be possible to cancel my booking.,예약 취소가 가능한지 여쭤보려고요,,,Role-play Sentence,롤플레이·요청·문제해결,70,Must Know,5,,,,,,,,,,,,,,,,8,19,OPIC_FINAL_v5,,PENDING,,,,,,,,,,,,,,,,,,,,,,,,,,,,VOCAB,,,,,,,,,,,,,,,,,,,,,
OPIC,O_D08_020,8,20,I'd really appreciate it if you could fit me in.,자리 맞춰주시면 정말 감사하겠습니다,,,Role-play Sentence,롤플레이·요청·문제해결,70,Must Know,5,,,,,,,,,,,,,,,,8,20,OPIC_FINAL_v5,,PENDING,,,,,,,,,,,,,,,,,,,,,,,,,,,,VOCAB,,,,,,,,,,,,,,,,,,,,,
OPIC,O_D08_021,8,21,Something came up and I won't be able to make it.,갑자기 일이 생겨서 못 갈 것 같아요,,,Role-play Sentence,롤플레이·요청·문제해결,70,Must Know,5,,,,,,,,,,,,,,,,8,21,OPIC_FINAL_v5,,PENDING,,,,,,,,,,,,,,,,,,,,,,,,,,,,VOCAB,,,,,,,,,,,,,,,,,,,,,
OPIC,O_D09_001,9,1,Thanks for fitting me in!,일정에 넣어주셔서 정말 감사합니다,,,Role-play Sentence,롤플레이·요청·문제해결,70,Must Know,5,,,,,,,,,,,,,,,,9,1,OPIC_FINAL_v5,,PENDING,,,,,,,,,,,,,,,,,,,,,,,,,,,,VOCAB,,,,,,,,,,,,,,,,,,,,,
OPIC,O_D09_002,9,2,That's such a relief. Thank you.,정말 다행이에요. 감사합니다,,,Role-play Sentence,롤플레이·요청·문제해결,70,Must Know,5,,,,,,,,,,,,,,,,9,2,OPIC_FINAL_v5,,PENDING,,,,,,,,,,,,,,,,,,,,,,,,,,,,VOCAB,,,,,,,,,,,,,,,,,,,,,
OPIC,O_D09_003,9,3,Would next Monday work instead?,대신 다음 월요일은 어떨까요?,,,Role-play Sentence,롤플레이·요청·문제해결,70,Must Know,5,,,,,,,,,,,,,,,,9,3,OPIC_FINAL_v5,,PENDING,,,,,,,,,,,,,,,,,,,,,,,,,,,,VOCAB,,,,,,,,,,,,,,,,,,,,,
OPIC,O_D09_004,9,4,You really saved me there.,덕분에 정말 살았어요,,,Role-play Sentence,롤플레이·요청·문제해결,70,Must Know,5,,,,,,,,,,,,,,,,9,4,OPIC_FINAL_v5,,PENDING,,,,,,,,,,,,,,,,,,,,,,,,,,,,VOCAB,,,,,,,,,,,,,,,,,,,,,
OPIC,O_D09_005,9,5,be entitled to,~을 받을 권리가 있다,,,Complaints & Refunds,롤플레이·불만·환불,70,Must Know,5,,,,,,,,,,,,,,,,9,5,OPIC_FINAL_v5,,PENDING,,,,,,,,,,,,,,,,,,,,,,,,,,,,VOCAB,,,,,,,,,,,,,,,,,,,,,
OPIC,O_D09_006,9,6,defective,결함이 있는,,,Complaints & Refunds,롤플레이·불만·환불,70,Must Know,5,,,,,,,,,,,,,,,,9,6,OPIC_FINAL_v5,,PENDING,,,,,,,,,,,,,,,,,,,,,,,,,,,,VOCAB,,,,,,,,,,,,,,,,,,,,,
OPIC,O_D09_007,9,7,fall short of expectations,기대에 미치지 못하다,,,Complaints & Refunds,롤플레이·불만·환불,70,Must Know,5,,,,,,,,,,,,,,,,9,7,OPIC_FINAL_v5,,PENDING,,,,,,,,,,,,,,,,,,,,,,,,,,,,VOCAB,,,,,,,,,,,,,,,,,,,,,
OPIC,O_D09_008,9,8,follow up on,~에 대해 후속 조치를 취하다,,,Complaints & Refunds,롤플레이·불만·환불,70,Must Know,5,,,,,,,,,,,,,,,,9,8,OPIC_FINAL_v5,,PENDING,,,,,,,,,,,,,,,,,,,,,,,,,,,,VOCAB,,,,,,,,,,,,,,,,,,,,,
OPIC,O_D09_009,9,9,hold up to,"충족하다, 견디다",,,Complaints & Refunds,롤플레이·불만·환불,70,Must Know,5,,,,,,,,,,,,,,,,9,9,OPIC_FINAL_v5,,PENDING,,,,,,,,,,,,,,,,,,,,,,,,,,,,VOCAB,,,,,,,,,,,,,,,,,,,,,
OPIC,O_D09_010,9,10,look into an issue,문제를 조사하다,,,Complaints & Refunds,롤플레이·불만·환불,70,Must Know,5,,,,,,,,,,,,,,,,9,10,OPIC_FINAL_v5,,PENDING,,,,,,,,,,,,,,,,,,,,,,,,,,,,VOCAB,,,,,,,,,,,,,,,,,,,,,
OPIC,O_D09_011,9,11,make it right,"바로잡다, 보상하다",,,Complaints & Refunds,롤플레이·불만·환불,70,Must Know,5,,,,,,,,,,,,,,,,9,11,OPIC_FINAL_v5,,PENDING,,,,,,,,,,,,,,,,,,,,,,,,,,,,VOCAB,,,,,,,,,,,,,,,,,,,,,
OPIC,O_D09_012,9,12,partial refund,부분 환불,,,Complaints & Refunds,롤플레이·불만·환불,70,Must Know,5,,,,,,,,,,,,,,,,9,12,OPIC_FINAL_v5,,PENDING,,,,,,,,,,,,,,,,,,,,,,,,,,,,VOCAB,,,,,,,,,,,,,,,,,,,,,
OPIC,O_D09_013,9,13,refund policy,환불 정책,,,Complaints & Refunds,롤플레이·불만·환불,70,Must Know,5,,,,,,,,,,,,,,,,9,13,OPIC_FINAL_v5,,PENDING,,,,,,,,,,,,,,,,,,,,,,,,,,,,VOCAB,,,,,,,,,,,,,,,,,,,,,
OPIC,O_D09_014,9,14,take care of,처리하다,,,Complaints & Refunds,롤플레이·불만·환불,70,Must Know,5,,,,,,,,,,,,,,,,9,14,OPIC_FINAL_v5,,PENDING,,,,,,,,,,,,,,,,,,,,,,,,,,,,VOCAB,,,,,,,,,,,,,,,,,,,,,
OPIC,O_D09_015,9,15,be flexible,융통성 있다,,,Requests & Negotiation,롤플레이·요청·협상,70,Must Know,5,,,,,,,,,,,,,,,,9,15,OPIC_FINAL_v5,,PENDING,,,,,,,,,,,,,,,,,,,,,,,,,,,,VOCAB,,,,,,,,,,,,,,,,,,,,,
OPIC,O_D09_016,9,16,compromise,타협,,,Requests & Negotiation,롤플레이·요청·협상,70,Must Know,5,,,,,,,,,,,,,,,,9,16,OPIC_FINAL_v5,,PENDING,,,,,,,,,,,,,,,,,,,,,,,,,,,,VOCAB,,,,,,,,,,,,,,,,,,,,,
OPIC,O_D09_017,9,17,cut someone a deal,특별한 조건/할인을 제시하다,,,Requests & Negotiation,롤플레이·요청·협상,70,Must Know,5,,,,,,,,,,,,,,,,9,17,OPIC_FINAL_v5,,PENDING,,,,,,,,,,,,,,,,,,,,,,,,,,,,VOCAB,,,,,,,,,,,,,,,,,,,,,
OPIC,O_D09_018,9,18,go from there,거기서부터 진행하다,,,Requests & Negotiation,롤플레이·요청·협상,70,Must Know,5,,,,,,,,,,,,,,,,9,18,OPIC_FINAL_v5,,PENDING,,,,,,,,,,,,,,,,,,,,,,,,,,,,VOCAB,,,,,,,,,,,,,,,,,,,,,
OPIC,O_D09_019,9,19,in the meantime,"그 사이에, 그동안",,,Requests & Negotiation,롤플레이·요청·협상,70,Must Know,5,,,,,,,,,,,,,,,,9,19,OPIC_FINAL_v5,,PENDING,,,,,,,,,,,,,,,,,,,,,,,,,,,,VOCAB,,,,,,,,,,,,,,,,,,,,,
OPIC,O_D09_020,9,20,make an exception,예외를 두다,,,Requests & Negotiation,롤플레이·요청·협상,70,Must Know,5,,,,,,,,,,,,,,,,9,20,OPIC_FINAL_v5,,PENDING,,,,,,,,,,,,,,,,,,,,,,,,,,,,VOCAB,,,,,,,,,,,,,,,,,,,,,
OPIC,O_D09_021,9,21,meet halfway,서로 양보하다,,,Requests & Negotiation,롤플레이·요청·협상,70,Must Know,5,,,,,,,,,,,,,,,,9,21,OPIC_FINAL_v5,,PENDING,,,,,,,,,,,,,,,,,,,,,,,,,,,,VOCAB,,,,,,,,,,,,,,,,,,,,,
OPIC,O_D10_001,10,1,on my end / on your end,내 쪽에서 / 상대방 쪽에서,,,Requests & Negotiation,롤플레이·요청·협상,70,Must Know,5,,,,,,,,,,,,,,,,10,1,OPIC_FINAL_v5,,PENDING,,,,,,,,,,,,,,,,,,,,,,,,,,,,VOCAB,,,,,,,,,,,,,,,,,,,,,
OPIC,O_D10_002,10,2,settle on,~으로 결정하다,,,Requests & Negotiation,롤플레이·요청·협상,70,Must Know,5,,,,,,,,,,,,,,,,10,2,OPIC_FINAL_v5,,PENDING,,,,,,,,,,,,,,,,,,,,,,,,,,,,VOCAB,,,,,,,,,,,,,,,,,,,,,
OPIC,O_D10_003,10,3,work something out,해결책을 찾다,,,Requests & Negotiation,롤플레이·요청·협상,70,Must Know,5,,,,,,,,,,,,,,,,10,3,OPIC_FINAL_v5,,PENDING,,,,,,,,,,,,,,,,,,,,,,,,,,,,VOCAB,,,,,,,,,,,,,,,,,,,,,
OPIC,O_D10_004,10,4,get back to someone,~에게 다시 연락하다,,,Rapport & Closing,롤플레이·반응·마무리,70,Must Know,5,,,,,,,,,,,,,,,,10,4,OPIC_FINAL_v5,,PENDING,,,,,,,,,,,,,,,,,,,,,,,,,,,,VOCAB,,,,,,,,,,,,,,,,,,,,,
OPIC,O_D10_005,10,5,I appreciate your understanding,이해해 주셔서 감사합니다,,,Rapport & Closing,롤플레이·반응·마무리,70,Must Know,5,,,,,,,,,,,,,,,,10,5,OPIC_FINAL_v5,,PENDING,,,,,,,,,,,,,,,,,,,,,,,,,,,,VOCAB,,,,,,,,,,,,,,,,,,,,,
OPIC,O_D10_006,10,6,I totally get it,완전히 이해해요,,,Rapport & Closing,롤플레이·반응·마무리,70,Must Know,5,,,,,,,,,,,,,,,,10,6,OPIC_FINAL_v5,,PENDING,,,,,,,,,,,,,,,,,,,,,,,,,,,,VOCAB,,,,,,,,,,,,,,,,,,,,,
OPIC,O_D10_007,10,7,I'll follow up,추후 연락하겠습니다,,,Rapport & Closing,롤플레이·반응·마무리,70,Must Know,5,,,,,,,,,,,,,,,,10,7,OPIC_FINAL_v5,,PENDING,,,,,,,,,,,,,,,,,,,,,,,,,,,,VOCAB,,,,,,,,,,,,,,,,,,,,,
OPIC,O_D10_008,10,8,keep me posted,계속 알려주세요,,,Rapport & Closing,롤플레이·반응·마무리,70,Must Know,5,,,,,,,,,,,,,,,,10,8,OPIC_FINAL_v5,,PENDING,,,,,,,,,,,,,,,,,,,,,,,,,,,,VOCAB,,,,,,,,,,,,,,,,,,,,,
OPIC,O_D10_009,10,9,no worries,"괜찮아요, 걱정 마세요",,,Rapport & Closing,롤플레이·반응·마무리,70,Must Know,5,,,,,,,,,,,,,,,,10,9,OPIC_FINAL_v5,,PENDING,,,,,,,,,,,,,,,,,,,,,,,,,,,,VOCAB,,,,,,,,,,,,,,,,,,,,,
OPIC,O_D10_010,10,10,sort out,해결하다,,,Rapport & Closing,롤플레이·반응·마무리,70,Must Know,5,,,,,,,,,,,,,,,,10,10,OPIC_FINAL_v5,,PENDING,,,,,,,,,,,,,,,,,,,,,,,,,,,,VOCAB,,,,,,,,,,,,,,,,,,,,,
OPIC,O_D10_011,10,11,take your time,천천히 하세요,,,Rapport & Closing,롤플레이·반응·마무리,70,Must Know,5,,,,,,,,,,,,,,,,10,11,OPIC_FINAL_v5,,PENDING,,,,,,,,,,,,,,,,,,,,,,,,,,,,VOCAB,,,,,,,,,,,,,,,,,,,,,
OPIC,O_D10_012,10,12,That makes sense,이해가 되네요,,,Rapport & Closing,롤플레이·반응·마무리,70,Must Know,5,,,,,,,,,,,,,,,,10,12,OPIC_FINAL_v5,,PENDING,,,,,,,,,,,,,,,,,,,,,,,,,,,,VOCAB,,,,,,,,,,,,,,,,,,,,,
OPIC,O_D10_013,10,13,wrap up,마무리하다,,,Rapport & Closing,롤플레이·반응·마무리,70,Must Know,5,,,,,,,,,,,,,,,,10,13,OPIC_FINAL_v5,,PENDING,,,,,,,,,,,,,,,,,,,,,,,,,,,,VOCAB,,,,,,,,,,,,,,,,,,,,,
OPIC,O_D10_014,10,14,I'd like to make a rental reservation.,대여 예약을 하고 싶어요,,,Repair/Rental,롤플레이·수리·대여,70,Must Know,5,,,,,,,,,,,,,,,,10,14,OPIC_FINAL_v5,,PENDING,,,,,,,,,,,,,,,,,,,,,,,,,,,,VOCAB,,,,,,,,,,,,,,,,,,,,,
OPIC,O_D10_015,10,15,I'm interested in renting a...,~를 대여하고 싶은데요,,,Repair/Rental,롤플레이·수리·대여,70,Must Know,5,,,,,,,,,,,,,,,,10,15,OPIC_FINAL_v5,,PENDING,,,,,,,,,,,,,,,,,,,,,,,,,,,,VOCAB,,,,,,,,,,,,,,,,,,,,,
OPIC,O_D10_016,10,16,Is there any way to get this fixed?,이거 수리할 방법이 있을까요?,,,Repair/Rental,롤플레이·수리·대여,70,Must Know,5,,,,,,,,,,,,,,,,10,16,OPIC_FINAL_v5,,PENDING,,,,,,,,,,,,,,,,,,,,,,,,,,,,VOCAB,,,,,,,,,,,,,,,,,,,,,
OPIC,O_D10_017,10,17,It just stopped working out of nowhere.,갑자기 아무 이유 없이 작동을 멈췄어요,,,Repair/Rental,롤플레이·수리·대여,70,Must Know,5,,,,,,,,,,,,,,,,10,17,OPIC_FINAL_v5,,PENDING,,,,,,,,,,,,,,,,,,,,,,,,,,,,VOCAB,,,,,,,,,,,,,,,,,,,,,
OPIC,O_D10_018,10,18,It's been acting up lately.,요즘 자꾸 말썽이에요,,,Repair/Rental,롤플레이·수리·대여,70,Must Know,5,,,,,,,,,,,,,,,,10,18,OPIC_FINAL_v5,,PENDING,,,,,,,,,,,,,,,,,,,,,,,,,,,,VOCAB,,,,,,,,,,,,,,,,,,,,,
OPIC,O_D10_019,10,19,It's been giving me trouble.,계속 문제가 생기고 있어요,,,Repair/Rental,롤플레이·수리·대여,70,Must Know,5,,,,,,,,,,,,,,,,10,19,OPIC_FINAL_v5,,PENDING,,,,,,,,,,,,,,,,,,,,,,,,,,,,VOCAB,,,,,,,,,,,,,,,,,,,,,
OPIC,O_D10_020,10,20,What do you have in stock right now?,지금 재고가 어떻게 되나요?,,,Repair/Rental,롤플레이·수리·대여,70,Must Know,5,,,,,,,,,,,,,,,,10,20,OPIC_FINAL_v5,,PENDING,,,,,,,,,,,,,,,,,,,,,,,,,,,,VOCAB,,,,,,,,,,,,,,,,,,,,,
OPIC,O_D11_001,11,1,contribute significantly to,~에 크게 기여하다/영향을 주다,,,Environment,원인·영향 설명,70,Must Know,5,,,,,,,,,,,,,,,,11,1,OPIC_FINAL_v5,,PENDING,,,,,,,,,,,,,,,,,,,,,,,,,,,,VOCAB,,,,,,,,,,,,,,,,,,,,,
OPIC,O_D11_002,11,2,rise steadily,꾸준히 증가하다,,,Environment,변화 설명,70,Useful,3,,,,,,,,,,,,,,,,11,2,OPIC_FINAL_v5,,PENDING,,,,,,,,,,,,,,,,,,,,,,,,,,,,VOCAB,,,,,,,,,,,,,,,,,,,,,
OPIC,O_D11_003,11,3,have an important role to play,중요한 역할을 하다,,,Environment,해결책 제시,70,Must Know,5,,,,,,,,,,,,,,,,11,3,OPIC_FINAL_v5,,PENDING,,,,,,,,,,,,,,,,,,,,,,,,,,,,VOCAB,,,,,,,,,,,,,,,,,,,,,
OPIC,O_D11_004,11,4,no longer a choice but a necessity,더 이상 선택이 아니라 필수,,,Environment,강조·결론,70,Must Know,5,,,,,,,,,,,,,,,,11,4,OPIC_FINAL_v5,,PENDING,,,,,,,,,,,,,,,,,,,,,,,,,,,,VOCAB,,,,,,,,,,,,,,,,,,,,,
OPIC,O_D11_005,11,5,catch up in,~에서 따라잡다,,,Work,비교·격차,70,Must Know,5,,,,,,,,,,,,,,,,11,5,OPIC_FINAL_v5,,PENDING,,,,,,,,,,,,,,,,,,,,,,,,,,,,VOCAB,,,,,,,,,,,,,,,,,,,,,
OPIC,O_D11_006,11,6,have a profound impact on,~에 지대한 영향을 미치다,,,Work,영향 설명,70,Useful,3,,,,,,,,,,,,,,,,11,6,OPIC_FINAL_v5,,PENDING,,,,,,,,,,,,,,,,,,,,,,,,,,,,VOCAB,,,,,,,,,,,,,,,,,,,,,
OPIC,O_D11_007,11,7,be in high demand,수요가 많다,,,Work,수요·트렌드,70,Must Know,5,,,,,,,,,,,,,,,,11,7,OPIC_FINAL_v5,,PENDING,,,,,,,,,,,,,,,,,,,,,,,,,,,,VOCAB,,,,,,,,,,,,,,,,,,,,,
OPIC,O_D11_008,11,8,play a key role in,~에서 핵심적인 역할을 하다,,,Work,강조·평가,70,Must Know,5,,,,,,,,,,,,,,,,11,8,OPIC_FINAL_v5,,PENDING,,,,,,,,,,,,,,,,,,,,,,,,,,,,VOCAB,,,,,,,,,,,,,,,,,,,,,
OPIC,O_D11_009,11,9,benefits and drawbacks,장점과 단점,,,Work,장단점,70,Must Know,5,,,,,,,,,,,,,,,,11,9,OPIC_FINAL_v5,,PENDING,,,,,,,,,,,,,,,,,,,,,,,,,,,,VOCAB,,,,,,,,,,,,,,,,,,,,,
OPIC,O_D11_010,11,10,be mainly responsible for,주로 ~을 담당하다,,,Home,책임 설명,70,Must Know,5,,,,,,,,,,,,,,,,11,10,OPIC_FINAL_v5,,PENDING,,,,,,,,,,,,,,,,,,,,,,,,,,,,VOCAB,,,,,,,,,,,,,,,,,,,,,
OPIC,O_D11_011,11,11,be in charge of,~을 담당하다,,,Home,역할 설명,70,Must Know,5,,,,,,,,,,,,,,,,11,11,OPIC_FINAL_v5,,PENDING,,,,,,,,,,,,,,,,,,,,,,,,,,,,VOCAB,,,,,,,,,,,,,,,,,,,,,
OPIC,O_D11_012,11,12,make up for,~을 만회하다,,,Home,보완·만회,70,Must Know,5,,,,,,,,,,,,,,,,11,12,OPIC_FINAL_v5,,PENDING,,,,,,,,,,,,,,,,,,,,,,,,,,,,VOCAB,,,,,,,,,,,,,,,,,,,,,
OPIC,O_D11_013,11,13,give something back to,~에게 보답하다,,,Home,감사·보답,70,Must Know,5,,,,,,,,,,,,,,,,11,13,OPIC_FINAL_v5,,PENDING,,,,,,,,,,,,,,,,,,,,,,,,,,,,VOCAB,,,,,,,,,,,,,,,,,,,,,
OPIC,O_D11_014,11,14,do one's fair share,자기 몫을 공평하게 하다,,,Home,공평한 분담,70,Must Know,5,,,,,,,,,,,,,,,,11,14,OPIC_FINAL_v5,,PENDING,,,,,,,,,,,,,,,,,,,,,,,,,,,,VOCAB,,,,,,,,,,,,,,,,,,,,,
OPIC,O_D11_015,11,15,take something for granted,~을 당연하게 여기다,,,Home,과거 회상,70,Must Know,5,,,,,,,,,,,,,,,,11,15,OPIC_FINAL_v5,,PENDING,,,,,,,,,,,,,,,,,,,,,,,,,,,,VOCAB,,,,,,,,,,,,,,,,,,,,,
OPIC,O_D11_016,11,16,"Looking back, ...",돌이켜 보면,,,Storytelling,회상·깨달음,70,Must Know,5,,,,,,,,,,,,,,,,11,16,OPIC_FINAL_v5,,PENDING,,,,,,,,,,,,,,,,,,,,,,,,,,,,VOCAB,,,,,,,,,,,,,,,,,,,,,
OPIC,O_D11_017,11,17,That's when I realized...,그때 비로소 ~을 깨달았다,,,Storytelling,깨달음,70,Must Know,5,,,,,,,,,,,,,,,,11,17,OPIC_FINAL_v5,,PENDING,,,,,,,,,,,,,,,,,,,,,,,,,,,,VOCAB,,,,,,,,,,,,,,,,,,,,,
OPIC,O_D11_018,11,18,end up -ing,결국 ~하게 되다,,,Storytelling,문제 결과,70,Must Know,5,,,,,,,,,,,,,,,,11,18,OPIC_FINAL_v5,,PENDING,,,,,,,,,,,,,,,,,,,,,,,,,,,,VOCAB,,,,,,,,,,,,,,,,,,,,,
OPIC,O_D11_019,11,19,get used to -ing,~하는 데 익숙해지다,,,Storytelling,적응,70,Must Know,5,,,,,,,,,,,,,,,,11,19,OPIC_FINAL_v5,,PENDING,,,,,,,,,,,,,,,,,,,,,,,,,,,,VOCAB,,,,,,,,,,,,,,,,,,,,,
OPIC,O_D11_020,11,20,learn from my mistakes,실수에서 배우다,,,Storytelling,실수·교훈,70,Must Know,5,,,,,,,,,,,,,,,,11,20,OPIC_FINAL_v5,,PENDING,,,,,,,,,,,,,,,,,,,,,,,,,,,,VOCAB,,,,,,,,,,,,,,,,,,,,,
OPIC,O_D12_001,12,1,turn out well / badly,결과가 잘되다 / 잘못되다,,,Storytelling,결과 묘사,70,Must Know,5,,,,,,,,,,,,,,,,12,1,OPIC_FINAL_v5,,PENDING,,,,,,,,,,,,,,,,,,,,,,,,,,,,VOCAB,,,,,,,,,,,,,,,,,,,,,
OPIC,O_D12_002,12,2,never get tired of,아무리 해도 질리지 않다,,,Restaurant,반복 선호,70,Must Know,5,,,,,,,,,,,,,,,,12,2,OPIC_FINAL_v5,,PENDING,,,,,,,,,,,,,,,,,,,,,,,,,,,,VOCAB,,,,,,,,,,,,,,,,,,,,,
OPIC,O_D12_003,12,3,offer great value for money,가격 대비 가치가 좋다,,,Restaurant,비용·가성비,70,Must Know,5,,,,,,,,,,,,,,,,12,3,OPIC_FINAL_v5,,PENDING,,,,,,,,,,,,,,,,,,,,,,,,,,,,VOCAB,,,,,,,,,,,,,,,,,,,,,
OPIC,O_D12_004,12,4,become a regular,단골이 되다,,,Restaurant,단골·관계,70,Must Know,5,,,,,,,,,,,,,,,,12,4,OPIC_FINAL_v5,,PENDING,,,,,,,,,,,,,,,,,,,,,,,,,,,,VOCAB,,,,,,,,,,,,,,,,,,,,,
OPIC,O_D12_005,12,5,keep me coming back,계속 다시 찾게 하다,,,Restaurant,재방문 이유,70,Must Know,5,,,,,,,,,,,,,,,,12,5,OPIC_FINAL_v5,,PENDING,,,,,,,,,,,,,,,,,,,,,,,,,,,,VOCAB,,,,,,,,,,,,,,,,,,,,,
OPIC,O_D12_006,12,6,go-to website,가장 자주 찾는 웹사이트,,,Internet,선호·핵심,70,Must Know,5,,,,,,,,,,,,,,,,12,6,OPIC_FINAL_v5,,PENDING,,,,,,,,,,,,,,,,,,,,,,,,,,,,VOCAB,,,,,,,,,,,,,,,,,,,,,
OPIC,O_D12_007,12,7,lose track of time,시간 가는 줄 모르다,,,Internet,시간 몰입,70,Must Know,5,,,,,,,,,,,,,,,,12,7,OPIC_FINAL_v5,,PENDING,,,,,,,,,,,,,,,,,,,,,,,,,,,,VOCAB,,,,,,,,,,,,,,,,,,,,,
OPIC,O_D12_008,12,8,keep up with,~을 계속 파악하다,,,Internet,최신 정보,70,Must Know,5,,,,,,,,,,,,,,,,12,8,OPIC_FINAL_v5,,PENDING,,,,,,,,,,,,,,,,,,,,,,,,,,,,VOCAB,,,,,,,,,,,,,,,,,,,,,
OPIC,O_D12_009,12,9,make me reflect on,~을 되돌아보게 하다,,,Internet,자기성찰,70,Useful,3,,,,,,,,,,,,,,,,12,9,OPIC_FINAL_v5,,PENDING,,,,,,,,,,,,,,,,,,,,,,,,,,,,VOCAB,,,,,,,,,,,,,,,,,,,,,
OPIC,O_D12_010,12,10,make the most of,~을 최대한 활용하다,,,Internet,시간 활용,70,Must Know,5,,,,,,,,,,,,,,,,12,10,OPIC_FINAL_v5,,PENDING,,,,,,,,,,,,,,,,,,,,,,,,,,,,VOCAB,,,,,,,,,,,,,,,,,,,,,
OPIC,O_D12_011,12,11,rely heavily on,~에 크게 의존하다,,,Internet,의존·습관,70,Must Know,5,,,,,,,,,,,,,,,,12,11,OPIC_FINAL_v5,,PENDING,,,,,,,,,,,,,,,,,,,,,,,,,,,,VOCAB,,,,,,,,,,,,,,,,,,,,,
OPIC,O_D12_012,12,12,with the rise of,~의 부상과 함께,,,Internet,변화,70,Must Know,5,,,,,,,,,,,,,,,,12,12,OPIC_FINAL_v5,,PENDING,,,,,,,,,,,,,,,,,,,,,,,,,,,,VOCAB,,,,,,,,,,,,,,,,,,,,,
OPIC,O_D12_013,12,13,change the way + S + V,~하는 방식을 바꾸다,,,Internet,변화·영향,70,Must Know,5,,,,,,,,,,,,,,,,12,13,OPIC_FINAL_v5,,PENDING,,,,,,,,,,,,,,,,,,,,,,,,,,,,VOCAB,,,,,,,,,,,,,,,,,,,,,
OPIC,O_D12_014,12,14,save a lot of time and effort,많은 시간과 노력을 절약하다,,,Internet,시간·노력,70,Must Know,5,,,,,,,,,,,,,,,,12,14,OPIC_FINAL_v5,,PENDING,,,,,,,,,,,,,,,,,,,,,,,,,,,,VOCAB,,,,,,,,,,,,,,,,,,,,,
OPIC,O_D12_015,12,15,evolve dramatically,크게 발전하다,,,Internet,과거·현재 비교,70,Useful,3,,,,,,,,,,,,,,,,12,15,OPIC_FINAL_v5,,PENDING,,,,,,,,,,,,,,,,,,,,,,,,,,,,VOCAB,,,,,,,,,,,,,,,,,,,,,
OPIC,O_D12_016,12,16,back then,그 당시에는,,,Internet,과거 묘사,70,Must Know,5,,,,,,,,,,,,,,,,12,16,OPIC_FINAL_v5,,PENDING,,,,,,,,,,,,,,,,,,,,,,,,,,,,VOCAB,,,,,,,,,,,,,,,,,,,,,
OPIC,O_D12_017,12,17,become almost unrecognizable,거의 알아볼 수 없을 정도로 변하다,,,Internet,강한 변화,70,Useful,3,,,,,,,,,,,,,,,,12,17,OPIC_FINAL_v5,,PENDING,,,,,,,,,,,,,,,,,,,,,,,,,,,,VOCAB,,,,,,,,,,,,,,,,,,,,,
OPIC,O_D12_018,12,18,double-check,재확인하다,,,Research,정보 검증,70,Must Know,5,,,,,,,,,,,,,,,,12,18,OPIC_FINAL_v5,,PENDING,,,,,,,,,,,,,,,,,,,,,,,,,,,,VOCAB,,,,,,,,,,,,,,,,,,,,,
OPIC,O_D12_019,12,19,I couldn't always tell whether...,~인지 항상 판단할 수는 없었다,,,Research,불확실성,70,Must Know,5,,,,,,,,,,,,,,,,12,19,OPIC_FINAL_v5,,PENDING,,,,,,,,,,,,,,,,,,,,,,,,,,,,VOCAB,,,,,,,,,,,,,,,,,,,,,
OPIC,O_D12_020,12,20,blindly trust,무비판적으로 믿다,,,Research,주의·조언,70,Must Know,5,,,,,,,,,,,,,,,,12,20,OPIC_FINAL_v5,,PENDING,,,,,,,,,,,,,,,,,,,,,,,,,,,,VOCAB,,,,,,,,,,,,,,,,,,,,,
OPIC,O_D13_001,13,1,come across,우연히 발견하다,,,Work,우연한 발견,70,Must Know,5,,,,,,,,,,,,,,,,13,1,OPIC_FINAL_v5,,PENDING,,,,,,,,,,,,,,,,,,,,,,,,,,,,VOCAB,,,,,,,,,,,,,,,,,,,,,
OPIC,O_D13_002,13,2,give me access to,~에 접근할 수 있게 해주다,,,Work,접근·혜택,70,Must Know,5,,,,,,,,,,,,,,,,13,2,OPIC_FINAL_v5,,PENDING,,,,,,,,,,,,,,,,,,,,,,,,,,,,VOCAB,,,,,,,,,,,,,,,,,,,,,
OPIC,O_D13_003,13,3,receive recognition for,~으로 인정을 받다,,,Work,인정·성과,70,Useful,3,,,,,,,,,,,,,,,,13,3,OPIC_FINAL_v5,,PENDING,,,,,,,,,,,,,,,,,,,,,,,,,,,,VOCAB,,,,,,,,,,,,,,,,,,,,,
OPIC,O_D13_004,13,4,play a crucial role in,~에서 결정적인 역할을 하다,,,Work,핵심 역할,70,Must Know,5,,,,,,,,,,,,,,,,13,4,OPIC_FINAL_v5,,PENDING,,,,,,,,,,,,,,,,,,,,,,,,,,,,VOCAB,,,,,,,,,,,,,,,,,,,,,
OPIC,O_D13_005,13,5,get around,이동하다/돌아다니다,,,Transportation,이동,70,Must Know,5,,,,,,,,,,,,,,,,13,5,OPIC_FINAL_v5,,PENDING,,,,,,,,,,,,,,,,,,,,,,,,,,,,VOCAB,,,,,,,,,,,,,,,,,,,,,
OPIC,O_D13_006,13,6,rely on public transportation,대중교통에 의존하다,,,Transportation,의존,70,Must Know,5,,,,,,,,,,,,,,,,13,6,OPIC_FINAL_v5,,PENDING,,,,,,,,,,,,,,,,,,,,,,,,,,,,VOCAB,,,,,,,,,,,,,,,,,,,,,
OPIC,O_D13_007,13,7,"On the other hand, ...",반면에,,,Transportation,대조,70,Must Know,5,,,,,,,,,,,,,,,,13,7,OPIC_FINAL_v5,,PENDING,,,,,,,,,,,,,,,,,,,,,,,,,,,,VOCAB,,,,,,,,,,,,,,,,,,,,,
OPIC,O_D13_008,13,8,What really stood out to me was...,특히 인상적이었던 것은 ~였다,,,Transportation,인상·강조,70,Must Know,5,,,,,,,,,,,,,,,,13,8,OPIC_FINAL_v5,,PENDING,,,,,,,,,,,,,,,,,,,,,,,,,,,,VOCAB,,,,,,,,,,,,,,,,,,,,,
OPIC,O_D13_009,13,9,prefer A to B,B보다 A를 선호하다,,,Transportation,선호 비교,70,Must Know,5,,,,,,,,,,,,,,,,13,9,OPIC_FINAL_v5,,PENDING,,,,,,,,,,,,,,,,,,,,,,,,,,,,VOCAB,,,,,,,,,,,,,,,,,,,,,
OPIC,O_D13_010,13,10,involve + noun/-ing,~을 수반하다,,,Transportation,구성·필요,70,Must Know,5,,,,,,,,,,,,,,,,13,10,OPIC_FINAL_v5,,PENDING,,,,,,,,,,,,,,,,,,,,,,,,,,,,VOCAB,,,,,,,,,,,,,,,,,,,,,
OPIC,O_D13_011,13,11,bypass heavy traffic,심한 교통 체증을 피해서 가다,,,Transportation,교통 문제,70,Useful,3,,,,,,,,,,,,,,,,13,11,OPIC_FINAL_v5,,PENDING,,,,,,,,,,,,,,,,,,,,,,,,,,,,VOCAB,,,,,,,,,,,,,,,,,,,,,
OPIC,O_D13_012,13,12,within walking distance of,~에서 걸어갈 수 있는 거리,,,Transportation,거리·위치,70,Must Know,5,,,,,,,,,,,,,,,,13,12,OPIC_FINAL_v5,,PENDING,,,,,,,,,,,,,,,,,,,,,,,,,,,,VOCAB,,,,,,,,,,,,,,,,,,,,,
OPIC,O_D13_013,13,13,give me much more flexibility,훨씬 더 큰 유연성을 주다,,,Transportation,유연성,70,Must Know,5,,,,,,,,,,,,,,,,13,13,OPIC_FINAL_v5,,PENDING,,,,,,,,,,,,,,,,,,,,,,,,,,,,VOCAB,,,,,,,,,,,,,,,,,,,,,
OPIC,O_D13_014,13,14,depend on where I'm going and what I'm doing,어디에 가고 무엇을 하는지에 따라 달라지다,,,Speaking Strategy,조건·상황,70,Must Know,5,,,,,,,,,,,,,,,,13,14,OPIC_FINAL_v5,,PENDING,,,,,,,,,,,,,,,,,,,,,,,,,,,,VOCAB,,,,,,,,,,,,,,,,,,,,,
OPIC,O_D13_015,13,15,"Overall, I would say...",전반적으로 말하자면,,,Speaking Strategy,강조·정리,70,Must Know,5,,,,,,,,,,,,,,,,13,15,OPIC_FINAL_v5,,PENDING,,,,,,,,,,,,,,,,,,,,,,,,,,,,VOCAB,,,,,,,,,,,,,,,,,,,,,
OPIC,O_D13_016,13,16,"For example, ...",예를 들어,,,Speaking Strategy,예시 연결,70,Must Know,5,,,,,,,,,,,,,,,,13,16,OPIC_FINAL_v5,,PENDING,,,,,,,,,,,,,,,,,,,,,,,,,,,,VOCAB,,,,,,,,,,,,,,,,,,,,,
OPIC,O_D13_017,13,17,"Personally, I think...",개인적으로는 ~라고 생각하다,,,Speaking Strategy,개인화,70,Must Know,5,,,,,,,,,,,,,,,,13,17,OPIC_FINAL_v5,,PENDING,,,,,,,,,,,,,,,,,,,,,,,,,,,,VOCAB,,,,,,,,,,,,,,,,,,,,,
PRACTICE_READING,P_D01_01,1,1,,,,,OPIC AL Practical Reading,OPIC AL 실전 리딩,,,,,,,,,,,,,,,,,,,,,,,,,,,,,,,,,,,,,,,,,,,,,,,,,,,PRACTICE_READING,P_D01_01,1,story,생활 습관 개선,"A few months ago, I decided that I wanted to improve my daily routine.","몇 달 전, 저는 일상생활을 좀 더 나아지게 해보기로 마음을 먹었습니다.","[""improve""]","[""나아지다, 향상시키다""]",[],[],AL,YES,[],[],[],"[""나아지게""]",[],[],[],[],
PRACTICE_READING,P_D01_02,1,2,,,,,OPIC AL Practical Reading,OPIC AL 실전 리딩,,,,,,,,,,,,,,,,,,,,,,,,,,,,,,,,,,,,,,,,,,,,,,,,,,,PRACTICE_READING,P_D01_02,2,story,생활 습관 개선,"It took me a while to adjust to my new schedule, especially because I wasn't used to waking up early.","새로운 생활 패턴에 적응하는 데 시간이 좀 걸렸는데, 특히 일찍 일어나는 것에 익숙하지 않았기 때문입니다.","[""adjust""]","[""적응하다, 조정하다""]","[""It took me a while to""]","[""~하는 데 시간이 좀 걸렸다""]",AL,YES,"[""be used to ~ing""]","[""~하는 것에 익숙하다""]","[""wasn't used to waking up early""]","[""적응하는""]","[""데 시간이 좀 걸렸는데""]","[""패턴에 적응하는 데 시간이 좀 걸렸는데, 특히 일찍 일어나는 것에 익숙하지 않았기""]","[[""데 시간이 좀 걸렸는데""]]","[[""익숙하지 않았기""]]",
PRACTICE_READING,P_D01_03,1,3,,,,,OPIC AL Practical Reading,OPIC AL 실전 리딩,,,,,,,,,,,,,,,,,,,,,,,,,,,,,,,,,,,,,,,,,,,,,,,,,,,PRACTICE_READING,P_D01_03,3,story,생활 습관 개선,"At first, I tried to change too many things at once.",처음에는 너무 많은 것을 한꺼번에 바꾸려고 했습니다.,[],[],"[""At first""]","[""처음에는""]",AL,YES,"[""all at once / at once""]","[""한꺼번에 / 동시에""]","[""at once""]",[],"[""처음에는""]","[""한꺼번에""]","[[""처음에는""]]","[[""한꺼번에""]]",
PRACTICE_READING,P_D01_04,1,4,,,,,OPIC AL Practical Reading,OPIC AL 실전 리딩,,,,,,,,,,,,,,,,,,,,,,,,,,,,,,,,,,,,,,,,,,,,,,,,,,,PRACTICE_READING,P_D01_04,4,story,생활 습관 개선,It wasn't until I became exhausted that I realized I needed to take things one step at a time.,완전히 지치고 나서야 한 번에 하나씩 천천히 해야 한다는 것을 깨달았습니다.,"[""realize""]","[""깨닫다, 알아차리다""]","[""It wasn't until ~ that ...""]","[""~하고 나서야 비로소 …했다""]",AL,YES,"[""take things one step at a time""]","[""일을 한 번에 하나씩 차근차근 해 나가다""]","[""take things one step at a time""]","[""깨달았습니다""]","[""완전히 지치고 나서야""]","[""한 번에 하나씩""]","[[""나서야""]]","[[""한 번에 하나씩""]]",
PRACTICE_READING,P_D01_05,1,5,,,,,OPIC AL Practical Reading,OPIC AL 실전 리딩,,,,,,,,,,,,,,,,,,,,,,,,,,,,,,,,,,,,,,,,,,,,,,,,,,,PRACTICE_READING,P_D01_05,5,story,생활 습관 개선,So I started with a few simple habits.,그래서 몇 가지 간단한 습관부터 시작했습니다.,[],[],[],[],AL,YES,[],[],[],[],[],[],[],[],
PRACTICE_READING,P_D01_06,1,6,,,,,OPIC AL Practical Reading,OPIC AL 실전 리딩,,,,,,,,,,,,,,,,,,,,,,,,,,,,,,,,,,,,,,,,,,,,,,,,,,,PRACTICE_READING,P_D01_06,6,story,생활 습관 개선,"I've been trying to exercise regularly, eat better, and practice English every day.","규칙적으로 운동하고, 더 건강하게 먹고, 매일 영어를 연습하려고 꾸준히 노력하고 있습니다.",[],[],"[""I've been trying to""]","[""계속 ~하려고 노력해 왔다""]",AL,YES,[],[],[],[],"[""연습하려고 꾸준히 노력하고""]",[],"[[""연습하려고 꾸준히 노력하고""]]",[],
PRACTICE_READING,P_D01_07,1,7,,,,,OPIC AL Practical Reading,OPIC AL 실전 리딩,,,,,,,,,,,,,,,,,,,,,,,,,,,,,,,,,,,,,,,,,,,,,,,,,,,PRACTICE_READING,P_D01_07,7,story,생활 습관 개선,I also try to avoid checking my phone right before bed.,또한 잠자리에 들기 직전에는 휴대폰을 보는 것을 피하려고 합니다.,"[""avoid""]","[""피하다""]","[""I try to avoid""]","[""~하는 것을 피하려고 한다""]",AL,YES,"[""right before ~""]","[""바로 ~하기 직전에""]","[""right before""]","[""피하려고""]","[""것을 피하려고""]","[""잠자리에 들기 직전에는""]","[[""것을 피하려고""]]","[[""잠자리에 들기 직전에는""]]",
PRACTICE_READING,P_D01_08,1,8,,,,,OPIC AL Practical Reading,OPIC AL 실전 리딩,,,,,,,,,,,,,,,,,,,,,,,,,,,,,,,,,,,,,,,,,,,,,,,,,,,PRACTICE_READING,P_D01_08,8,story,생활 습관 개선,"Instead, I'd rather read a book or spend some quiet time with my family. I prefer to relax that way.",그 대신 책을 읽거나 가족과 조용한 시간을 보내는 편이 더 좋습니다. 저는 그런 식으로 쉬는 것을 더 좋아합니다.,"[""prefer""]","[""선호하다""]","[""I'd rather""]","[""차라리 ~하는 편이 낫다""]",AL,YES,[],[],[],"[""더 좋아합니다""]","[""그 대신 책을 읽거나 가족과 조용한 시간을 보내는 편이 더 좋습니다""]",[],"[[""편이 더 좋습니다""]]",[],
PRACTICE_READING,P_D01_09,1,9,,,,,OPIC AL Practical Reading,OPIC AL 실전 리딩,,,,,,,,,,,,,,,,,,,,,,,,,,,,,,,,,,,,,,,,,,,,,,,,,,,PRACTICE_READING,P_D01_09,9,story,생활 습관 개선,These small changes have helped me sleep better and feel more energetic during the day.,이런 작은 변화들 덕분에 잠도 더 잘 자고 낮에는 활력도 더 생겼습니다.,[],[],[],[],AL,YES,[],[],[],[],[],[],[],[],
PRACTICE_READING,P_D01_10,1,10,,,,,OPIC AL Practical Reading,OPIC AL 실전 리딩,,,,,,,,,,,,,,,,,,,,,,,,,,,,,,,,,,,,,,,,,,,,,,,,,,,PRACTICE_READING,P_D01_10,10,story,생활 습관 개선,One thing that encouraged me was seeing small improvements every week.,저에게 힘이 되었던 것 중 하나는 매주 조금씩 나아지는 모습을 확인하는 것이었습니다.,"[""encourage""]","[""장려하다, 격려하다""]","[""One thing that encouraged me was""]","[""나에게 힘이 되었던 한 가지는 ~였다""]",AL,YES,[],[],[],"[""힘이 되었던""]","[""저에게 힘이 되었던 것 중 하나는""]",[],"[[""저에게 힘이 되었던 것 중 하나는""]]",[],
PRACTICE_READING,P_D01_11,1,11,,,,,OPIC AL Practical Reading,OPIC AL 실전 리딩,,,,,,,,,,,,,,,,,,,,,,,,,,,,,,,,,,,,,,,,,,,,,,,,,,,PRACTICE_READING,P_D01_11,11,story,생활 습관 개선,"Eventually, I finally managed to stick to my routine even on busy days.",결국 바쁜 날에도 생활 습관을 꾸준히 지킬 수 있게 되었습니다.,"[""manage""]","[""해내다, 성공적으로 처리하다""]","[""I finally managed to""]","[""마침내 ~하는 데 성공했다""]",AL,YES,[],[],[],"[""지킬 수 있게 되었습니다""]","[""""]",[],[[]],[],
PRACTICE_READING,P_D01_12,1,12,,,,,OPIC AL Practical Reading,OPIC AL 실전 리딩,,,,,,,,,,,,,,,,,,,,,,,,,,,,,,,,,,,,,,,,,,,,,,,,,,,PRACTICE_READING,P_D01_12,12,story,생활 습관 개선,I'm proud that I've accomplished something I had failed to do many times before.,예전에는 여러 번 실패했던 일을 이번에는 해냈다는 것이 자랑스럽습니다.,"[""accomplish""]","[""성취하다, 이루어 내다""]","[""I'm proud that""]","[""~한 것이 자랑스럽다""]",AL,YES,[],[],[],"[""해냈""]","[""것이 자랑스럽습니다""]",[],"[[""것이 자랑스럽습니다""]]",[],
PRACTICE_READING,P_D01_13,1,13,,,,,OPIC AL Practical Reading,OPIC AL 실전 리딩,,,,,,,,,,,,,,,,,,,,,,,,,,,,,,,,,,,,,,,,,,,,,,,,,,,PRACTICE_READING,P_D01_13,13,story,생활 습관 개선,"Through this experience, I've come to appreciate how important small habits can be.",이 경험을 통해 작은 습관이 얼마나 중요한지 새삼 알게 되었습니다.,"[""appreciate""]","[""인식하다, 감사하다""]","[""I've come to appreciate""]","[""~의 가치를 알게 되었다""]",AL,YES,[],[],[],"[""새삼 알게 되었습니다""]","[""""]",[],[[]],[],
PRACTICE_READING,P_D01_14,1,14,,,,,OPIC AL Practical Reading,OPIC AL 실전 리딩,,,,,,,,,,,,,,,,,,,,,,,,,,,,,,,,,,,,,,,,,,,,,,,,,,,PRACTICE_READING,P_D01_14,14,story,생활 습관 개선,"If a friend wanted to make a similar change, I'd definitely recommend starting small rather than trying to change everything at once.","만약 친구가 비슷한 변화를 시도하고 싶다고 한다면, 모든 것을 한꺼번에 바꾸기보다는 작은 것부터 시작하라고 꼭 추천하고 싶습니다.","[""recommend""]","[""추천하다""]","[""I'd definitely recommend""]","[""꼭 ~을 추천하고 싶다""]",AL,YES,"[""all at once / at once""]","[""한꺼번에 / 동시에""]","[""at once""]","[""추천하고""]","[""꼭 추천하고""]","[""한꺼번에""]","[[""꼭 추천하고""]]","[[""한꺼번에""]]",
PRACTICE_READING,P_D02_01,2,1,,,,,OPIC AL Practical Reading,OPIC AL 실전 리딩,,,,,,,,,,,,,,,,,,,,,,,,,,,,,,,,,,,,,,,,,,,,,,,,,,,PRACTICE_READING,P_D02_01,1,story,영어 말하기 실력 향상,"A while ago, I decided to take my English more seriously because I wanted to become a more confident speaker.","얼마 전, 저는 좀 더 자신감 있게 영어를 말하고 싶어서 영어 공부를 더 진지하게 해보기로 결심했습니다.","[""decide""]","[""결정하다""]","[""I decided to""]","[""~하기로 결심했다""]",AL,YES,"[""take ~ seriously""]","[""~을 진지하게 받아들이다""]","[""take my English more seriously""]","[""결심했습니다""]","[""결심했습니다""]","[""영어 공부를 더 진지하게 해보기로""]","[[""결심했습니다""]]","[[""영어 공부를 더 진지하게 해보기로""]]",
PRACTICE_READING,P_D02_02,2,2,,,,,OPIC AL Practical Reading,OPIC AL 실전 리딩,,,,,,,,,,,,,,,,,,,,,,,,,,,,,,,,,,,,,,,,,,,,,,,,,,,PRACTICE_READING,P_D02_02,2,story,영어 말하기 실력 향상,One of the biggest challenges was speaking without translating everything in my head first.,가장 큰 어려움 중 하나는 머릿속에서 모든 것을 먼저 번역하지 않고 바로 말하는 것이었습니다.,"[""challenge""]","[""도전/어려움""]","[""One of the biggest challenges was""]","[""가장 큰 어려움 중 하나는 ~""]",AL,YES,"[""in one's head""]","[""머릿속으로""]","[""in my head""]","[""어려움""]","[""가장 큰 어려움 중 하나는""]","[""머릿속에서""]","[[""가장 큰 어려움 중 하나는""]]","[[""머릿속에서""]]",
PRACTICE_READING,P_D02_03,2,3,,,,,OPIC AL Practical Reading,OPIC AL 실전 리딩,,,,,,,,,,,,,,,,,,,,,,,,,,,,,,,,,,,,,,,,,,,,,,,,,,,PRACTICE_READING,P_D02_03,3,story,영어 말하기 실력 향상,"I knew a lot of words, but using them naturally in a real conversation was a completely different challenge.","단어는 많이 알고 있었지만, 실제 대화에서 그 단어들을 자연스럽게 쓰는 것은 전혀 다른 문제였습니다.","[""challenge""]","[""도전/어려움""]",[],[],AL,YES,[],[],[],"[""전혀 다른 문제""]",[],[],[],[],
PRACTICE_READING,P_D02_04,2,4,,,,,OPIC AL Practical Reading,OPIC AL 실전 리딩,,,,,,,,,,,,,,,,,,,,,,,,,,,,,,,,,,,,,,,,,,,,,,,,,,,PRACTICE_READING,P_D02_04,4,story,영어 말하기 실력 향상,"So, I've been working on ways to develop better speaking habits. Instead of worrying too much about grammar, I try to focus on getting my message across clearly.",그래서 더 좋은 말하기 습관을 기르기 위해 계속 노력해 왔습니다. 문법을 지나치게 걱정하기보다는 제가 하고 싶은 말을 명확하게 전달하는 데 집중하려고 합니다.,"[""develop"", ""focus""]","[""발전시키다"", ""집중하다""]","[""I've been working on"", ""I try to focus on""]","[""계속 ~을 발전시키려고 노력하고 있다"", ""~에 집중하려고 한다""]",AL,YES,"[""instead of ~ing""]","[""~하는 대신에""]","[""Instead of worrying too much about grammar""]","[""기르기"", ""집중하려고""]","[""계속 노력해"", ""집중하려고""]","[""문법을 지나치게 걱정하기보다는""]","[[""계속 노력해""], [""집중하려고""]]","[[""걱정하기보다는""]]",
PRACTICE_READING,P_D02_05,2,5,,,,,OPIC AL Practical Reading,OPIC AL 실전 리딩,,,,,,,,,,,,,,,,,,,,,,,,,,,,,,,,,,,,,,,,,,,,,,,,,,,PRACTICE_READING,P_D02_05,5,story,영어 말하기 실력 향상,"At one point, I was considering spending more time studying grammar and memorizing vocabulary. But I soon recognized that knowing English and actually speaking it were two different things.",한때는 문법 공부와 단어 암기에 더 많은 시간을 투자할까 고민하기도 했습니다. 하지만 영어를 아는 것과 실제로 영어를 말하는 것은 서로 다른 일이라는 것을 곧 깨닫게 되었습니다.,"[""consider"", ""recognize""]","[""고려하다"", ""알아보다/인식하다""]","[""I'm considering""]","[""~을 고려하고 있다""]",AL,YES,"[""at one point"", ""spend time ~ing / with ~""]","[""한때, 어느 순간"", ""~하며 / ~와 시간을 보내다""]","[""At one point"", ""spending more time studying grammar and memorizing vocabulary""]","[""고민하기도 했습니다"", ""깨닫게 되었습니다""]","[""는 문법 공부와 단어 암기에 더 많은 시간을 투자할까 고민하기도 했습니다""]","[""한때는"", ""한때는 문법 공부와 단어 암기에 더 많은 시간을 투자할까""]","[[""고민하기도 했습니다""]]","[[""한때는""], [""시간을 투자할까""]]",
PRACTICE_READING,P_D02_06,2,6,,,,,OPIC AL Practical Reading,OPIC AL 실전 리딩,,,,,,,,,,,,,,,,,,,,,,,,,,,,,,,,,,,,,,,,,,,,,,,,,,,PRACTICE_READING,P_D02_06,6,story,영어 말하기 실력 향상,"That's when I started practicing out loud every day, even when I was alone. My goal is to achieve a level where I can express myself naturally without constantly thinking about grammar.",그때부터 혼자 있을 때도 매일 소리 내어 영어를 연습하기 시작했습니다. 제 목표는 문법을 계속 생각하지 않고도 자연스럽게 제 생각을 표현할 수 있는 수준에 도달하는 것입니다.,"[""achieve""]","[""달성하다""]","[""My goal is to""]","[""제 목표는 ~하는 것이다""]",AL,YES,"[""out loud""]","[""소리 내어""]","[""out loud""]","[""도달하는""]","[""제 목표는""]","[""소리 내어""]","[[""제 목표는""]]","[[""소리 내어""]]",
PRACTICE_READING,P_D02_07,2,7,,,,,OPIC AL Practical Reading,OPIC AL 실전 리딩,,,,,,,,,,,,,,,,,,,,,,,,,,,,,,,,,,,,,,,,,,,,,,,,,,,PRACTICE_READING,P_D02_07,7,story,영어 말하기 실력 향상,"Of course, there are still times when I get stuck or can't find the right word. Whenever that happens, I remind myself that making mistakes is simply part of the learning process.",물론 아직도 말이 막히거나 적절한 단어가 떠오르지 않을 때가 있습니다. 그럴 때마다 실수도 학습 과정의 일부라고 스스로 되새깁니다.,[],[],[],[],AL,YES,"[""there are times when ~"", ""get stuck"", ""find the right word""]","[""~할 때가 있다"", ""막히다, 꼼짝 못 하다"", ""알맞은 단어를 찾다""]","[""there are still times when"", ""get stuck"", ""find the right word""]",[],[],"[""물론 아직도 말이 막히거나 적절한 단어가 떠오르지 않을 때가 있습니다"", ""막히거나"", ""적절한 단어가 떠오르지 않을""]",[],"[[""때가 있습니다""], [""막히거나""], [""적절한 단어가 떠오르지 않을""]]",
PRACTICE_READING,P_D02_08,2,8,,,,,OPIC AL Practical Reading,OPIC AL 실전 리딩,,,,,,,,,,,,,,,,,,,,,,,,,,,,,,,,,,,,,,,,,,,,,,,,,,,PRACTICE_READING,P_D02_08,8,story,영어 말하기 실력 향상,"I'm grateful for the support I've received from the people around me. Their encouragement has helped me keep going, especially when I felt like I wasn't improving fast enough.",저는 주변 사람들에게 받은 응원과 도움에 감사하고 있습니다. 특히 실력이 생각만큼 빨리 늘지 않는다고 느낄 때 그들의 응원 덕분에 계속할 수 있었습니다.,"[""support""]","[""지원하다/지지하다""]","[""I'm grateful for""]","[""~에 감사하고 있다""]",AL,YES,"[""keep going""]","[""계속하다, 포기하지 않다""]","[""keep going""]","[""응원과 도움""]","[""감사하고""]","[""계속할 수 있었습니다""]","[[""감사하고""]]","[[""계속할 수 있었습니다""]]",
PRACTICE_READING,P_D02_09,2,9,,,,,OPIC AL Practical Reading,OPIC AL 실전 리딩,,,,,,,,,,,,,,,,,,,,,,,,,,,,,,,,,,,,,,,,,,,,,,,,,,,PRACTICE_READING,P_D02_09,9,story,영어 말하기 실력 향상,"Looking back, one of the best experiences I've had was realizing that I could actually have a long conversation in English without feeling nervous.",돌이켜보면 가장 기억에 남는 경험 중 하나는 긴장하지 않고 영어로 긴 대화를 실제로 해낼 수 있다는 것을 깨달았던 순간입니다.,"[""experience""]","[""경험하다/경험""]","[""One of the best experiences I've had was""]","[""제가 했던 최고의 경험 중 하나는 ~""]",AL,YES,"[""looking back""]","[""돌이켜보면""]","[""Looking back""]","[""경험""]","[""""]","[""돌이켜보면""]",[[]],"[[""돌이켜보면""]]",
PRACTICE_READING,P_D02_10,2,10,,,,,OPIC AL Practical Reading,OPIC AL 실전 리딩,,,,,,,,,,,,,,,,,,,,,,,,,,,,,,,,,,,,,,,,,,,,,,,,,,,PRACTICE_READING,P_D02_10,10,story,영어 말하기 실력 향상,That experience gave me much more confidence and made me want to practice even more.,그 경험은 제게 훨씬 더 큰 자신감을 주었고 영어를 더욱 연습하고 싶게 만들었습니다.,"[""experience""]","[""경험하다/경험""]",[],[],AL,YES,[],[],[],"[""경험은""]",[],[],[],[],
PRACTICE_READING,P_D02_11,2,11,,,,,OPIC AL Practical Reading,OPIC AL 실전 리딩,,,,,,,,,,,,,,,,,,,,,,,,,,,,,,,,,,,,,,,,,,,,,,,,,,,PRACTICE_READING,P_D02_11,11,story,영어 말하기 실력 향상,"If someone asked me how to become a better English speaker, I'd suggest speaking as much as possible instead of waiting until your English is perfect.","누군가 영어 말하기를 잘하려면 어떻게 해야 하냐고 묻는다면, 영어가 완벽해질 때까지 기다리기보다 가능한 한 많이 말해보라고 권하고 싶습니다.","[""suggest""]","[""제안하다""]","[""I'd suggest""]","[""~을 제안/추천하고 싶다""]",AL,YES,"[""as much as possible"", ""instead of ~ing""]","[""가능한 한 많이 / 최대한"", ""~하는 대신에""]","[""as much as possible"", ""instead of waiting until your English is perfect""]","[""권하고 싶습니다""]","[""영어가 완벽해질 때까지 기다리기보다 가능한 한 많이 말해보라고 권하고 싶습니다""]","[""가능한 한 많이"", ""영어가 완벽해질 때까지 기다리기보다""]","[[""권하고 싶습니다""]]","[[""가능한 한 많이""], [""기다리기보다""]]",
PRACTICE_READING,P_D02_12,2,12,,,,,OPIC AL Practical Reading,OPIC AL 실전 리딩,,,,,,,,,,,,,,,,,,,,,,,,,,,,,,,,,,,,,,,,,,,,,,,,,,,PRACTICE_READING,P_D02_12,12,story,영어 말하기 실력 향상,"In the end, I've learned that progress doesn't happen overnight. The important thing is to focus on consistent practice and keep moving forward.",결국 발전은 하루아침에 이루어지지 않는다는 것을 배웠습니다. 중요한 것은 꾸준한 연습에 집중하면서 계속 앞으로 나아가는 것입니다.,"[""focus""]","[""집중하다""]","[""I try to focus on""]","[""~에 집중하려고 한다""]",AL,YES,"[""in the end"", ""happen overnight"", ""keep moving forward""]","[""결국"", ""하룻밤 사이에 / 단기간에 일어나다"", ""계속 앞으로 나아가다""]","[""In the end"", ""happen overnight"", ""keep moving forward""]","[""집중하면서""]","[""집중하면서""]","[""결국"", ""하루아침에 이루어지지 않는다는"", ""계속 앞으로 나아가는""]","[[""집중하면서""]]","[[""결국""], [""하루아침에"", ""이루어지지 않는다는""], [""계속 앞으로 나아가는""]]",
PRACTICE_READING,P_D03_01,3,1,,,,,OPIC AL Practical Reading,OPIC AL 실전 리딩,,,,,,,,,,,,,,,,,,,,,,,,,,,,,,,,,,,,,,,,,,,,,,,,,,,PRACTICE_READING,P_D03_01,1,story,해외여행과 새로운 경험,"Last year, I took a short trip abroad, and I was really impressed by how different everyday life felt there.","작년에 짧게 해외여행을 다녀왔는데, 그곳의 일상이 제가 익숙한 생활과 너무 달라서 정말 인상 깊었습니다.","[""impress""]","[""감동을 주다""]","[""I was really impressed by""]","[""~에 정말 감동했어요""]",AL,YES,[],[],[],"[""인상 깊었습니다""]","[""정말 인상 깊었습니다""]",[],"[[""정말 인상 깊었습니다""]]",[],
PRACTICE_READING,P_D03_02,3,2,,,,,OPIC AL Practical Reading,OPIC AL 실전 리딩,,,,,,,,,,,,,,,,,,,,,,,,,,,,,,,,,,,,,,,,,,,,,,,,,,,PRACTICE_READING,P_D03_02,2,story,해외여행과 새로운 경험,"At first, I was a little nervous because I wasn't sure whether I could communicate clearly with local people.",처음에는 현지 사람들과 제대로 의사소통할 수 있을지 확신이 없어서 조금 긴장했습니다.,"[""communicate""]","[""의사소통하다""]",[],[],AL,YES,"[""at first""]","[""처음에는""]","[""At first""]","[""의사소통할""]",[],"[""처음에는""]",[],"[[""처음에는""]]",
PRACTICE_READING,P_D03_03,3,3,,,,,OPIC AL Practical Reading,OPIC AL 실전 리딩,,,,,,,,,,,,,,,,,,,,,,,,,,,,,,,,,,,,,,,,,,,,,,,,,,,PRACTICE_READING,P_D03_03,3,story,해외여행과 새로운 경험,"But through that experience, I've learned to communicate even when I don't know the perfect word.",하지만 그 경험을 통해 완벽한 단어를 모르더라도 의사소통하는 법을 배웠습니다.,"[""communicate""]","[""의사소통하다""]","[""I've learned to""]","[""~하는 법을 배웠어요""]",AL,YES,[],[],[],"[""의사소통하는""]","[""법을 배웠습니다""]",[],"[[""법을 배웠습니다""]]",[],
PRACTICE_READING,P_D03_04,3,4,,,,,OPIC AL Practical Reading,OPIC AL 실전 리딩,,,,,,,,,,,,,,,,,,,,,,,,,,,,,,,,,,,,,,,,,,,,,,,,,,,PRACTICE_READING,P_D03_04,4,story,해외여행과 새로운 경험,I also realized that it's important to maintain a positive attitude when something doesn't go as planned.,또 일이 계획대로 되지 않을 때 긍정적인 태도를 유지하는 것이 중요하다는 것을 깨달았습니다.,"[""maintain""]","[""유지하다""]","[""It's important to""]","[""~하는 것이 중요해요""]",AL,YES,"[""go as planned""]","[""계획대로 진행되다""]","[""go as planned""]","[""유지하는""]","[""것이 중요하다는""]","[""계획대로""]","[[""것이 중요하다는""]]","[[""계획대로""]]",
PRACTICE_READING,P_D03_05,3,5,,,,,OPIC AL Practical Reading,OPIC AL 실전 리딩,,,,,,,,,,,,,,,,,,,,,,,,,,,,,,,,,,,,,,,,,,,,,,,,,,,PRACTICE_READING,P_D03_05,5,story,해외여행과 새로운 경험,"These days, I'm getting ready to take another trip, so I've been checking transportation, hotels, and places I want to visit.","요즘은 또 다른 여행을 준비하고 있어서 교통편, 호텔, 가보고 싶은 장소들을 확인하고 있습니다.","[""prepare""]","[""준비하다""]","[""I'm getting ready to""]","[""~을 준비하고 있어요""]",AL,YES,[],[],[],"[""준비하고""]","[""준비하고 있어서""]",[],"[[""준비하고 있어서""]]",[],
PRACTICE_READING,P_D03_06,3,6,,,,,OPIC AL Practical Reading,OPIC AL 실전 리딩,,,,,,,,,,,,,,,,,,,,,,,,,,,,,,,,,,,,,,,,,,,,,,,,,,,PRACTICE_READING,P_D03_06,6,story,해외여행과 새로운 경험,"On my last trip, I had a chance to participate in a small local event, and it turned out to be one of the most memorable parts of the trip.","지난 여행에서는 작은 현지 행사에 참여할 기회가 있었는데, 뜻밖에도 그 경험이 여행에서 가장 기억에 남는 순간 중 하나가 되었습니다.","[""participate""]","[""참여하다""]","[""I had a chance to""]","[""~할 기회가 있었어요""]",AL,YES,"[""turn out to be ~""]","[""결국 ~인 것으로 드러나다""]","[""turned out to be""]","[""참여할""]","[""기회가 있었는데""]","[""뜻밖에도""]","[[""기회가 있었는데""]]","[[""뜻밖에도"", ""가 되었습니다""]]",
PRACTICE_READING,P_D03_07,3,7,,,,,OPIC AL Practical Reading,OPIC AL 실전 리딩,,,,,,,,,,,,,,,,,,,,,,,,,,,,,,,,,,,,,,,,,,,,,,,,,,,PRACTICE_READING,P_D03_07,7,story,해외여행과 새로운 경험,"Whenever I travel, I enjoy exploring neighborhoods that aren't crowded with tourists.",여행할 때면 관광객으로 붐비지 않는 동네를 둘러보는 것을 좋아합니다.,"[""explore""]","[""탐험하다; 살펴보다""]","[""I enjoy exploring""]","[""~을 둘러보는 것을 좋아해요""]",AL,YES,[],[],[],"[""둘러보는""]","[""둘러보는 것을 좋아합니다""]",[],"[[""둘러보는 것을 좋아합니다""]]",[],
PRACTICE_READING,P_D03_08,3,8,,,,,OPIC AL Practical Reading,OPIC AL 실전 리딩,,,,,,,,,,,,,,,,,,,,,,,,,,,,,,,,,,,,,,,,,,,,,,,,,,,PRACTICE_READING,P_D03_08,8,story,해외여행과 새로운 경험,"During one of those walks, I was surprised to find a tiny café that served some of the best food I had on the entire trip.","그렇게 걷던 중 작은 카페를 발견했는데, 여행 전체에서 먹었던 음식 중 손꼽힐 만큼 맛있어서 놀랐습니다.","[""discover""]","[""발견하다""]","[""I was surprised to find""]","[""~을 발견해서 놀랐어요""]",AL,YES,[],[],[],"[""발견했는데""]","[""발견했는데""]",[],"[[""발견했는데""]]",[],
PRACTICE_READING,P_D03_09,3,9,,,,,OPIC AL Practical Reading,OPIC AL 실전 리딩,,,,,,,,,,,,,,,,,,,,,,,,,,,,,,,,,,,,,,,,,,,,,,,,,,,PRACTICE_READING,P_D03_09,9,story,해외여행과 새로운 경험,Moments like that make me imagine what it would be like to live in another country for a few months.,그런 순간을 경험하면 몇 달 동안 다른 나라에서 살아보는 것이 어떨지 상상하게 됩니다.,"[""imagine""]","[""상상하다""]","[""I can imagine""]","[""~을 상상할 수 있어요""]",AL,YES,[],[],[],"[""상상하게""]","[""상상하게""]",[],"[[""상상하게""]]",[],
PRACTICE_READING,P_D03_10,3,10,,,,,OPIC AL Practical Reading,OPIC AL 실전 리딩,,,,,,,,,,,,,,,,,,,,,,,,,,,,,,,,,,,,,,,,,,,,,,,,,,,PRACTICE_READING,P_D03_10,10,story,해외여행과 새로운 경험,"Of course, I can't afford to travel whenever I want, so I usually save money and plan my trips well in advance.","물론 제가 원할 때마다 여행할 만큼 여유가 있는 것은 아니어서, 보통 돈을 모으고 여행을 미리 계획합니다.","[""afford""]","[""~할 여유가 되다""]","[""I can't afford to""]","[""~할 여유가 없어요""]",AL,YES,"[""well in advance""]","[""훨씬 미리""]","[""well in advance""]","[""여유가""]","[""물론 제가 원할 때마다 여행할 만큼 여유가 있는 것은 아니어서""]","[""미리 계획합니다""]","[[""여유가 있는 것은 아니어서""]]","[[""미리""]]",
PRACTICE_READING,P_D03_11,3,11,,,,,OPIC AL Practical Reading,OPIC AL 실전 리딩,,,,,,,,,,,,,,,,,,,,,,,,,,,,,,,,,,,,,,,,,,,,,,,,,,,PRACTICE_READING,P_D03_11,11,story,해외여행과 새로운 경험,"How often I travel really depends on my work schedule, my budget, and how much free time I have.","제가 얼마나 자주 여행하는지는 업무 일정, 예산, 그리고 여유 시간이 얼마나 있는지에 따라 달라집니다.","[""depend""]","[""~에 달려 있다; 의존하다""]","[""It depends on""]","[""~에 따라 달라요""]",AL,YES,[],[],[],"[""따라 달라집니다""]","[""따라 달라집니다""]",[],"[[""따라 달라집니다""]]",[],
PRACTICE_READING,P_D03_12,3,12,,,,,OPIC AL Practical Reading,OPIC AL 실전 리딩,,,,,,,,,,,,,,,,,,,,,,,,,,,,,,,,,,,,,,,,,,,,,,,,,,,PRACTICE_READING,P_D03_12,12,story,해외여행과 새로운 경험,"Still, whenever I get the opportunity, I try to go somewhere new because every trip teaches me something I couldn't learn by staying at home.",그래도 기회가 생기면 새로운 곳에 가려고 합니다. 여행할 때마다 집에만 있었다면 배울 수 없었던 무언가를 배우기 때문입니다.,[],[],[],[],AL,YES,"[""get the opportunity to ~""]","[""~할 기회를 얻다""]","[""get the opportunity""]",[],[],"[""기회가 생기면""]",[],"[[""기회가 생기면""]]",
PRACTICE_READING,P_D04_01,4,1,,,,,OPIC AL Practical Reading,OPIC AL 실전 리딩,,,,,,,,,,,,,,,,,,,,,,,,,,,,,,,,,,,,,,,,,,,,,,,,,,,PRACTICE_READING,P_D04_01,1,story,직장에서 압박을 다루고 성장한 경험,"A few years ago, I took on a new role at work, and honestly, I didn't expect it to be as challenging as it was.","몇 년 전, 저는 회사에서 새로운 역할을 맡았는데, 솔직히 그렇게까지 어려울 줄은 몰랐습니다.","[""expect""]","[""예상하다""]","[""I didn't expect""]","[""~할 줄은 몰랐어요""]",AL,YES,"[""take on a new role""]","[""새로운 역할을 맡다""]","[""took on a new role""]","[""줄은 몰랐습니다""]","[""줄은 몰랐습니다""]","[""새로운 역할을""]","[[""줄은 몰랐습니다""]]","[[""새로운 역할을""]]",
PRACTICE_READING,P_D04_02,4,2,,,,,OPIC AL Practical Reading,OPIC AL 실전 리딩,,,,,,,,,,,,,,,,,,,,,,,,,,,,,,,,,,,,,,,,,,,,,,,,,,,PRACTICE_READING,P_D04_02,2,story,직장에서 압박을 다루고 성장한 경험,"During the first few weeks, I couldn't help noticing how quickly experienced coworkers made decisions, even when they were under a lot of pressure.",처음 몇 주 동안은 경험 많은 동료들이 큰 압박 속에서도 얼마나 빠르게 결정을 내리는지 자꾸 눈에 들어왔습니다.,"[""notice""]","[""알아차리다""]","[""I couldn't help noticing""]","[""~이 자꾸 눈에 띄었어요""]",AL,YES,"[""under pressure""]","[""압박을 받는 상황에서""]","[""under a lot of pressure""]","[""눈에 들어왔습니다""]","[""자꾸 눈에 들어왔습니다""]","[""""]","[[""자꾸 눈에 들어왔습니다""]]",[[]],
PRACTICE_READING,P_D04_03,4,3,,,,,OPIC AL Practical Reading,OPIC AL 실전 리딩,,,,,,,,,,,,,,,,,,,,,,,,,,,,,,,,,,,,,,,,,,,,,,,,,,,PRACTICE_READING,P_D04_03,3,story,직장에서 압박을 다루고 성장한 경험,Watching them work reminded me of how important it is to stay calm instead of reacting emotionally.,그들이 일하는 모습을 보면서 감정적으로 반응하기보다 침착함을 유지하는 것이 얼마나 중요한지 다시 깨달았습니다.,"[""remind""]","[""생각나게 하다""]","[""It reminds me of""]","[""~이 생각나요""]",AL,YES,"[""instead of ~ing""]","[""~하는 대신에""]","[""instead of reacting emotionally""]","[""다시 깨달았습니다""]","[""""]","[""감정적으로 반응하기보다""]",[[]],"[[""반응하기보다""]]",
PRACTICE_READING,P_D04_04,4,4,,,,,OPIC AL Practical Reading,OPIC AL 실전 리딩,,,,,,,,,,,,,,,,,,,,,,,,,,,,,,,,,,,,,,,,,,,,,,,,,,,PRACTICE_READING,P_D04_04,4,story,직장에서 압박을 다루고 성장한 경험,"At first, I wasn't confident that I knew how to handle difficult situations, especially when several problems happened at the same time.",처음에는 특히 여러 문제가 동시에 터졌을 때 어려운 상황을 제대로 처리할 수 있을지 자신이 없었습니다.,"[""handle""]","[""처리하다; 감당하다""]","[""I know how to handle""]","[""~을 어떻게 처리하는지 알아요""]",AL,YES,"[""at first""]","[""처음에는""]","[""At first""]","[""처리할 수 있을지""]","[""""]","[""처음에는""]",[[]],"[[""처음에는""]]",
PRACTICE_READING,P_D04_05,4,5,,,,,OPIC AL Practical Reading,OPIC AL 실전 리딩,,,,,,,,,,,,,,,,,,,,,,,,,,,,,,,,,,,,,,,,,,,,,,,,,,,PRACTICE_READING,P_D04_05,5,story,직장에서 압박을 다루고 성장한 경험,"One senior colleague told me, ""You've worked hard to get here, and you deserve to trust yourself a little more.""","한 선배가 저에게 ""여기까지 오기 위해 열심히 노력했으니 이제는 스스로를 조금 더 믿어도 돼""라고 말했습니다.","[""deserve""]","[""~할 자격이 있다""]","[""You deserve to""]","[""당신은 ~할 자격이 있어요""]",AL,YES,[],[],[],"[""믿어도 돼""]","[""스스로를 조금 더 믿어도 돼""]",[],"[[""믿어도 돼""]]",[],
PRACTICE_READING,P_D04_06,4,6,,,,,OPIC AL Practical Reading,OPIC AL 실전 리딩,,,,,,,,,,,,,,,,,,,,,,,,,,,,,,,,,,,,,,,,,,,,,,,,,,,PRACTICE_READING,P_D04_06,6,story,직장에서 압박을 다루고 성장한 경험,"That advice really stayed with me. He also said, ""Don't hesitate to ask for help when you're not sure what to do.""",그 조언은 오랫동안 기억에 남았습니다. 또 무엇을 해야 할지 확신이 없을 때는 도움을 요청하는 것을 주저하지 말라고 했습니다.,"[""hesitate""]","[""망설이다""]","[""Don't hesitate to""]","[""주저하지 말고 ~하세요""]",AL,YES,"[""stay with someone""]","[""오랫동안 기억에 남다""]","[""stayed with me""]","[""주저하지 말라고""]","[""주저하지""]","[""오랫동안 기억에""]","[[""주저하지""]]","[[""오랫동안 기억에""]]",
PRACTICE_READING,P_D04_07,4,7,,,,,OPIC AL Practical Reading,OPIC AL 실전 리딩,,,,,,,,,,,,,,,,,,,,,,,,,,,,,,,,,,,,,,,,,,,,,,,,,,,PRACTICE_READING,P_D04_07,7,story,직장에서 압박을 다루고 성장한 경험,"Over time, I learned that the best way to deal with pressure is to break a big problem into smaller tasks and focus on one thing at a time.",시간이 지나면서 압박에 대처하는 가장 좋은 방법은 큰 문제를 작은 일로 나누고 한 번에 하나씩 집중하는 것이라는 것을 배웠습니다.,"[""deal""]","[""대처하다; 다루다""]","[""The best way to deal with""]","[""~에 대처하는 가장 좋은 방법은""]",AL,YES,"[""one thing at a time""]","[""한 번에 하나씩""]","[""one thing at a time""]","[""대처하는""]","[""대처하는 가장 좋은 방법은""]","[""한 번에 하나씩""]","[[""대처하는 가장 좋은 방법은""]]","[[""한 번에 하나씩""]]",
PRACTICE_READING,P_D04_08,4,8,,,,,OPIC AL Practical Reading,OPIC AL 실전 리딩,,,,,,,,,,,,,,,,,,,,,,,,,,,,,,,,,,,,,,,,,,,,,,,,,,,PRACTICE_READING,P_D04_08,8,story,직장에서 압박을 다루고 성장한 경험,"Looking back, I regret not asking more questions when I first started. I used to think that asking for help made me look inexperienced.",돌이켜보면 처음 일을 시작했을 때 질문을 더 많이 하지 않았던 것이 후회됩니다. 예전에는 도움을 요청하면 제가 경험이 부족해 보인다고 생각했습니다.,"[""regret""]","[""후회하다""]","[""I regret not""]","[""~하지 않은 것을 후회해요""]",AL,YES,"[""looking back"", ""used to + 동사원형""]","[""돌이켜보면"", ""예전에는 ~하곤 했다""]","[""Looking back"", ""used to think""]","[""후회됩니다""]","[""하지 않았던 것이 후회됩니다""]","[""돌이켜보면"", ""예전에는""]","[[""하지 않았던 것이 후회됩니다""]]","[[""돌이켜보면""], [""예전에는""]]",
PRACTICE_READING,P_D04_09,4,9,,,,,OPIC AL Practical Reading,OPIC AL 실전 리딩,,,,,,,,,,,,,,,,,,,,,,,,,,,,,,,,,,,,,,,,,,,,,,,,,,,PRACTICE_READING,P_D04_09,9,story,직장에서 압박을 다루고 성장한 경험,"Now I see it completely differently. Whenever possible, I'd like to contribute to creating an environment where people feel comfortable sharing their concerns and ideas.",지금은 생각이 완전히 달라졌습니다. 가능하다면 사람들이 걱정이나 아이디어를 편하게 이야기할 수 있는 분위기를 만드는 데 기여하고 싶습니다.,"[""contribute""]","[""기여하다""]","[""I'd like to contribute to""]","[""~에 기여하고 싶어요""]",AL,YES,"[""whenever possible""]","[""가능할 때마다""]","[""Whenever possible""]","[""기여하고""]","[""기여하고""]","[""가능하다면""]","[[""기여하고""]]","[[""가능하다면""]]",
PRACTICE_READING,P_D04_10,4,10,,,,,OPIC AL Practical Reading,OPIC AL 실전 리딩,,,,,,,,,,,,,,,,,,,,,,,,,,,,,,,,,,,,,,,,,,,,,,,,,,,PRACTICE_READING,P_D04_10,10,story,직장에서 압박을 다루고 성장한 경험,"Of course, building that kind of workplace doesn't happen overnight. It requires patience, trust, and good communication.","물론 그런 직장 분위기가 하루아침에 만들어지는 것은 아닙니다. 인내심과 신뢰, 그리고 원활한 의사소통이 필요합니다.","[""require""]","[""필요로 하다""]","[""It requires""]","[""그것에는 ~이 필요해요""]",AL,YES,"[""happen overnight""]","[""하룻밤 사이에 / 단기간에 일어나다""]","[""happen overnight""]","[""필요합니다""]","[""필요합니다""]","[""하루아침에 만들어지는 것은 아닙니다""]","[[""필요합니다""]]","[[""하루아침에"", ""만들어지는 것은 아닙니다""]]",
PRACTICE_READING,P_D04_11,4,11,,,,,OPIC AL Practical Reading,OPIC AL 실전 리딩,,,,,,,,,,,,,,,,,,,,,,,,,,,,,,,,,,,,,,,,,,,,,,,,,,,PRACTICE_READING,P_D04_11,11,story,직장에서 압박을 다루고 성장한 경험,"These days, I still face stressful situations from time to time, but I don't panic the way I used to.","요즘도 가끔 스트레스가 큰 상황을 겪지만, 예전처럼 당황하지는 않습니다.",[],[],[],[],AL,YES,"[""from time to time""]","[""가끔, 때때로""]","[""from time to time""]",[],[],"[""가끔""]",[],"[[""가끔""]]",
PRACTICE_READING,P_D04_12,4,12,,,,,OPIC AL Practical Reading,OPIC AL 실전 리딩,,,,,,,,,,,,,,,,,,,,,,,,,,,,,,,,,,,,,,,,,,,,,,,,,,,PRACTICE_READING,P_D04_12,12,story,직장에서 압박을 다루고 성장한 경험,"I've learned that being good at your job doesn't mean having all the answers. Sometimes, it simply means knowing how to stay calm, communicate clearly, and keep moving forward.","일을 잘한다는 것이 모든 답을 알고 있다는 뜻은 아니라는 것을 배웠습니다. 때로는 침착함을 유지하고, 명확하게 소통하고, 계속 앞으로 나아갈 줄 아는 것이 더 중요합니다.",[],[],[],[],AL,YES,"[""~ doesn't mean ..."", ""keep moving forward""]","[""~라고 해서 ...라는 뜻은 아니다"", ""계속 앞으로 나아가다""]","[""doesn't mean"", ""keep moving forward""]",[],[],"[""뜻은 아니라는"", ""계속 앞으로 나아갈""]",[],"[[""뜻은 아니라는""], [""계속 앞으로 나아갈""]]",
PRACTICE_READING,P_D05_01,5,1,,,,,OPIC AL Practical Reading,OPIC AL 실전 리딩,,,,,,,,,,,,,,,,,,,,,,,,,,,,,,,,,,,,,,,,,,,,,,,,,,,PRACTICE_READING,P_D05_01,1,story,일과 삶의 균형과 생활 습관 개선,"These days, I try to manage my time more carefully because having a clear schedule allows me to balance my work and personal life better.",요즘 저는 시간을 좀 더 신중하게 관리하려고 합니다. 명확한 일정을 세워두면 일과 개인 생활의 균형을 더 잘 맞출 수 있기 때문입니다.,"[""allow""]","[""허용하다; 가능하게 하다""]","[""It allows me to""]","[""그것 덕분에 ~할 수 있어요""]",AL,YES,"[""balance A and B""]","[""A와 B의 균형을 맞추다""]","[""balance my work and personal life""]","[""균형을 더 잘 맞출 수""]","[""일과 개인 생활의 균형을 더 잘 맞출 수""]","[""균형을""]","[[""수 있기 때문입니다""]]","[[""균형을"", ""맞출""]]",
PRACTICE_READING,P_D05_02,5,2,,,,,OPIC AL Practical Reading,OPIC AL 실전 리딩,,,,,,,,,,,,,,,,,,,,,,,,,,,,,,,,,,,,,,,,,,,,,,,,,,,PRACTICE_READING,P_D05_02,2,story,일과 삶의 균형과 생활 습관 개선,"My job involves dealing with a lot of different tasks, so there are days when I feel like I have too much on my plate.","제 업무는 여러 가지 일을 동시에 처리해야 해서, 일이 너무 많아 벅차게 느껴지는 날도 있습니다.","[""involve""]","[""포함하다; 수반하다""]","[""It involves""]","[""그것은 ~을 포함해요""]",AL,YES,"[""there are days when ~"", ""feel like ~"", ""have too much on one's plate""]","[""~한 날들이 있다"", ""~처럼 느끼다 / ~하고 싶다"", ""해야 할 일이 너무 많다""]","[""there are days when"", ""feel like"", ""too much on my plate""]","[""여러 가지 일을 동시에 처리해야""]","[""""]","[""날도 있습니다"", ""벅차게 느껴지는"", """"]",[[]],"[[""날도 있습니다""], [""벅차게 느껴지는""], []]",
PRACTICE_READING,P_D05_03,5,3,,,,,OPIC AL Practical Reading,OPIC AL 실전 리딩,,,,,,,,,,,,,,,,,,,,,,,,,,,,,,,,,,,,,,,,,,,,,,,,,,,PRACTICE_READING,P_D05_03,3,story,일과 삶의 균형과 생활 습관 개선,"Whenever work gets busy, I tend to focus too much on getting things done and forget to take proper breaks.",업무가 바빠지면 저는 일을 끝내는 데 지나치게 집중하고 제대로 쉬는 것을 잊어버리는 편입니다.,"[""tend""]","[""~하는 경향이 있다""]","[""I tend to""]","[""저는 ~하는 편이에요""]",AL,YES,"[""get things done""]","[""일을 끝내다, 해내다""]","[""getting things done""]","[""편입니다""]","[""저는 일을 끝내는 데 지나치게 집중하고 제대로 쉬는 것을 잊어버리는 편입니다""]","[""일을 끝내는""]","[[""저는"", ""편입니다""]]","[[""일을 끝내는""]]",
PRACTICE_READING,P_D05_04,5,4,,,,,OPIC AL Practical Reading,OPIC AL 실전 리딩,,,,,,,,,,,,,,,,,,,,,,,,,,,,,,,,,,,,,,,,,,,,,,,,,,,PRACTICE_READING,P_D05_04,4,story,일과 삶의 균형과 생활 습관 개선,"At first, it seemed like working longer hours was the best way to be more productive, but I eventually realized that wasn't always true.","처음에는 더 오랜 시간 일하는 것이 생산성을 높이는 가장 좋은 방법인 것처럼 느껴졌지만, 결국 항상 그런 것은 아니라는 것을 깨달았습니다.","[""seem""]","[""~인 것 같다""]","[""It seems like""]","[""~인 것 같아요""]",AL,YES,"[""at first""]","[""처음에는""]","[""At first""]","[""것처럼 느껴졌""]","[""처음에는 더 오랜 시간 일하는 것이 생산성을 높이는 가장 좋은 방법인 것처럼 느껴졌지만""]","[""처음에는""]","[[""것처럼 느껴졌지만""]]","[[""처음에는""]]",
PRACTICE_READING,P_D05_05,5,5,,,,,OPIC AL Practical Reading,OPIC AL 실전 리딩,,,,,,,,,,,,,,,,,,,,,,,,,,,,,,,,,,,,,,,,,,,,,,,,,,,PRACTICE_READING,P_D05_05,5,story,일과 삶의 균형과 생활 습관 개선,"In fact, I benefited a lot from making a few simple changes to my daily routine, such as taking short breaks and exercising regularly.",실제로 짧게 쉬거나 규칙적으로 운동하는 등 일상에 몇 가지 간단한 변화를 주면서 큰 도움을 받았습니다.,"[""benefit""]","[""도움이 되다; 혜택""]","[""I benefited a lot from""]","[""~에서 많은 도움을 받았어요""]",AL,YES,"[""such as ~""]","[""예를 들면 ~와 같은""]","[""such as""]","[""큰 도움을 받았습니다""]","[""""]","[""등""]",[[]],"[[""등""]]",
PRACTICE_READING,P_D05_06,5,6,,,,,OPIC AL Practical Reading,OPIC AL 실전 리딩,,,,,,,,,,,,,,,,,,,,,,,,,,,,,,,,,,,,,,,,,,,,,,,,,,,PRACTICE_READING,P_D05_06,6,story,일과 삶의 균형과 생활 습관 개선,I also learned that one way to reduce stress is to separate work from my personal time as much as possible.,또한 스트레스를 줄이는 한 가지 방법은 가능한 한 업무와 개인 시간을 분리하는 것이라는 것을 배웠습니다.,"[""reduce""]","[""줄이다""]","[""One way to reduce... is""]","[""~을 줄이는 한 가지 방법은 ~예요""]",AL,YES,"[""as much as possible""]","[""가능한 한 많이 / 최대한""]","[""as much as possible""]","[""줄이는""]","[""줄이는 한 가지 방법은""]","[""가능한""]","[[""줄이는 한 가지 방법은""]]","[[""가능한 한""]]",
PRACTICE_READING,P_D05_07,5,7,,,,,OPIC AL Practical Reading,OPIC AL 실전 리딩,,,,,,,,,,,,,,,,,,,,,,,,,,,,,,,,,,,,,,,,,,,,,,,,,,,PRACTICE_READING,P_D05_07,7,story,일과 삶의 균형과 생활 습관 개선,"Since I started doing that, the amount of quality time I spend with my family has increased significantly.",그렇게 하기 시작한 뒤로 가족과 제대로 함께 보내는 시간이 크게 늘었습니다.,"[""increase""]","[""늘리다; 증가하다""]","[""It has increased significantly""]","[""그것이 크게 늘었어요""]",AL,YES,"[""since I started ~ing""]","[""~하기 시작한 이후로""]","[""Since I started doing that""]","[""크게 늘었습니다""]","[""크게 늘었습니다""]","[""""]","[[""크게 늘었습니다""]]",[[]],
PRACTICE_READING,P_D05_08,5,8,,,,,OPIC AL Practical Reading,OPIC AL 실전 리딩,,,,,,,,,,,,,,,,,,,,,,,,,,,,,,,,,,,,,,,,,,,,,,,,,,,PRACTICE_READING,P_D05_08,8,story,일과 삶의 균형과 생활 습관 개선,"It wasn't easy at first, but I was able to overcome the habit of constantly checking work messages after I got home.",처음에는 쉽지 않았지만 집에 돌아온 후에도 계속 업무 메시지를 확인하던 습관을 극복할 수 있었습니다.,"[""overcome""]","[""극복하다""]","[""I was able to overcome""]","[""~을 극복할 수 있었어요""]",AL,YES,"[""at first""]","[""처음에는""]","[""at first""]","[""극복할""]","[""극복할 수 있었습니다""]","[""처음에는""]","[[""극복할 수 있었습니다""]]","[[""처음에는""]]",
PRACTICE_READING,P_D05_09,5,9,,,,,OPIC AL Practical Reading,OPIC AL 실전 리딩,,,,,,,,,,,,,,,,,,,,,,,,,,,,,,,,,,,,,,,,,,,,,,,,,,,PRACTICE_READING,P_D05_09,9,story,일과 삶의 균형과 생활 습관 개선,"Of course, it took me some time to adapt to this new routine because I had been used to thinking about work almost all the time.",물론 거의 항상 일에 대해 생각하는 데 익숙해져 있었기 때문에 새로운 생활 방식에 적응하는 데 시간이 좀 걸렸습니다.,"[""adapt""]","[""적응하다""]","[""It took me some time to adapt to""]","[""~에 적응하는 데 시간이 좀 걸렸어요""]",AL,YES,"[""be used to ~ing""]","[""~하는 것에 익숙하다""]","[""had been used to thinking about work almost all the time""]","[""적응하는""]","[""적응하는 데 시간이 좀 걸렸습니다""]","[""물론 거의 항상 일에 대해 생각하는 데 익숙해""]","[[""적응하는 데 시간이 좀 걸렸습니다""]]","[[""익숙해져 있었기""]]",
PRACTICE_READING,P_D05_10,5,10,,,,,OPIC AL Practical Reading,OPIC AL 실전 리딩,,,,,,,,,,,,,,,,,,,,,,,,,,,,,,,,,,,,,,,,,,,,,,,,,,,PRACTICE_READING,P_D05_10,10,story,일과 삶의 균형과 생활 습관 개선,"Looking back, this change had a big effect on both my energy level and my overall mood.",돌이켜보면 이 변화는 제 활력과 전반적인 기분에 큰 영향을 미쳤습니다.,"[""affect""]","[""영향을 미치다""]","[""It had a big effect on""]","[""그것은 ~에 큰 영향을 미쳤어요""]",AL,YES,"[""looking back""]","[""돌이켜보면""]","[""Looking back""]","[""영향을""]","[""큰 영향을 미쳤습니다""]","[""돌이켜보면""]","[[""큰 영향을 미쳤습니다""]]","[[""돌이켜보면""]]",
PRACTICE_READING,P_D05_11,5,11,,,,,OPIC AL Practical Reading,OPIC AL 실전 리딩,,,,,,,,,,,,,,,,,,,,,,,,,,,,,,,,,,,,,,,,,,,,,,,,,,,PRACTICE_READING,P_D05_11,11,story,일과 삶의 균형과 생활 습관 개선,"Now I feel much more refreshed when I go to work, and I can concentrate better because I don't feel exhausted all the time.","지금은 출근할 때 훨씬 더 상쾌하고, 항상 지쳐 있지 않기 때문에 업무에도 더 잘 집중할 수 있습니다.",[],[],[],[],AL,YES,"[""all the time""]","[""항상, 내내""]","[""all the time""]",[],[],"[""항상""]",[],"[[""항상""]]",
PRACTICE_READING,P_D05_12,5,12,,,,,OPIC AL Practical Reading,OPIC AL 실전 리딩,,,,,,,,,,,,,,,,,,,,,,,,,,,,,,,,,,,,,,,,,,,,,,,,,,,PRACTICE_READING,P_D05_12,12,story,일과 삶의 균형과 생활 습관 개선,"Through this experience, I've learned that working efficiently isn't about working longer. It's about knowing when to focus, when to rest, and how to make the most of your time.","이 경험을 통해 효율적으로 일한다는 것이 단순히 더 오래 일하는 것을 의미하지 않는다는 것을 배웠습니다. 언제 집중하고, 언제 쉬고, 시간을 어떻게 최대한 잘 활용해야 하는지를 아는 것이 중요합니다.",[],[],[],[],AL,YES,"[""make the most of ~""]","[""~을 최대한 활용하다""]","[""make the most of""]",[],[],"[""최대한 잘 활용해야""]",[],"[[""최대한 잘 활용해야""]]",
PRACTICE_READING,P_D06_01,6,1,,,,,OPIC AL Practical Reading,OPIC AL 실전 리딩,,,,,,,,,,,,,,,,,,,,,,,,,,,,,,,,,,,,,,,,,,,,,,,,,,,PRACTICE_READING,P_D06_01,1,story,중요한 업무 회의 준비와 문제 대응,"A few months ago, I was asked to attend an important meeting at work where I had to present some of our team's ideas.","몇 달 전, 회사에서 중요한 회의에 참석해 우리 팀의 아이디어 몇 가지를 발표해야 했습니다.","[""attend""]","[""참석하다""]","[""I had the opportunity to attend""]","[""~에 참석할 기회가 있었어요""]",AL,YES,[],[],[],"[""회의에 참석해""]","[""참석해""]",[],"[[""참석해""]]",[],
PRACTICE_READING,P_D06_02,6,2,,,,,OPIC AL Practical Reading,OPIC AL 실전 리딩,,,,,,,,,,,,,,,,,,,,,,,,,,,,,,,,,,,,,,,,,,,,,,,,,,,PRACTICE_READING,P_D06_02,2,story,중요한 업무 회의 준비와 문제 대응,"Before the meeting, I arranged to meet with my team members so we could go over the key points together.",회의 전에 핵심 내용을 함께 점검할 수 있도록 팀원들과 미팅 일정을 잡았습니다.,"[""arrange""]","[""준비하다; 일정을 잡다""]","[""I arranged to""]","[""~하기로 일정을 잡았어요""]",AL,YES,"[""go over ~""]","[""~을 검토하다, 훑어보다""]","[""go over""]","[""일정을""]","[""일정을 잡았습니다""]","[""핵심 내용을 함께 점검""]","[[""일정을 잡았습니다""]]","[[""함께 점검할 수 있도록""]]",
PRACTICE_READING,P_D06_03,6,3,,,,,OPIC AL Practical Reading,OPIC AL 실전 리딩,,,,,,,,,,,,,,,,,,,,,,,,,,,,,,,,,,,,,,,,,,,,,,,,,,,PRACTICE_READING,P_D06_03,3,story,중요한 업무 회의 준비와 문제 대응,I also sent an email because I just wanted to confirm that everyone understood their role and knew what they needed to prepare.,또한 모두가 자신의 역할과 준비해야 할 내용을 이해하고 있는지 확인하고 싶어서 이메일도 보냈습니다.,"[""confirm""]","[""확인하다""]","[""I just wanted to confirm that""]","[""~인지 확인하고 싶었어요""]",AL,YES,[],[],[],"[""확인하고""]","[""확인하고""]",[],"[[""확인하고""]]",[],
PRACTICE_READING,P_D06_04,6,4,,,,,OPIC AL Practical Reading,OPIC AL 실전 리딩,,,,,,,,,,,,,,,,,,,,,,,,,,,,,,,,,,,,,,,,,,,,,,,,,,"[""contribute""]",PRACTICE_READING,P_D06_04,4,story,중요한 업무 회의 준비와 문제 대응,"To be honest, there was a lot of work to do, but I didn't have much to complain about because everyone was willing to contribute and help each other.","솔직히 해야 할 일이 많기는 했지만, 모두가 기꺼이 힘을 보태고 서로 도와줘서 크게 불평할 만한 것은 없었습니다.","[""complain""]","[""불평하다""]","[""I don't have much to complain about""]","[""~에 대해 크게 불평할 것은 없어요""]",AL,YES,"[""to be honest (with you)""]","[""솔직히 말하면""]","[""To be honest""]","[""불평할""]","[""""]","[""솔직히""]",[[]],"[[""솔직히""]]",
PRACTICE_READING,P_D06_05,6,5,,,,,OPIC AL Practical Reading,OPIC AL 실전 리딩,,,,,,,,,,,,,,,,,,,,,,,,,,,,,,,,,,,,,,,,,,,,,,,,,,"[""maintain""]",PRACTICE_READING,P_D06_05,5,story,중요한 업무 회의 준비와 문제 대응,"If I had to describe the atmosphere, I'd say it was a little tense at first, but everyone remained focused and tried to maintain a positive attitude.","그때 분위기를 설명하자면, 처음에는 조금 긴장됐지만 모두 집중력을 유지하며 긍정적인 태도를 지키려고 했다고 말할 것 같습니다.","[""describe""]","[""묘사하다; 설명하다""]","[""If I had to describe..., I'd say""]","[""~을 설명하라면 ~라고 말할 것 같아요""]",AL,YES,"[""at first""]","[""처음에는""]","[""at first""]","[""설명하자면""]","[""""]","[""처음에는""]",[[]],"[[""처음에는""]]",
PRACTICE_READING,P_D06_06,6,6,,,,,OPIC AL Practical Reading,OPIC AL 실전 리딩,,,,,,,,,,,,,,,,,,,,,,,,,,,,,,,,,,,,,,,,,,,,,,,,,,,PRACTICE_READING,P_D06_06,6,story,중요한 업무 회의 준비와 문제 대응,One of the biggest challenges was that it was hard to determine whether we had enough information to make a final decision.,가장 어려웠던 점 중 하나는 최종 결정을 내리기에 충분한 정보가 있는지 판단하기가 쉽지 않았다는 것입니다.,"[""determine""]","[""결정하다; 판단하다""]","[""It's hard to determine whether""]","[""~인지 판단하기 어려워요""]",AL,YES,[],[],[],"[""결정을""]","[""판단하기가""]",[],"[[""판단하기가""]]",[],
PRACTICE_READING,P_D06_07,6,7,,,,,OPIC AL Practical Reading,OPIC AL 실전 리딩,,,,,,,,,,,,,,,,,,,,,,,,,,,,,,,,,,,,,,,,,,,,,,,,,,,PRACTICE_READING,P_D06_07,7,story,중요한 업무 회의 준비와 문제 대응,"So instead of rushing, we took some time to evaluate the situation carefully and compare several possible options.",그래서 서두르지 않고 상황을 신중하게 평가하면서 여러 가지 선택지를 비교했습니다.,"[""evaluate""]","[""평가하다""]","[""It's important to evaluate""]","[""~을 평가하는 것이 중요해요""]",AL,YES,"[""instead of ~ing""]","[""~하는 대신에""]","[""instead of rushing""]","[""평가하면서""]","[""평가하면서""]","[""서두르지 않고""]","[[""평가하면서""]]","[[""서두르지 않고""]]",
PRACTICE_READING,P_D06_08,6,8,,,,,OPIC AL Practical Reading,OPIC AL 실전 리딩,,,,,,,,,,,,,,,,,,,,,,,,,,,,,,,,,,,,,,,,,,,,,,,,,,"[""hesitate""]",PRACTICE_READING,P_D06_08,8,story,중요한 업무 회의 준비와 문제 대응,"During the discussion, I'd like to emphasize that clear communication made a huge difference. People didn't hesitate to ask questions when something wasn't clear.",논의 과정에서 특히 강조하고 싶은 것은 명확한 의사소통이 정말 큰 차이를 만들었다는 것입니다. 이해가 되지 않는 부분이 있으면 아무도 질문하는 것을 주저하지 않았습니다.,"[""emphasize""]","[""강조하다""]","[""I'd like to emphasize that""]","[""~을 강조하고 싶어요""]",AL,YES,"[""make a huge difference""]","[""큰 차이를 만들다""]","[""made a huge difference""]","[""강조하고""]","[""강조하고""]","[""큰 차이를 만들었다는""]","[[""강조하고""]]","[[""큰 차이를 만들었다는""]]",
PRACTICE_READING,P_D06_09,6,9,,,,,OPIC AL Practical Reading,OPIC AL 실전 리딩,,,,,,,,,,,,,,,,,,,,,,,,,,,,,,,,,,,,,,,,,,,,,,,,,,,PRACTICE_READING,P_D06_09,9,story,중요한 업무 회의 준비와 문제 대응,"At one point, someone raised a concern that I hadn't expected, and I wasn't sure how to respond to it right away.","한번은 누군가 예상치 못한 우려를 제기했는데, 바로 어떻게 답해야 할지 확신이 서지 않았습니다.","[""respond""]","[""대응하다; 응답하다""]","[""I wasn't sure how to respond to""]","[""~에 어떻게 대응해야 할지 확신이 없었어요""]",AL,YES,"[""at one point"", ""right away""]","[""한때, 어느 순간"", ""즉시""]","[""At one point"", ""right away""]","[""답해야 할지""]","[""""]","[""한번은"", ""바로""]",[[]],"[[""한번은""], [""바로""]]",
PRACTICE_READING,P_D06_10,6,10,,,,,OPIC AL Practical Reading,OPIC AL 실전 리딩,,,,,,,,,,,,,,,,,,,,,,,,,,,,,,,,,,,,,,,,,,,,,,,,,,,PRACTICE_READING,P_D06_10,10,story,중요한 업무 회의 준비와 문제 대응,"Rather than giving an uncertain answer, I admitted that I needed to check the facts first. Looking back, I think that was the right decision.",확실하지 않은 답을 하는 대신 먼저 사실을 확인해야 한다고 솔직하게 말했습니다. 돌이켜보면 그것이 올바른 판단이었다고 생각합니다.,[],[],[],[],AL,YES,"[""rather than ~ing"", ""looking back""]","[""~하기보다는"", ""돌이켜보면""]","[""Rather than giving an uncertain answer"", ""Looking back""]",[],[],"[""확실하지 않은 답을 하는 대신"", ""돌이켜보면""]",[],"[[""대신""], [""돌이켜보면""]]",
PRACTICE_READING,P_D06_11,6,11,,,,,OPIC AL Practical Reading,OPIC AL 실전 리딩,,,,,,,,,,,,,,,,,,,,,,,,,,,,,,,,,,,,,,,,,,,,,,,,,,,PRACTICE_READING,P_D06_11,11,story,중요한 업무 회의 준비와 문제 대응,"We also talked about possible risks, and we agreed that the best way to prevent the same problem from happening again is to identify the cause early and take action before it becomes serious.","또한 발생 가능한 위험에 대해서도 이야기했고, 같은 문제가 다시 발생하는 것을 예방하는 가장 좋은 방법은 원인을 조기에 발견하고 문제가 심각해지기 전에 조치하는 것이라는 데 의견을 모았습니다.","[""prevent""]","[""막다; 예방하다""]","[""The best way to prevent... is to""]","[""~을 예방하는 가장 좋은 방법은 ~하는 거예요""]",AL,YES,[],[],[],"[""예방하는""]","[""예방하는 가장 좋은 방법은""]",[],"[[""예방하는 가장 좋은 방법은""]]",[],
PRACTICE_READING,P_D06_12,6,12,,,,,OPIC AL Practical Reading,OPIC AL 실전 리딩,,,,,,,,,,,,,,,,,,,,,,,,,,,,,,,,,,,,,,,,,,,,,,,,,,"[""adapt"", ""accomplish""]",PRACTICE_READING,P_D06_12,12,story,중요한 업무 회의 준비와 문제 대응,"By the end of the meeting, we had managed to adapt our original plan and accomplish what we had set out to do.","회의가 끝날 무렵에는 기존 계획을 상황에 맞게 조정했고, 우리가 하려고 했던 일을 결국 해낼 수 있었습니다.",[],[],[],[],AL,YES,"[""manage to ~"", ""set out to ~""]","[""어렵게 ~해내다"", ""~하려고 나서다 / 목표로 하다""]","[""managed to"", ""set out to""]",[],[],"[""우리가 하려고 했던 일을 결국 해낼 수 있었습니다"", ""하려고""]",[],"[[""결국 해낼 수 있었습니다""], [""하려고 했던""]]",
PRACTICE_READING,P_D06_13,6,13,,,,,OPIC AL Practical Reading,OPIC AL 실전 리딩,,,,,,,,,,,,,,,,,,,,,,,,,,,,,,,,,,,,,,,,,,,,,,,,,,"[""recognize""]",PRACTICE_READING,P_D06_13,13,story,중요한 업무 회의 준비와 문제 대응,"That experience helped me recognize that a successful meeting isn't about having all the answers. It's about listening carefully, evaluating the situation, and responding in a thoughtful way.","그 경험을 통해 성공적인 회의란 모든 답을 알고 있는 것이 아니라는 점을 깨달았습니다. 상대방의 말을 잘 듣고, 상황을 평가하고, 신중하게 대응하는 것이 더 중요합니다.",[],[],[],[],AL,YES,[],[],[],[],[],[],[],[],
PRACTICE_READING,P_D07_01,7,1,,,,,OPIC AL Practical Reading,OPIC AL 실전 리딩,,,,,,,,,,,,,,,,,,,,,,,,,,,,,,,,,,,,,,,,,,,,,,,,,,,PRACTICE_READING,P_D07_01,1,story,새로운 업무 환경에서 자신감과 문제 해결 능력을 키운 경험,"A while ago, I was given a new responsibility at work, and I wasn't sure whether I was capable of handling it at first.","얼마 전 회사에서 새로운 책임을 맡게 되었는데, 처음에는 제가 그 일을 감당할 능력이 있는지 확신이 없었습니다.","[""capable""]","[""~할 능력이 있는""]","[""I wasn't sure whether I was capable of""]","[""제가 ~할 능력이 있는지 확신이 없었어요""]",AL,YES,"[""at first""]","[""처음에는""]","[""at first""]","[""능력이 있는지""]","[""제가 그 일을 감당할 능력이 있는지 확신이""]","[""처음에는""]","[[""제가 그 일을 감당할 능력이 있는지 확신이""]]","[[""처음에는""]]",
PRACTICE_READING,P_D07_02,7,2,,,,,OPIC AL Practical Reading,OPIC AL 실전 리딩,,,,,,,,,,,,,,,,,,,,,,,,,,,,,,,,,,,,,,,,,,,,,,,,,,"[""coordinate""]",PRACTICE_READING,P_D07_02,2,story,새로운 업무 환경에서 자신감과 문제 해결 능력을 키운 경험,The job was more complicated than I had expected because I was responsible for coordinating several tasks and communicating with different people.,그 업무는 제가 예상했던 것보다 복잡했습니다. 여러 업무를 조율하면서 다양한 사람들과 소통해야 할 책임이 있었기 때문입니다.,"[""responsible""]","[""책임이 있는""]","[""I was responsible for""]","[""저는 ~을 담당했습니다""]",AL,YES,"[""more ~ than I expected""]","[""내가 예상했던 것보다 더 ~한""]","[""more complicated than I had expected""]","[""책임이""]","[""여러 업무를 조율하면서 다양한 사람들과 소통해야 할 책임이 있었기 때문입니다""]","[""예상했던 것보다""]","[[""책임이 있었기 때문입니다""]]","[[""예상했던 것보다""]]",
PRACTICE_READING,P_D07_03,7,3,,,,,OPIC AL Practical Reading,OPIC AL 실전 리딩,,,,,,,,,,,,,,,,,,,,,,,,,,,,,,,,,,,,,,,,,,,,,,,,,,"[""customary""]",PRACTICE_READING,P_D07_03,3,story,새로운 업무 환경에서 자신감과 문제 해결 능력을 키운 경험,"In my previous role, I was accustomed to working independently, so having to constantly communicate with others wasn't customary for me.",이전 업무에서는 혼자 일하는 데 익숙했기 때문에 다른 사람들과 계속 소통하며 일하는 방식은 저에게 익숙하지 않았습니다.,"[""accustomed""]","[""익숙한""]","[""I was accustomed to""]","[""저는 ~에 익숙했습니다""]",AL,YES,[],[],[],"[""익숙했기""]","[""익숙했기""]",[],"[[""익숙했기""]]",[],
PRACTICE_READING,P_D07_04,7,4,,,,,OPIC AL Practical Reading,OPIC AL 실전 리딩,,,,,,,,,,,,,,,,,,,,,,,,,,,,,,,,,,,,,,,,,,,,,,,,,,"[""keep track of"", ""determine""]",PRACTICE_READING,P_D07_04,4,story,새로운 업무 환경에서 자신감과 문제 해결 능력을 키운 경험,"At first, I struggled with keeping track of everything. There were so many things going on that it was sometimes difficult to determine what I should deal with first.",처음에는 모든 일을 놓치지 않고 관리하는 데 어려움을 겪었습니다. 동시에 너무 많은 일이 벌어져서 무엇부터 처리해야 할지 판단하기 어려울 때도 있었습니다.,"[""struggle""]","[""어려움을 겪다""]","[""I struggled with""]","[""저는 ~하는 데 어려움을 겪었습니다""]",AL,YES,"[""at first""]","[""처음에는""]","[""At first""]","[""어려움을""]","[""데 어려움을 겪었습니다""]","[""처음에는""]","[[""데 어려움을 겪었습니다""]]","[[""처음에는""]]",
PRACTICE_READING,P_D07_05,7,5,,,,,OPIC AL Practical Reading,OPIC AL 실전 리딩,,,,,,,,,,,,,,,,,,,,,,,,,,,,,,,,,,,,,,,,,,,,,,,,,,"[""evaluate""]",PRACTICE_READING,P_D07_05,5,story,새로운 업무 환경에서 자신감과 문제 해결 능력을 키운 경험,"Instead of trying to solve everything by myself, I made an effort to ask experienced coworkers for advice and carefully evaluate the situation before making important decisions.","모든 것을 혼자 해결하려고 하기보다는 경험이 많은 동료들에게 조언을 구하려고 노력했고, 중요한 결정을 내리기 전에 상황을 신중하게 평가했습니다.","[""effort""]","[""노력""]","[""I made an effort to""]","[""저는 ~하려고 노력했습니다""]",AL,YES,"[""instead of ~ing""]","[""~하는 대신에""]","[""Instead of trying to solve everything by myself""]","[""노력했고""]","[""구하려고 노력했고""]","[""모든 것을 혼자 해결하려고 하기보다는""]","[[""구하려고 노력했고""]]","[[""혼자 해결하려고 하기보다는""]]",
PRACTICE_READING,P_D07_06,7,6,,,,,OPIC AL Practical Reading,OPIC AL 실전 리딩,,,,,,,,,,,,,,,,,,,,,,,,,,,,,,,,,,,,,,,,,,,,,,,,,,"[""contribute"", ""perspective""]",PRACTICE_READING,P_D07_06,6,story,새로운 업무 환경에서 자신감과 문제 해결 능력을 키운 경험,"One thing I gradually became aware of was that asking for help doesn't mean you're incapable. In fact, it often contributes to better decisions because you can hear different perspectives.",제가 점차 깨달은 것 중 하나는 도움을 요청한다고 해서 능력이 부족한 것은 아니라는 점이었습니다. 오히려 다양한 관점을 들을 수 있어 더 좋은 결정을 내리는 데 도움이 되는 경우가 많습니다.,"[""aware""]","[""알고 있는; 인식하는""]","[""I became aware of""]","[""저는 ~을 깨닫게 되었습니다""]",AL,YES,"[""~ doesn't mean ...""]","[""~라고 해서 ...라는 뜻은 아니다""]","[""doesn't mean""]","[""점차 깨달은""]","[""""]","[""해서 능력이 부족한 것은 아니라는""]",[[]],"[[""해서 능력이 부족한 것은 아니라는""]]",
PRACTICE_READING,P_D07_07,7,7,,,,,OPIC AL Practical Reading,OPIC AL 실전 리딩,,,,,,,,,,,,,,,,,,,,,,,,,,,,,,,,,,,,,,,,,,,,,,,,,,"[""hold up to"", ""adapt""]",PRACTICE_READING,P_D07_07,7,story,새로운 업무 환경에서 자신감과 문제 해결 능력을 키운 경험,"There were also times when my original plan didn't hold up to unexpected problems, so I had to change my approach and adapt quickly.","또 원래 계획이 예상치 못한 문제 앞에서 제대로 통하지 않는 경우도 있어서, 접근 방식을 바꾸고 빠르게 적응해야 했습니다.","[""approach""]","[""접근 방식""]","[""I had to change my approach""]","[""접근 방식을 바꿔야 했습니다""]",AL,YES,"[""hold up""]","[""버티다, 유지되다""]","[""hold up""]","[""접근""]","[""접근 방식을 바꾸고 빠르게 적응해야 했습니다""]","[""제대로 통하지 않는""]","[[""접근 방식을 바꾸고 빠르게 적응해야 했습니다""]]","[[""제대로 통하지 않는""]]",
PRACTICE_READING,P_D07_08,7,8,,,,,OPIC AL Practical Reading,OPIC AL 실전 리딩,,,,,,,,,,,,,,,,,,,,,,,,,,,,,,,,,,,,,,,,,,,,,,,,,,"[""priority"", ""maintain""]",PRACTICE_READING,P_D07_08,8,story,새로운 업무 환경에서 자신감과 문제 해결 능력을 키운 경험,What I found particularly useful was writing down my priorities every morning. It helped me maintain my focus even when several issues came up at the same time.,제가 특히 유용하다고 느꼈던 것은 매일 아침 우선순위를 적어두는 것이었습니다. 여러 문제가 동시에 발생하더라도 집중력을 유지하는 데 도움이 되었습니다.,"[""useful""]","[""유용한""]","[""What I found particularly useful was""]","[""제가 특히 유용하다고 느낀 것은 ~였습니다""]",AL,YES,"[""come up""]","[""문제·일 등이 생기다""]","[""came up""]","[""유용하다고""]","[""제가 특히 유용하다고 느꼈던 것은""]","[""여러 문제가 동시에 발생""]","[[""제가 특히 유용하다고 느꼈던 것은""]]","[[""여러 문제가 동시에 발생""]]",
PRACTICE_READING,P_D07_09,7,9,,,,,OPIC AL Practical Reading,OPIC AL 실전 리딩,,,,,,,,,,,,,,,,,,,,,,,,,,,,,,,,,,,,,,,,,,,,,,,,,,"[""hesitate""]",PRACTICE_READING,P_D07_09,9,story,새로운 업무 환경에서 자신감과 문제 해결 능력을 키운 경험,"As I gained more experience, I became more comfortable with making decisions under pressure. I also stopped hesitating every time I had to express a different opinion.",경험이 쌓이면서 압박 속에서 결정을 내리는 것도 점점 편해졌습니다. 다른 의견을 말해야 할 때마다 주저하던 습관도 줄었습니다.,"[""comfortable""]","[""편안한; 익숙한""]","[""I became more comfortable with""]","[""저는 ~하는 것이 점점 편해졌습니다""]",AL,YES,"[""under pressure""]","[""압박을 받는 상황에서""]","[""under pressure""]","[""점점 편해졌습니다""]","[""점점 편해졌습니다""]","[""압박 속에서""]","[[""점점 편해졌습니다""]]","[[""압박 속에서""]]",
PRACTICE_READING,P_D07_10,7,10,,,,,OPIC AL Practical Reading,OPIC AL 실전 리딩,,,,,,,,,,,,,,,,,,,,,,,,,,,,,,,,,,,,,,,,,,,,,,,,,,,PRACTICE_READING,P_D07_10,10,story,새로운 업무 환경에서 자신감과 문제 해결 능력을 키운 경험,"Eventually, I came to realize that confidence doesn't mean knowing everything. It means being willing to make a decision, learn from the result, and take responsibility for it.","결국 자신감이라는 것이 모든 것을 알고 있다는 뜻은 아니라는 것을 깨달았습니다. 결정을 내리고, 그 결과에서 배우고, 그 결정에 책임을 질 수 있는 자세가 중요하다는 것입니다.","[""realize""]","[""깨닫다""]","[""I came to realize that""]","[""저는 결국 ~라는 것을 깨달았습니다""]",AL,YES,"[""~ doesn't mean ..."", ""learn from ~""]","[""~라고 해서 ...라는 뜻은 아니다"", ""~로부터 배우다""]","[""doesn't mean"", ""learn from""]","[""깨달았습니다""]","[""것을 알고 있다는 뜻은 아니라는 것을 깨달았습니다""]","[""뜻은 아니라는"", ""그 결과에서 배우고""]","[[""것을 알고 있다는 뜻은 아니라는 것을 깨달았습니다""]]","[[""뜻은 아니라는""], [""그 결과에서 배우고""]]",
PRACTICE_READING,P_D07_11,7,11,,,,,OPIC AL Practical Reading,OPIC AL 실전 리딩,,,,,,,,,,,,,,,,,,,,,,,,,,,,,,,,,,,,,,,,,,,,,,,,,,"[""accomplish"", ""overwhelming""]",PRACTICE_READING,P_D07_11,11,story,새로운 업무 환경에서 자신감과 문제 해결 능력을 키운 경험,"Looking back, I'm satisfied with how much I've improved because I managed to accomplish something that initially seemed overwhelming.","돌이켜보면 처음에는 감당하기 벅차 보였던 일을 결국 해냈고, 그만큼 성장한 제 모습에 만족합니다.","[""satisfied""]","[""만족하는""]","[""I'm satisfied with""]","[""저는 ~에 만족합니다""]",AL,YES,"[""looking back"", ""manage to ~""]","[""돌이켜보면"", ""어렵게 ~해내다""]","[""Looking back"", ""managed to""]","[""만족합니다""]","[""""]","[""돌이켜보면"", ""결국 해냈고""]",[[]],"[[""돌이켜보면""], [""결국 해냈고""]]",
PRACTICE_READING,P_D07_12,7,12,,,,,OPIC AL Practical Reading,OPIC AL 실전 리딩,,,,,,,,,,,,,,,,,,,,,,,,,,,,,,,,,,,,,,,,,,,,,,,,,,,PRACTICE_READING,P_D07_12,12,story,새로운 업무 환경에서 자신감과 문제 해결 능력을 키운 경험,"More importantly, the experience helped me recognize one of my weaknesses: I used to spend too much time worrying about making the perfect decision.",더 중요한 것은 이 경험을 통해 제 약점 하나를 깨달았다는 것입니다. 저는 완벽한 결정을 내려야 한다는 생각 때문에 지나치게 많은 시간을 고민하곤 했습니다.,"[""recognize""]","[""인식하다; 알아차리다""]",[],[],AL,YES,"[""more importantly"", ""used to + 동사원형""]","[""더 중요하게는"", ""예전에는 ~하곤 했다""]","[""More importantly"", ""used to spend""]","[""깨달았""]",[],"[""더 중요한 것은"", ""고민하곤""]",[],"[[""더 중요한 것은""], [""고민하곤""]]",
PRACTICE_READING,P_D07_13,7,13,,,,,OPIC AL Practical Reading,OPIC AL 실전 리딩,,,,,,,,,,,,,,,,,,,,,,,,,,,,,,,,,,,,,,,,,,,,,,,,,,,PRACTICE_READING,P_D07_13,13,story,새로운 업무 환경에서 자신감과 문제 해결 능력을 키운 경험,"These days, I try to gather enough information, make the best decision I can, and move forward rather than overthinking every possibility.","요즘은 모든 가능성을 지나치게 고민하기보다는 충분한 정보를 모으고, 제가 할 수 있는 최선의 결정을 내린 다음 앞으로 나아가려고 합니다.",[],[],[],[],AL,YES,"[""rather than ~ing""]","[""~하기보다는""]","[""rather than overthinking every possibility""]",[],[],"[""요즘은 모든 가능성을 지나치게 고민하기보다는""]",[],"[[""요즘은 모든 가능성을 지나치게 고민하기보다는""]]",
PRACTICE_READING,P_D07_14,7,14,,,,,OPIC AL Practical Reading,OPIC AL 실전 리딩,,,,,,,,,,,,,,,,,,,,,,,,,,,,,,,,,,,,,,,,,,,,,,,,,,,PRACTICE_READING,P_D07_14,14,story,새로운 업무 환경에서 자신감과 문제 해결 능력을 키운 경험,"As far as I'm concerned, that's one of the most important lessons I've learned at work.",제 생각에는 이것이 직장 생활을 하면서 배운 가장 중요한 교훈 중 하나입니다.,"[""concerned""]","[""관련된; 걱정하는""]","[""As far as I'm concerned""]","[""제 생각에는""]",AL,YES,[],[],[],"[""제 생각에는""]","[""제 생각에는""]",[],"[[""제 생각에는""]]",[],
PRACTICE_READING,P_D08_01,8,1,,,,,OPIC AL Practical Reading,OPIC AL 실전 리딩,,,,,,,,,,,,,,,,,,,,,,,,,,,,,,,,,,,,,,,,,,,,,,,,,,"[""overwhelming""]",PRACTICE_READING,P_D08_01,1,story,중요한 업무 발표에서 예상치 못한 문제를 해결한 경험,"Hmm, where do I even start? A few months ago, I had to give an important presentation at work, and the whole experience was more overwhelming than I expected.","음, 어디서부터 말해야 할까요? 몇 달 전 회사에서 중요한 발표를 해야 했는데, 생각했던 것보다 훨씬 부담스럽고 벅찬 경험이었습니다.",[],[],"[""Hmm, where do I even start?""]","[""음, 어디서부터 말해야 할까요?""]",AL,YES,"[""more ~ than I expected""]","[""내가 예상했던 것보다 더 ~한""]","[""more overwhelming than I expected""]",[],"[""음, 어디서부터 말해야 할까요""]","[""""]","[[""음, 어디서부터 말해야 할까요""]]",[[]],
PRACTICE_READING,P_D08_02,8,2,,,,,OPIC AL Practical Reading,OPIC AL 실전 리딩,,,,,,,,,,,,,,,,,,,,,,,,,,,,,,,,,,,,,,,,,,,,,,,,,,"[""coordinate"", ""keep track of""]",PRACTICE_READING,P_D08_02,2,story,중요한 업무 발표에서 예상치 못한 문제를 해결한 경험,"How do I put this... I was responsible for coordinating several people's work, and it was difficult to keep track of every detail at the same time.","어떻게 말해야 할까요... 여러 사람의 업무를 조율해야 했고, 동시에 모든 세부 사항을 계속 파악하는 것이 쉽지 않았습니다.",[],[],"[""How do I put this...""]","[""어떻게 말해야 할까요...""]",AL,YES,"[""keep track of ~""]","[""~을 계속 파악하다 / 기록하다""]","[""keep track of""]",[],"[""어떻게 말해야 할까요""]","[""계속 파악""]","[[""어떻게 말해야 할까요""]]","[[""계속 파악""]]",
PRACTICE_READING,P_D08_03,8,3,,,,,OPIC AL Practical Reading,OPIC AL 실전 리딩,,,,,,,,,,,,,,,,,,,,,,,,,,,,,,,,,,,,,,,,,,,,,,,,,,"[""determine""]",PRACTICE_READING,P_D08_03,3,story,중요한 업무 발표에서 예상치 못한 문제를 해결한 경험,I guess you could say I was under a lot of pressure because we still had to determine which information was important enough to include.,"뭐랄까, 어떤 정보를 발표에 포함할 만큼 중요한지 판단해야 했기 때문에 압박을 많이 받고 있었다고 할 수 있을 것 같습니다.",[],[],"[""I guess you could say...""]","[""뭐랄까 / ~라고 할 수 있을 것 같아요""]",AL,YES,"[""under pressure""]","[""압박을 받는 상황에서""]","[""under a lot of pressure""]",[],"[""할 만큼 중요한지 판단해야 했기 때문에 압박을 많이 받고 있었다고 할 수 있을""]","[""압박을 많이 받고""]","[[""뭐랄까""]]","[[""압박을 많이 받고""]]",
PRACTICE_READING,P_D08_04,8,4,,,,,OPIC AL Practical Reading,OPIC AL 실전 리딩,,,,,,,,,,,,,,,,,,,,,,,,,,,,,,,,,,,,,,,,,,,,,,,,,,"[""hold up""]",PRACTICE_READING,P_D08_04,4,story,중요한 업무 발표에서 예상치 못한 문제를 해결한 경험,"I'm not gonna lie, there were moments when I seriously wondered whether our original plan would hold up.","솔직히 말하면, 원래 계획이 실제 상황에서도 제대로 통할지 심각하게 걱정했던 순간도 있었습니다.",[],[],"[""I'm not gonna lie...""]","[""솔직히 말하면...""]",AL,YES,"[""hold up""]","[""버티다, 유지되다""]","[""hold up""]",[],"[""솔직히 말하면""]","[""제대로 통할지""]","[[""솔직히 말하면""]]","[[""제대로 통할지""]]",
PRACTICE_READING,P_D08_05,8,5,,,,,OPIC AL Practical Reading,OPIC AL 실전 리딩,,,,,,,,,,,,,,,,,,,,,,,,,,,,,,,,,,,,,,,,,,,,,,,,,,"[""evaluate"", ""priority""]",PRACTICE_READING,P_D08_05,5,story,중요한 업무 발표에서 예상치 못한 문제를 해결한 경험,"We had to evaluate the situation again and change a few priorities, if that makes sense.",상황을 다시 평가하고 몇 가지 우선순위를 바꿔야 했습니다. 무슨 말인지 아시겠죠?,[],[],"[""if that makes sense""]","[""무슨 말인지 알겠죠? / 제 말이 이해된다면""]",AL,YES,[],[],[],[],"[""무슨 말인지""]",[],"[[""무슨 말인지""]]",[],
PRACTICE_READING,P_D08_06,8,6,,,,,OPIC AL Practical Reading,OPIC AL 실전 리딩,,,,,,,,,,,,,,,,,,,,,,,,,,,,,,,,,,,,,,,,,,,,,,,,,,"[""maintain"", ""perspective""]",PRACTICE_READING,P_D08_06,6,story,중요한 업무 발표에서 예상치 못한 문제를 해결한 경험,"It's kind of hard to explain, but the biggest problem wasn't the amount of work itself. It was trying to maintain clear communication while everyone had a different perspective.","설명하기 조금 어렵지만, 가장 큰 문제는 업무량 자체가 아니었습니다. 모두가 서로 다른 관점을 가진 상황에서 명확한 의사소통을 유지하는 것이었습니다.",[],[],"[""It's kind of hard to explain, but...""]","[""설명하기 좀 어렵지만...""]",AL,YES,[],[],[],[],"[""설명하기 조금 어렵지만""]",[],"[[""설명하기 조금 어렵지만""]]",[],
PRACTICE_READING,P_D08_07,8,7,,,,,OPIC AL Practical Reading,OPIC AL 실전 리딩,,,,,,,,,,,,,,,,,,,,,,,,,,,,,,,,,,,,,,,,,,,,,,,,,,"[""hesitate""]",PRACTICE_READING,P_D08_07,7,story,중요한 업무 발표에서 예상치 못한 문제를 해결한 경험,"Personally, I feel like the turning point came when people stopped hesitating and started sharing their concerns openly.",개인적으로는 사람들이 주저하지 않고 걱정되는 점을 솔직하게 이야기하기 시작한 순간이 전환점이었다고 생각합니다.,[],[],"[""Personally, I feel like...""]","[""개인적으로는 ~라고 느껴요""]",AL,YES,[],[],[],[],"[""개인적으로는""]",[],"[[""개인적으로는""]]",[],
PRACTICE_READING,P_D08_08,8,8,,,,,OPIC AL Practical Reading,OPIC AL 실전 리딩,,,,,,,,,,,,,,,,,,,,,,,,,,,,,,,,,,,,,,,,,,,,,,,,,,"[""contribute"", ""adapt""]",PRACTICE_READING,P_D08_08,8,story,중요한 업무 발표에서 예상치 못한 문제를 해결한 경험,"Once everyone began to contribute ideas, we were able to adapt the presentation and make the message much clearer.",모두가 아이디어를 내기 시작하자 발표 내용을 상황에 맞게 조정할 수 있었고 메시지도 훨씬 명확해졌습니다.,[],[],[],[],AL,YES,[],[],[],[],[],[],[],[],
PRACTICE_READING,P_D08_09,8,9,,,,,OPIC AL Practical Reading,OPIC AL 실전 리딩,,,,,,,,,,,,,,,,,,,,,,,,,,,,,,,,,,,,,,,,,,,,,,,,,,,PRACTICE_READING,P_D08_09,9,story,중요한 업무 발표에서 예상치 못한 문제를 해결한 경험,"Then, right before the presentation, one of the files suddenly wouldn't open. That was a close one!",그런데 발표 직전에 파일 하나가 갑자기 열리지 않았습니다. 정말 큰일 날 뻔했습니다!,[],[],"[""That was a close one!""]","[""정말 아슬아슬했어요!""]",AL,YES,"[""right before ~""]","[""바로 ~하기 직전에""]","[""right before""]",[],"[""""]","[""그런데 발표 직전에""]",[[]],"[[""그런데 발표 직전에""]]",
PRACTICE_READING,P_D08_10,8,10,,,,,OPIC AL Practical Reading,OPIC AL 실전 리딩,,,,,,,,,,,,,,,,,,,,,,,,,,,,,,,,,,,,,,,,,,,,,,,,,,,PRACTICE_READING,P_D08_10,10,story,중요한 업무 발표에서 예상치 못한 문제를 해결한 경험,"Fortunately, we had a backup copy, and we managed to solve the problem without delaying the meeting.",다행히 백업 파일이 있었고 회의를 지연시키지 않고 문제를 해결할 수 있었습니다.,[],[],[],[],AL,YES,"[""manage to ~""]","[""어렵게 ~해내다""]","[""managed to""]",[],[],"[""회의를 지연시키지 않고 문제를 해결할 수 있었습니다""]",[],"[[""해결할 수 있었습니다""]]",
PRACTICE_READING,P_D08_11,8,11,,,,,OPIC AL Practical Reading,OPIC AL 실전 리딩,,,,,,,,,,,,,,,,,,,,,,,,,,,,,,,,,,,,,,,,,,,,,,,,,,"[""adapt""]",PRACTICE_READING,P_D08_11,11,story,중요한 업무 발표에서 예상치 못한 문제를 해결한 경험,"The way I see it, that experience taught me that being prepared is important, but being able to adapt when something goes wrong is even more valuable.",제가 보기에는 그 경험을 통해 준비하는 것도 중요하지만 문제가 생겼을 때 상황에 맞게 대응하는 능력이 훨씬 더 중요하다는 것을 배웠습니다.,[],[],"[""The way I see it...""]","[""제가 보기에는...""]",AL,YES,[],[],[],[],"[""제가 보기에는""]",[],"[[""제가 보기에는""]]",[],
PRACTICE_READING,P_D08_12,8,12,,,,,OPIC AL Practical Reading,OPIC AL 실전 리딩,,,,,,,,,,,,,,,,,,,,,,,,,,,,,,,,,,,,,,,,,,,,,,,,,,"[""accomplish""]",PRACTICE_READING,P_D08_12,12,story,중요한 업무 발표에서 예상치 못한 문제를 해결한 경험,"To be honest with you, I felt exhausted afterward, but I was also proud that our team had accomplished what we set out to do.","솔직히 말하면 끝나고 나서는 완전히 지쳤지만, 우리 팀이 하려고 했던 일을 해냈다는 것이 자랑스럽기도 했습니다.",[],[],"[""To be honest with you...""]","[""솔직히 말하면...""]",AL,YES,"[""set out to ~""]","[""~하려고 나서다 / 목표로 하다""]","[""set out to""]",[],"[""솔직히 말하면""]","[""나서는 완전히 지쳤지만, 우리 팀이 하려고""]","[[""솔직히 말하면""]]","[[""나서는 완전히 지쳤지만, 우리 팀이 하려고""]]",
PRACTICE_READING,P_D08_13,8,13,,,,,OPIC AL Practical Reading,OPIC AL 실전 리딩,,,,,,,,,,,,,,,,,,,,,,,,,,,,,,,,,,,,,,,,,,,,,,,,,,"[""recognize"", ""perspective""]",PRACTICE_READING,P_D08_13,13,story,중요한 업무 발표에서 예상치 못한 문제를 해결한 경험,"Looking back, I recognize that I used to focus too much on avoiding mistakes instead of listening to other people's perspectives.",돌이켜보면 예전에는 다른 사람들의 관점을 듣기보다 실수를 피하는 데 지나치게 집중했다는 것을 깨닫습니다.,[],[],[],[],AL,YES,"[""looking back"", ""used to + 동사원형"", ""instead of ~ing""]","[""돌이켜보면"", ""예전에는 ~하곤 했다"", ""~하는 대신에""]","[""Looking back"", ""used to focus"", ""instead of listening to other people's perspectives""]",[],[],"[""돌이켜보면"", ""예전에는"", ""다른 사람들의 관점을 듣기보다""]",[],"[[""돌이켜보면""], [""예전에는""], [""듣기보다""]]",
PRACTICE_READING,P_D08_14,8,14,,,,,OPIC AL Practical Reading,OPIC AL 실전 리딩,,,,,,,,,,,,,,,,,,,,,,,,,,,,,,,,,,,,,,,,,,,,,,,,,,"[""evaluate"", ""priority""]",PRACTICE_READING,P_D08_14,14,story,중요한 업무 발표에서 예상치 못한 문제를 해결한 경험,"Now, when I face a complicated situation, I try to evaluate what's happening, set clear priorities, and communicate before I rush into a decision.","이제는 복잡한 상황을 마주하면 서둘러 결정하기 전에 상황을 평가하고, 명확한 우선순위를 정하고, 먼저 소통하려고 합니다.",[],[],[],[],AL,YES,[],[],[],[],[],[],[],[],
PRACTICE_READING,P_D09_01,9,1,,,,,OPIC AL Practical Reading,OPIC AL 실전 리딩,,,,,,,,,,,,,,,,,,,,,,,,,,,,,,,,,,,,,,,,,,,,,,,,,,,PRACTICE_READING,P_D09_01,1,story,기대했던 콘서트에서 예상치 못한 문제를 겪고 결국 즐거운 경험으로 바꾼 이야기,"Well, the thing is... I had been looking forward to a concert for months, so I was incredibly excited when the day finally came.","있잖아요, 몇 달 동안 그 콘서트를 기다려 왔기 때문에 드디어 그날이 왔을 때 정말 신이 났습니다.",[],[],"[""Well, the thing is...""]","[""있잖아, 그게...""]",AL,YES,"[""look forward to ~""]","[""~을 기대하다""]","[""looking forward to a concert for months""]",[],"[""있잖아요""]","[""몇 달 동안 그 콘서트를 기다려 왔기""]","[[""있잖아요""]]","[[""기다려 왔기""]]",
PRACTICE_READING,P_D09_02,9,2,,,,,OPIC AL Practical Reading,OPIC AL 실전 리딩,,,,,,,,,,,,,,,,,,,,,,,,,,,,,,,,,,,,,,,,,,,,,,,,,,"[""overwhelming""]",PRACTICE_READING,P_D09_02,2,story,기대했던 콘서트에서 예상치 못한 문제를 겪고 결국 즐거운 경험으로 바꾼 이야기,"I had high hopes, but the area around the venue was absolutely packed with people, and the whole situation felt a little overwhelming.","기대가 정말 컸는데 공연장 주변은 사람들로 발 디딜 틈 없이 붐볐고, 상황 자체가 조금 벅차게 느껴졌습니다.","[""packed""]","[""사람으로 꽉 찬""]","[""I had high hopes, but..."", ""be absolutely packed with people""]","[""기대가 컸는데..."", ""사람들로 완전히 꽉 차 있다""]",AL,YES,[],[],[],"[""발 디딜 틈 없이 붐볐고""]","[""기대가 정말 컸는데"", """"]",[],"[[""기대가 정말 컸는데""], []]",[],
PRACTICE_READING,P_D09_03,9,3,,,,,OPIC AL Practical Reading,OPIC AL 실전 리딩,,,,,,,,,,,,,,,,,,,,,,,,,,,,,,,,,,,,,,,,,,,,,,,,,,"[""maintain"", ""keep track of""]",PRACTICE_READING,P_D09_03,3,story,기대했던 콘서트에서 예상치 못한 문제를 겪고 결국 즐거운 경험으로 바꾼 이야기,"At first, I tried to maintain a positive attitude and keep track of where my friends were, but the crowd kept getting bigger.","처음에는 긍정적인 태도를 유지하면서 친구들이 어디에 있는지 계속 확인하려고 했지만, 사람은 계속 더 많아졌습니다.",[],[],[],[],AL,YES,"[""at first"", ""keep track of ~""]","[""처음에는"", ""~을 계속 파악하다 / 기록하다""]","[""At first"", ""keep track of""]",[],[],"[""처음에는"", ""친구들이 어디에 있는지 계속 확인""]",[],"[[""처음에는""], [""계속 확인하려고""]]",
PRACTICE_READING,P_D09_04,9,4,,,,,OPIC AL Practical Reading,OPIC AL 실전 리딩,,,,,,,,,,,,,,,,,,,,,,,,,,,,,,,,,,,,,,,,,,,,,,,,,,,PRACTICE_READING,P_D09_04,4,story,기대했던 콘서트에서 예상치 못한 문제를 겪고 결국 즐거운 경험으로 바꾼 이야기,"Out of nowhere, it started pouring, and everyone rushed toward the entrance at the same time.","갑자기 비가 쏟아지기 시작했고, 모든 사람이 동시에 입구 쪽으로 몰려갔습니다.",[],[],"[""Out of nowhere...""]","[""갑자기 뜬금없이...""]",AL,YES,"[""start pouring""]","[""비가 퍼붓기 시작하다""]","[""started pouring""]",[],"[""갑자기""]","[""비가 쏟아지기 시작했고""]","[[""갑자기""]]","[[""비가 쏟아지기 시작했고""]]",
PRACTICE_READING,P_D09_05,9,5,,,,,OPIC AL Practical Reading,OPIC AL 실전 리딩,,,,,,,,,,,,,,,,,,,,,,,,,,,,,,,,,,,,,,,,,,,,,,,,,,"[""evaluate""]",PRACTICE_READING,P_D09_05,5,story,기대했던 콘서트에서 예상치 못한 문제를 겪고 결국 즐거운 경험으로 바꾼 이야기,"I couldn't take it anymore, so I stepped away from the crowd for a few minutes and tried to evaluate what I should do next.",더 이상 견디기 힘들어서 잠시 사람들 사이에서 빠져나와 다음에 무엇을 해야 할지 판단해 보았습니다.,[],[],"[""I couldn't take it anymore.""]","[""더 이상 못 참겠더라.""]",AL,YES,"[""step away from ~""]","[""~에서 잠시 벗어나다""]","[""stepped away from the crowd for a few minutes and tried to evaluate what I should do next""]",[],"[""더 이상""]","[""잠시 사람들 사이에서 빠져나와""]","[[""더 이상""]]","[[""잠시"", ""빠져나와""]]",
PRACTICE_READING,P_D09_06,9,6,,,,,OPIC AL Practical Reading,OPIC AL 실전 리딩,,,,,,,,,,,,,,,,,,,,,,,,,,,,,,,,,,,,,,,,,,,,,,,,,,"[""priority""]",PRACTICE_READING,P_D09_06,6,story,기대했던 콘서트에서 예상치 못한 문제를 겪고 결국 즐거운 경험으로 바꾼 이야기,"For a moment, getting inside didn't feel like my top priority anymore. I just wanted somewhere quiet to calm down.",잠시 동안은 공연장에 들어가는 것이 더 이상 가장 중요한 일이 아니라고 느껴졌습니다. 그냥 조용한 곳에서 진정하고 싶었습니다.,[],[],[],[],AL,YES,"[""for a moment"", ""feel like ~"", ""calm down""]","[""잠시 동안"", ""~처럼 느끼다 / ~하고 싶다"", ""진정하다""]","[""For a moment"", ""feel like"", ""calm down""]",[],[],"[""잠시 동안은"", ""라고 느껴졌습니다"", ""진정하고""]",[],"[[""잠시 동안은""], [""라고 느껴졌습니다""], [""진정하고""]]",
PRACTICE_READING,P_D09_07,9,7,,,,,OPIC AL Practical Reading,OPIC AL 실전 리딩,,,,,,,,,,,,,,,,,,,,,,,,,,,,,,,,,,,,,,,,,,,,,,,,,,"[""hesitate""]",PRACTICE_READING,P_D09_07,7,story,기대했던 콘서트에서 예상치 못한 문제를 겪고 결국 즐거운 경험으로 바꾼 이야기,"When one of my friends suggested leaving, I hesitated because we had already spent so much time preparing for the concert.","친구 한 명이 그냥 가자고 했을 때, 이미 공연을 위해 너무 많은 시간을 준비했기 때문에 저는 망설였습니다.",[],[],[],[],AL,YES,[],[],[],[],[],[],[],[],
PRACTICE_READING,P_D09_08,9,8,,,,,OPIC AL Practical Reading,OPIC AL 실전 리딩,,,,,,,,,,,,,,,,,,,,,,,,,,,,,,,,,,,,,,,,,,,,,,,,,,,PRACTICE_READING,P_D09_08,8,story,기대했던 콘서트에서 예상치 못한 문제를 겪고 결국 즐거운 경험으로 바꾼 이야기,"Eventually, I just gave up at that point and told myself that maybe it just wasn't meant to be.","결국 그 순간에는 그냥 포기하고, 아마 이번에는 인연이 아닌가 보다 하고 생각했습니다.",[],[],"[""I just gave up at that point."", ""It just wasn't meant to be.""]","[""그 시점에 그냥 포기했어."", ""그냥 안 되는 거였어.""]",AL,YES,[],[],[],[],"["""", """"]",[],"[[], []]",[],
PRACTICE_READING,P_D09_09,9,9,,,,,OPIC AL Practical Reading,OPIC AL 실전 리딩,,,,,,,,,,,,,,,,,,,,,,,,,,,,,,,,,,,,,,,,,,,,,,,,,,,PRACTICE_READING,P_D09_09,9,story,기대했던 콘서트에서 예상치 못한 문제를 겪고 결국 즐거운 경험으로 바꾼 이야기,"Then something unexpected happened. A staff member opened another entrance, and suddenly the line started moving much faster.",그런데 예상하지 못한 일이 생겼습니다. 직원이 다른 입구를 열었고 갑자기 줄이 훨씬 빠르게 움직이기 시작했습니다.,[],[],[],[],AL,YES,[],[],[],[],[],[],[],[],
PRACTICE_READING,P_D09_10,9,10,,,,,OPIC AL Practical Reading,OPIC AL 실전 리딩,,,,,,,,,,,,,,,,,,,,,,,,,,,,,,,,,,,,,,,,,,,,,,,,,,"[""adapt""]",PRACTICE_READING,P_D09_10,10,story,기대했던 콘서트에서 예상치 못한 문제를 겪고 결국 즐거운 경험으로 바꾼 이야기,"We had to adapt quickly, but we finally made it inside just a few minutes before the show started.","우리는 빠르게 상황에 맞춰 움직여야 했지만, 결국 공연 시작 몇 분 전에 안으로 들어갈 수 있었습니다.",[],[],[],[],AL,YES,[],[],[],[],[],[],[],[],
PRACTICE_READING,P_D09_11,9,11,,,,,OPIC AL Practical Reading,OPIC AL 실전 리딩,,,,,,,,,,,,,,,,,,,,,,,,,,,,,,,,,,,,,,,,,,,,,,,,,,,PRACTICE_READING,P_D09_11,11,story,기대했던 콘서트에서 예상치 못한 문제를 겪고 결국 즐거운 경험으로 바꾼 이야기,"The moment the band came on stage, I was on cloud nine. All the stress from earlier disappeared almost instantly.",밴드가 무대에 올라오는 순간 정말 날아갈 듯 기뻤습니다. 그전까지 받았던 스트레스가 거의 바로 사라졌습니다.,[],[],"[""I was on cloud nine.""]","[""기분이 하늘을 나는 것 같았어.""]",AL,YES,"[""the moment ~""]","[""~하는 순간""]","[""The moment the band came on stage""]",[],"[""정말 날아갈 듯 기뻤습니다""]","[""밴드가 무대에 올라오는 순간""]","[[""날아갈 듯 기뻤습니다""]]","[[""밴드가 무대에 올라오는 순간""]]",
PRACTICE_READING,P_D09_12,9,12,,,,,OPIC AL Practical Reading,OPIC AL 실전 리딩,,,,,,,,,,,,,,,,,,,,,,,,,,,,,,,,,,,,,,,,,,,,,,,,,,,PRACTICE_READING,P_D09_12,12,story,기대했던 콘서트에서 예상치 못한 문제를 겪고 결국 즐거운 경험으로 바꾼 이야기,"I'd heard the same songs hundreds of times before, but hearing them live just hit different.","같은 노래를 수백 번이나 들어봤지만, 라이브로 들으니 정말 느낌이 완전히 달랐습니다.",[],[],"[""It hit different.""]","[""뭔가 남달랐어.""]",AL,YES,[],[],[],[],"[""""]",[],[[]],[],
PRACTICE_READING,P_D09_13,9,13,,,,,OPIC AL Practical Reading,OPIC AL 실전 리딩,,,,,,,,,,,,,,,,,,,,,,,,,,,,,,,,,,,,,,,,,,,,,,,,,,,PRACTICE_READING,P_D09_13,13,story,기대했던 콘서트에서 예상치 못한 문제를 겪고 결국 즐거운 경험으로 바꾼 이야기,"Looking back, I could've done so much better at planning the trip, especially when it came to transportation and meeting up with my friends.",돌이켜보면 특히 교통편과 친구들과 만나는 계획을 세울 때 훨씬 더 잘 준비할 수 있었던 것 같습니다.,[],[],"[""I could've done so much better.""]","[""훨씬 잘할 수 있었는데.""]",AL,YES,"[""looking back"", ""when it comes/came to ~""]","[""돌이켜보면"", ""~에 관해서라면""]","[""Looking back"", ""when it came to""]",[],"[""훨씬 더 잘 준비할 수 있었던""]","[""돌이켜보면"", ""특히 교통편과 친구들과 만나는 계획을 세울 때""]","[[""훨씬 더 잘 준비할 수 있었던""]]","[[""돌이켜보면""], [""때""]]",
PRACTICE_READING,P_D09_14,9,14,,,,,OPIC AL Practical Reading,OPIC AL 실전 리딩,,,,,,,,,,,,,,,,,,,,,,,,,,,,,,,,,,,,,,,,,,,,,,,,,,"[""perspective"", ""accomplish""]",PRACTICE_READING,P_D09_14,14,story,기대했던 콘서트에서 예상치 못한 문제를 겪고 결국 즐거운 경험으로 바꾼 이야기,"Still, the experience changed my perspective. Sometimes an imperfect day can become more memorable than a perfectly planned one, and in the end, we accomplished what we had gone there to do: enjoy the music together.","그래도 그 경험은 제 관점을 바꿨습니다. 때로는 완벽하지 않은 하루가 완벽하게 계획된 하루보다 더 기억에 남을 수 있고, 결국 우리는 함께 음악을 즐기겠다는 원래 목적을 해냈습니다.",[],[],[],[],AL,YES,"[""in the end""]","[""결국""]","[""in the end""]",[],[],"[""결국""]",[],"[[""결국""]]",
PRACTICE_READING,P_D10_01,10,1,,,,,OPIC AL Practical Reading,OPIC AL 실전 리딩,,,,,,,,,,,,,,,,,,,,,,,,,,,,,,,,,,,,,,,,,,,,,,,,,,,PRACTICE_READING,P_D10_01,1,story,여행 중 렌터카에 문제가 생겨 업체와 해결하는 경험,"When I was traveling, I decided to rent a car because it was practically impossible to get around without one. Initially, everything went smoothly. I called the rental company and said, “I’d like to make a rental reservation. I’m interested in renting a small SUV. What do you have in stock right now?” After comparing a few options, I settled on a compact SUV.",여행 중에 차가 없으면 돌아다니기가 사실상 불가능해서 렌터카를 빌리기로 했습니다. 처음에는 모든 일이 순조로웠습니다. 렌터카 회사에 전화해 “대여 예약을 하고 싶어요. 소형 SUV를 빌리고 싶은데요. 지금 재고가 어떻게 되나요?”라고 물었습니다. 몇 가지 옵션을 비교한 뒤 소형 SUV로 결정했습니다.,"[""practically"", ""initially""]","[""거의"", ""처음에""]","[""I'm interested in renting a..."", ""What do you have in stock right now?""]","[""~를 대여하고 싶은데요"", ""지금 재고가 어떻게 되나요?""]",AL,YES,"[""get around"", ""settle on ~""]","[""이동하다, 돌아다니다"", ""~로 최종 결정하다""]","[""get around"", ""settled on""]","[""사실상"", ""처음에는""]","[""를 빌리기로 했습니다. 처음에는 모든 일이 순조로웠습니다. 렌터카 회사에 전화해 “대여 예약을 하고 싶어요. 소형 SUV를 빌리고 싶은데요"", ""지금 재고가 어떻게 되나요""]","[""돌아다니기가"", ""소형 SUV로 결정했습니다""]","[[""대여 예약을 하고 싶어요"", ""빌리고 싶은데요""], [""지금 재고가 어떻게 되나요""]]","[[""돌아다니기가""], [""결정했습니다""]]",
PRACTICE_READING,P_D10_02,10,2,,,,,OPIC AL Practical Reading,OPIC AL 실전 리딩,,,,,,,,,,,,,,,,,,,,,,,,,,,,,,,,,,,,,,,,,,,,,,,,,,,PRACTICE_READING,P_D10_02,2,story,여행 중 렌터카에 문제가 생겨 업체와 해결하는 경험,"The first couple of days were great, but then the car started giving me trouble. It had been acting up a little, and one morning, it just stopped working out of nowhere. I’m not used to dealing with car problems, especially when I’m traveling, so it was quite a challenge.","처음 며칠은 아주 좋았지만, 그 뒤로 차가 말썽을 부리기 시작했습니다. 조금씩 이상하더니 어느 날 아침 갑자기 작동을 멈췄습니다. 특히 여행 중에는 자동차 문제를 처리하는 데 익숙하지 않아서 꽤 난감했습니다.","[""challenge""]","[""문제, 난제""]","[""It's been giving me trouble."", ""It's been acting up lately."", ""It just stopped working out of nowhere."", ""I'm not used to ...ing""]","[""계속 문제가 생기고 있어요"", ""요즘 자꾸 말썽이에요"", ""갑자기 아무 이유 없이 작동을 멈췄어요"", ""~하는 데 익숙하지 않아요""]",AL,YES,[],[],[],"[""꽤 난감했습니다""]","["""", ""말썽을"", """", ""데 익숙하지 않아서""]",[],"[[], [""말썽을""], [], [""데 익숙하지 않아서""]]",[],
PRACTICE_READING,P_D10_03,10,3,,,,,OPIC AL Practical Reading,OPIC AL 실전 리딩,,,,,,,,,,,,,,,,,,,,,,,,,,,,,,,,,,,,,,,,,,,,,,,,,,,PRACTICE_READING,P_D10_03,3,story,여행 중 렌터카에 문제가 생겨 업체와 해결하는 경험,"I called the rental company right away and explained what had happened. I said, “It’s been giving me trouble since yesterday. Is there any way to get this fixed?” The employee told me, “I totally get it. No worries. We’ll try to sort it out.”",바로 렌터카 회사에 전화해 무슨 일이 있었는지 설명했습니다. “어제부터 계속 차가 말썽이에요. 이거 고칠 방법이 있을까요?”라고 했습니다. 직원은 “무슨 상황인지 충분히 이해합니다. 걱정 마세요. 해결해 보겠습니다.”라고 말했습니다.,[],[],"[""It's been giving me trouble."", ""Is there any way to get this fixed?"", ""I totally get it"", ""no worries""]","[""계속 문제가 생기고 있어요"", ""이거 수리할 방법이 있을까요?"", ""완전히 이해해요"", ""괜찮아요, 걱정 마세요""]",AL,YES,"[""right away""]","[""즉시""]","[""right away""]",[],"["""", """", """", ""걱정 마세요""]","[""바로""]","[[], [], [], [""걱정 마세요""]]","[[""바로""]]",
PRACTICE_READING,P_D10_04,10,4,,,,,OPIC AL Practical Reading,OPIC AL 실전 리딩,,,,,,,,,,,,,,,,,,,,,,,,,,,,,,,,,,,,,,,,,,,,,,,,,,,PRACTICE_READING,P_D10_04,4,story,여행 중 렌터카에 문제가 생겨 업체와 해결하는 경험,"The chief problem was that I was staying in a fairly remote area, so getting another car immediately was potentially difficult. The employee came up with a clever solution. He said they could send someone to inspect the car first and, if necessary, arrange a replacement.","가장 큰 문제는 제가 꽤 외진 곳에 머물고 있어서 당장 다른 차를 받기 어려울 수도 있다는 점이었습니다. 직원은 기발한 해결책을 내놓았습니다. 먼저 사람을 보내 차를 점검하고, 필요하면 대체 차량을 준비해 주겠다고 했습니다.","[""chief"", ""potentially"", ""clever""]","[""주요한"", ""어쩌면"", ""영리한""]",[],[],AL,YES,"[""come up with ~"", ""if necessary""]","[""~을 생각해내다"", ""필요하다면""]","[""came up with"", ""if necessary""]","[""가장 큰"", ""어려울 수도 있다는"", ""기발한 해결책""]",[],"[""내놓았습니다"", ""필요하면""]",[],"[[""내놓았습니다""], [""필요하면""]]",
PRACTICE_READING,P_D10_05,10,5,,,,,OPIC AL Practical Reading,OPIC AL 실전 리딩,,,,,,,,,,,,,,,,,,,,,,,,,,,,,,,,,,,,,,,,,,,,,,,,,,,PRACTICE_READING,P_D10_05,5,story,여행 중 렌터카에 문제가 생겨 업체와 해결하는 경험,"I thought that was an ingenious idea because it would save me from having to find my own way back to the rental office. I told him, “That makes sense. Please keep me posted.”",렌터카 사무실까지 직접 돌아갈 방법을 찾지 않아도 된다는 점에서 정말 기발한 방법이라고 생각했습니다. 저는 “좋은 방법이네요. 진행 상황을 계속 알려 주세요.”라고 했습니다.,"[""ingenious""]","[""기발한, 독창적인""]","[""That makes sense"", ""keep me posted""]","[""이해가 되네요"", ""계속 알려주세요""]",AL,YES,"[""save someone from having to ~""]","[""누군가가 ~해야 하는 수고를 덜어주다""]","[""save me from having to""]","[""기발한 방법""]","["""", """"]","[""""]","[[], []]",[[]],
PRACTICE_READING,P_D10_06,10,6,,,,,OPIC AL Practical Reading,OPIC AL 실전 리딩,,,,,,,,,,,,,,,,,,,,,,,,,,,,,,,,,,,,,,,,,,,,,,,,,,,PRACTICE_READING,P_D10_06,6,story,여행 중 렌터카에 문제가 생겨 업체와 해결하는 경험,"A little later, he called me back and said, “Everything is ready on our end. We’ll follow up as soon as the driver leaves.” Apparently, a minor electrical problem had caused the engine to cease working properly, but luckily, it wasn’t anything serious.","조금 뒤 그가 다시 전화해 “저희 쪽 준비는 모두 끝났습니다. 기사가 출발하는 대로 다시 연락드리겠습니다.”라고 했습니다. 알고 보니 작은 전기 문제 때문에 엔진이 제대로 작동하지 않았던 것이었지만, 다행히 심각한 문제는 아니었습니다.","[""cease""]","[""멈추다, 끝나다""]","[""on my end / on your end"", ""I'll follow up""]","[""내 쪽에서 / 상대방 쪽에서"", ""추후 연락하겠습니다""]",AL,YES,"[""call someone back"", ""as soon as ~""]","[""다시 전화하다"", ""~하자마자 / ~하는 즉시""]","[""called me back"", ""as soon as""]","[""작동하지 않았던""]","["""", ""연락드리겠습니다""]","[""다시 전화해"", ""기사가 출발하는 대로""]","[[], [""연락드리겠습니다""]]","[[""다시 전화해""], [""대로""]]",
PRACTICE_READING,P_D10_07,10,7,,,,,OPIC AL Practical Reading,OPIC AL 실전 리딩,,,,,,,,,,,,,,,,,,,,,,,,,,,,,,,,,,,,,,,,,,,,,,,,,,,PRACTICE_READING,P_D10_07,7,story,여행 중 렌터카에 문제가 생겨 업체와 해결하는 경험,"While I was waiting, the weather started to intensify, and a storm seemed to be brewing. I was worried that it might complicate the situation, but fortunately, the replacement car arrived before the rain really started to pour.","기다리는 동안 날씨가 점점 거칠어졌고 폭풍이 몰려올 것 같았습니다. 상황이 더 복잡해질까 걱정했지만, 다행히 비가 본격적으로 쏟아지기 전에 대체 차량이 도착했습니다.","[""intensify""]","[""강화하다""]",[],[],AL,YES,"[""a storm/problem is brewing""]","[""폭풍/문제가 생길 조짐이다""]","[""storm seemed to be brewing""]","[""점점 거칠어졌고""]",[],"[""폭풍이 몰려올 것 같았습니다""]",[],"[[""몰려올 것 같았습니다""]]",
PRACTICE_READING,P_D10_08,10,8,,,,,OPIC AL Practical Reading,OPIC AL 실전 리딩,,,,,,,,,,,,,,,,,,,,,,,,,,,,,,,,,,,,,,,,,,,,,,,,,,,PRACTICE_READING,P_D10_08,8,story,여행 중 렌터카에 문제가 생겨 업체와 해결하는 경험,"The employee apologized for the inconvenience, but I told him, “No worries. Take your time. I appreciate your understanding and your help.” In the end, we managed to work everything out without ruining my travel plans.",직원은 불편을 끼쳐 미안하다고 했지만 저는 “괜찮아요. 천천히 하세요. 이해해 주시고 도와주셔서 감사합니다.”라고 했습니다. 결국 여행 계획을 망치지 않고 모든 문제를 해결할 수 있었습니다.,[],[],"[""no worries"", ""take your time"", ""I appreciate your understanding"", ""work something out""]","[""괜찮아요, 걱정 마세요"", ""천천히 하세요"", ""이해해 주셔서 감사합니다"", ""해결책을 찾다""]",AL,YES,"[""in the end"", ""manage to ~"", ""work something out""]","[""결국"", ""어렵게 ~해내다"", ""문제를 해결하다""]","[""In the end"", ""managed to"", ""work everything out""]",[],"[""괜찮아요"", ""천천히 하세요"", ""이해해 주시고 도와주셔서 감사합니다"", ""모든 문제를 해결할 수 있었습니다""]","[""결국"", ""여행 계획을 망치지 않고 모든 문제를 해결할 수 있었습니다"", ""모든 문제를 해결할 수 있었습니다""]","[[""괜찮아요""], [""천천히 하세요""], [""이해해 주시고 도와주셔서 감사합니다""], [""모든 문제를 해결할 수 있었습니다""]]","[[""결국""], [""해결할 수 있었습니다""], [""모든 문제를 해결할 수 있었습니다""]]",
PRACTICE_READING,P_D10_09,10,9,,,,,OPIC AL Practical Reading,OPIC AL 실전 리딩,,,,,,,,,,,,,,,,,,,,,,,,,,,,,,,,,,,,,,,,,,,,,,,,,,,PRACTICE_READING,P_D10_09,9,story,여행 중 렌터카에 문제가 생겨 업체와 해결하는 경험,"Looking back, what impressed me most was how clearly the staff conveyed the information and handled the problem. The whole experience could have precipitated a much bigger problem, but their quick response helped buffer the impact on my trip.","돌이켜보면 가장 인상 깊었던 것은 직원들이 정보를 얼마나 명확하게 전달하고 문제를 처리했는지였습니다. 자칫 훨씬 더 큰 문제로 번질 수도 있었지만, 직원들의 빠른 대응 덕분에 여행에 미치는 영향을 줄일 수 있었습니다.","[""buffer""]","[""완충하다, 보호하다""]",[],[],AL,YES,"[""looking back"", ""what impressed me most was ~""]","[""돌이켜보면"", ""내게 가장 인상적이었던 것은 ~였다""]","[""Looking back"", ""what impressed me most was""]","[""영향을 줄일 수 있었습니다""]",[],"[""돌이켜보면"", ""가장 인상 깊었던 것은""]",[],"[[""돌이켜보면""], [""가장 인상 깊었던 것은""]]",
PRACTICE_READING,P_D10_10,10,10,,,,,OPIC AL Practical Reading,OPIC AL 실전 리딩,,,,,,,,,,,,,,,,,,,,,,,,,,,,,,,,,,,,,,,,,,,,,,,,,,,PRACTICE_READING,P_D10_10,10,story,여행 중 렌터카에 문제가 생겨 업체와 해결하는 경험,"By the time we wrapped up the call, I actually felt relieved. The experience taught me that when an unexpected problem comes up while traveling, the best thing to do is stay calm, explain the situation clearly, and work with people to find a solution.",통화를 마무리할 때쯤에는 정말 안도감이 들었습니다. 이 경험을 통해 여행 중 예상치 못한 문제가 생기면 침착하게 상황을 명확히 설명하고 사람들과 함께 해결책을 찾는 것이 가장 좋다는 것을 배웠습니다.,[],[],[],[],AL,YES,"[""by the time ~"", ""the best thing to do is ~""]","[""~할 때쯤에는"", ""가장 좋은 방법은 ~하는 것이다""]","[""By the time"", ""the best thing to do is""]",[],[],"[""통화를 마무리할 때쯤에는"", ""것이 가장 좋""]",[],"[[""통화를 마무리할 때쯤에는""], [""것이 가장 좋""]]",
PRACTICE_READING,P_D11_01,11,1,,,,,OPIC AL Practical Reading,OPIC AL 실전 리딩,,,,,,,,,,,,,,,,,,,,,,,,,,,,,,,,,,,,,,,,,,,,,,,,,,,PRACTICE_READING,P_D11_01,1,story,가족과 함께 오래된 시골집을 리모델링한 경험,"A few years ago, my family decided to renovate an old house in the countryside instead of letting it sit deserted. Looking back, I naively thought it would be a simple weekend project, but it ended up being far more laborious and costly than I had expected.","몇 년 전, 우리 가족은 시골의 오래된 집을 빈집으로 내버려 두는 대신 수리하기로 했습니다. 돌이켜보면 저는 순진하게도 주말이면 간단히 끝낼 수 있는 일이라고 생각했지만, 막상 해보니 예상보다 훨씬 힘들고 비용도 많이 들었습니다.","[""costly"", ""laborious"", ""naively""]","[""돈이 많이 드는"", ""수고를 요하는, 힘든"", ""솔직하게, 순진하게""]","[""Looking back, ..."", ""end up -ing""]","[""돌이켜 보면"", ""결국 ~하게 되다""]",AL,YES,"[""instead of ~ing"", ""more ~ than I expected""]","[""~하는 대신에"", ""내가 예상했던 것보다 더 ~한""]","[""instead of letting it sit deserted"", ""more laborious and costly than I had expected""]","[""비용도 많이 들었습니다"", ""훨씬 힘들고"", ""순진하게도""]","["""", ""막상 해보니""]","[""대신"", ""예상보다""]","[[], [""막상 해보니""]]","[[""대신""], [""예상보다""]]",
PRACTICE_READING,P_D11_02,11,2,,,,,OPIC AL Practical Reading,OPIC AL 실전 리딩,,,,,,,,,,,,,,,,,,,,,,,,,,,,,,,,,,,,,,,,,,,,,,,,,,,PRACTICE_READING,P_D11_02,2,story,가족과 함께 오래된 시골집을 리모델링한 경험,"At first, we had to define exactly what we wanted to change. The outermost wall was cracked, the rooms felt dark and dense, and an old cabinet had started to detach from the wall. From those signs, we could deduce that the house needed more than a fresh coat of paint.",처음에는 정확히 무엇을 바꿀지 정해야 했습니다. 바깥쪽 벽에는 금이 가 있었고 방은 어둡고 답답했으며 오래된 수납장은 벽에서 떨어지기 시작했습니다. 이런 상태를 보니 단순히 페인트칠만 새로 해서는 안 되겠다는 걸 알 수 있었습니다.,"[""deduce"", ""define"", ""dense"", ""detach"", ""outermost""]","[""추론하다"", ""분명히 하다"", ""밀집한, 빽빽한"", ""분리하다"", ""가장 바깥의""]",[],[],AL,YES,"[""at first"", ""a fresh coat of paint""]","[""처음에는"", ""새로 칠한 페인트 한 겹""]","[""At first"", ""a fresh coat of paint""]","[""알 수 있었습니다"", ""정해야 했습니다"", ""답답했으며"", ""떨어지기 시작"", ""바깥쪽 벽""]",[],"[""처음에는"", ""페인트칠만 새로""]",[],"[[""처음에는""], [""페인트칠만 새로""]]",
PRACTICE_READING,P_D11_03,11,3,,,,,OPIC AL Practical Reading,OPIC AL 실전 리딩,,,,,,,,,,,,,,,,,,,,,,,,,,,,,,,,,,,,,,,,,,,,,,,,,,,PRACTICE_READING,P_D11_03,3,story,가족과 함께 오래된 시골집을 리모델링한 경험,"We made a crude sketch of the new layout and used a miniature model to depict how the rooms might look. My wife wanted a clean, modern style with a few dainty ornaments, while I wanted to preserve the house’s intrinsic character. We eventually settled on a design that combined both ideas.","우리는 새 구조를 대략 스케치하고 작은 모형으로 방이 어떻게 바뀔지 그려봤습니다. 아내는 작은 장식이 더해진 깔끔하고 현대적인 스타일을 원했고, 저는 집 고유의 분위기를 살리고 싶었습니다. 결국 두 가지 생각을 모두 반영한 디자인으로 결정했습니다.","[""crude"", ""dainty"", ""depict"", ""intrinsic"", ""miniature""]","[""가공하지 않은"", ""우아한, 섬세한"", ""묘사하다"", ""고유의, 타고난"", ""소형의""]",[],[],AL,YES,"[""settle on ~""]","[""~로 최종 결정하다""]","[""settled on""]","[""대략 스케치"", ""작은 장식"", ""그려봤습니다"", ""고유의"", ""작은 모형""]",[],"[""""]",[],[[]],
PRACTICE_READING,P_D11_04,11,4,,,,,OPIC AL Practical Reading,OPIC AL 실전 리딩,,,,,,,,,,,,,,,,,,,,,,,,,,,,,,,,,,,,,,,,,,,,,,,,,,,PRACTICE_READING,P_D11_04,4,story,가족과 함께 오래된 시골집을 리모델링한 경험,"The biggest matter was the roof. Heavy rain had dampened part of the ceiling, and leaves had formed a small dam in the gutter, preventing water from draining properly. We deemed the damage serious enough to call a professional rather than trying to defend our original low-budget plan.","가장 큰 문제는 지붕이었습니다. 폭우 때문에 천장 일부가 축축해졌고, 낙엽이 배수로를 막아 물이 제대로 빠지지 않았습니다. 우리는 원래 세웠던 저예산 계획을 고집하기보다 전문가를 불러야 할 만큼 손상이 심각하다고 판단했습니다.","[""dam"", ""defend"", ""matter""]","[""막다"", ""방어하다, 지키다"", ""1. 물질 / 2. 사안""]",[],[],AL,YES,"[""call a professional"", ""rather than ~ing""]","[""전문가를 부르다"", ""~하기보다는""]","[""call a professional"", ""rather than trying to defend our original low-budget plan""]","[""배수로를 막아"", ""고집하기보다"", ""가장 큰 문제""]",[],"[""전문가를 불러야"", ""고집하기보다""]",[],"[[""전문가를 불러야""], [""고집하기보다""]]",
PRACTICE_READING,P_D11_05,11,5,,,,,OPIC AL Practical Reading,OPIC AL 실전 리딩,,,,,,,,,,,,,,,,,,,,,,,,,,,,,,,,,,,,,,,,,,,,,,,,,,,PRACTICE_READING,P_D11_05,5,story,가족과 함께 오래된 시골집을 리모델링한 경험,"The contractor showed us an intricate repair plan. Some materials were surprisingly malleable, so they could be shaped to fit the older parts of the house. The work was sometimes intrusive because the noise would interrupt our conversations, but we gradually got used to living around the construction.","시공업자는 꽤 복잡한 수리 계획을 보여주었습니다. 일부 자재는 놀랄 만큼 유연해서 집의 오래된 부분에 맞게 모양을 바꿀 수 있었습니다. 공사 소음이 대화를 끊을 정도로 거슬릴 때도 있었지만, 우리는 점차 공사 중인 집에서 생활하는 데 익숙해졌습니다.","[""interrupt"", ""intricate"", ""intrusive"", ""malleable""]","[""중단시키다"", ""복잡한"", ""끼어드는, 참견하는"", ""유연한, 변형하기 쉬운""]","[""get used to -ing""]","[""~하는 데 익숙해지다""]",AL,YES,"[""get used to ~ing""]","[""~하는 데 익숙해지다""]","[""got used to living around the construction""]","[""대화를 끊을 정도로"", ""복잡한"", ""거슬릴 때도"", ""유연해서""]","[""데 익숙해졌습니다""]","[""데 익숙해졌습니다""]","[[""데 익숙해졌습니다""]]","[[""데 익숙해졌습니다""]]",
PRACTICE_READING,P_D11_06,11,6,,,,,OPIC AL Practical Reading,OPIC AL 실전 리딩,,,,,,,,,,,,,,,,,,,,,,,,,,,,,,,,,,,,,,,,,,,,,,,,,,,PRACTICE_READING,P_D11_06,6,story,가족과 함께 오래된 시골집을 리모델링한 경험,"We also learned that a higher price did not always denote better quality. One company tried to sell us a deluxe package, claiming it would raise the value of the house and make it more lucrative as a rental property. However, we decided that comfort mattered more than turning the house into an investment.",가격이 높다고 해서 항상 품질이 더 좋은 것은 아니라는 점도 배웠습니다. 한 업체는 고급 패키지를 선택하면 집값이 오르고 임대했을 때 더 많은 수익을 낼 수 있다며 권했습니다. 하지만 우리는 집을 투자 대상으로 만드는 것보다 편안하게 지내는 것이 더 중요하다고 판단했습니다.,"[""deluxe"", ""denote"", ""lucrative""]","[""호화로운"", ""나타내다, 표시하다"", ""수익성이 좋은, 유리한""]",[],[],AL,YES,"[""matter more than ~""]","[""~보다 더 중요하다""]","[""mattered more than""]","[""고급 패키지"", ""항상 품질이 더 좋은 것은 아니라는"", ""더 많은 수익을 낼 수 있다며""]",[],"[""것보다""]",[],"[[""것보다"", ""더 중요하다고""]]",
PRACTICE_READING,P_D11_07,11,7,,,,,OPIC AL Practical Reading,OPIC AL 실전 리딩,,,,,,,,,,,,,,,,,,,,,,,,,,,,,,,,,,,,,,,,,,,,,,,,,,,PRACTICE_READING,P_D11_07,7,story,가족과 함께 오래된 시골집을 리모델링한 경험,"The garden required just as much attention. It had become so luxuriant that plants covered most of the walkway. Cutting everything back was hard work, and at one point the amount of work almost crushed my motivation. Still, everyone did their fair share, which helped us catch up.",정원도 그만큼 손이 많이 갔습니다. 식물이 너무 무성하게 자라 산책로 대부분을 덮고 있었습니다. 전부 정리하는 일이 워낙 힘들어서 한때는 엄청난 작업량에 의욕이 거의 꺾일 정도였습니다. 그래도 모두가 자기 몫을 해준 덕분에 밀린 일을 따라잡을 수 있었습니다.,"[""luxuriant""]","[""무성한""]","[""catch up in"", ""do one's fair share""]","[""~에서 따라잡다"", ""자기 몫을 공평하게 하다""]",AL,YES,"[""just as much"", ""at one point""]","[""그만큼 똑같이"", ""한때, 어느 순간""]","[""just as much"", ""at one point""]","[""무성하게""]","[""따라잡을"", """"]","[""그만큼"", ""한때는""]","[[""따라잡을""], []]","[[""그만큼""], [""한때는""]]",
PRACTICE_READING,P_D11_08,11,8,,,,,OPIC AL Practical Reading,OPIC AL 실전 리딩,,,,,,,,,,,,,,,,,,,,,,,,,,,,,,,,,,,,,,,,,,,,,,,,,,,PRACTICE_READING,P_D11_08,8,story,가족과 함께 오래된 시골집을 리모델링한 경험,"That's when I realized how much I had taken my family’s help for granted. My wife was mainly responsible for choosing the interior materials, I was in charge of repairs, and the kids helped ornament the rooms with small pictures and plants. Each person had an important role to play.","그때 저는 가족의 도움을 얼마나 당연하게 여겨 왔는지 깨달았습니다. 아내는 주로 인테리어 자재 선택을 담당했고, 저는 수리를 맡았으며, 아이들은 작은 그림과 식물로 방을 꾸미는 일을 도왔습니다. 각자 중요한 역할이 있었습니다.","[""ornament""]","[""장식하다""]","[""have an important role to play"", ""be mainly responsible for"", ""be in charge of"", ""take something for granted"", ""That's when I realized...""]","[""중요한 역할을 하다"", ""주로 ~을 담당하다"", ""~을 담당하다"", ""~을 당연하게 여기다"", ""그때 비로소 ~을 깨달았다""]",AL,YES,[],[],[],"[""방을 꾸미는""]","[""중요한 역할이"", ""주로 인테리어 자재 선택을 담당했고"", ""담당했고"", ""당연하게"", ""그때""]",[],"[[""중요한 역할이""], [""주로 인테리어 자재 선택을 담당했고""], [""담당했고""], [""당연하게""], [""그때""]]",[],
PRACTICE_READING,P_D11_09,11,9,,,,,OPIC AL Practical Reading,OPIC AL 실전 리딩,,,,,,,,,,,,,,,,,,,,,,,,,,,,,,,,,,,,,,,,,,,,,,,,,,,PRACTICE_READING,P_D11_09,9,story,가족과 함께 오래된 시골집을 리모델링한 경험,"By the time we finished, the change was marvelous. The renovation had a profound impact on how we used the house, and the time we spent there began to rise steadily. More importantly, working together contributed significantly to making us feel closer as a family.","공사가 끝났을 때 변화는 정말 놀라웠습니다. 리모델링을 하고 나니 우리가 그 집을 이용하는 방식이 크게 달라졌고, 그곳에서 보내는 시간도 꾸준히 늘었습니다. 무엇보다 함께 일한 경험 덕분에 가족 사이가 훨씬 가까워졌습니다.","[""marvelous""]","[""놀라운""]","[""contribute significantly to"", ""rise steadily"", ""have a profound impact on""]","[""~에 크게 기여하다/영향을 주다"", ""꾸준히 증가하다"", ""~에 지대한 영향을 미치다""]",AL,YES,"[""by the time ~"", ""more importantly""]","[""~할 때쯤에는"", ""더 중요하게는""]","[""By the time"", ""More importantly""]","[""놀라웠습니다""]","["""", ""꾸준히"", """"]","[""공사가 끝났을 때"", """"]","[[], [""꾸준히""], []]","[[""공사가 끝났을 때""], []]",
PRACTICE_READING,P_D11_10,11,10,,,,,OPIC AL Practical Reading,OPIC AL 실전 리딩,,,,,,,,,,,,,,,,,,,,,,,,,,,,,,,,,,,,,,,,,,,,,,,,,,,PRACTICE_READING,P_D11_10,10,story,가족과 함께 오래된 시골집을 리모델링한 경험,"I learned from my mistakes, especially my unrealistic budget and schedule. Renovating an old house has both benefits and drawbacks, but for us, preserving a meaningful family space was no longer a choice but a necessity. In the end, the experience taught me that the people who share a home matter much more than how luxurious the home looks.","특히 비현실적으로 잡았던 예산과 일정 같은 실수에서 많은 것을 배웠습니다. 오래된 집을 고치는 데는 장단점이 있지만, 우리에게 의미 있는 가족 공간을 지키는 것은 더 이상 선택이 아니라 꼭 필요한 일이었습니다. 결국 집이 얼마나 호화로워 보이느냐보다 그 집을 함께하는 사람들이 훨씬 더 중요하다는 것을 배웠습니다.","[""matter""]","[""1. 물질 / 2. 사안""]","[""no longer a choice but a necessity"", ""benefits and drawbacks"", ""learn from my mistakes""]","[""더 이상 선택이 아니라 필수"", ""장점과 단점"", ""실수에서 배우다""]",AL,YES,"[""in the end""]","[""결국""]","[""In the end""]","[""더 중요""]","[""더 이상 선택이 아니라"", ""장단점이"", ""실수에서""]","[""결국""]","[[""더 이상 선택이 아니라""], [""장단점이""], [""실수에서""]]","[[""결국""]]",
MY_CLASS,MC_L01_C01,0,1,English feels like the last big challenge in my life.,영어는 내 인생의 마지막 큰 과제처럼 느껴진다.,,,,,,,,English feels like the last big challenge in my life.,영어는 내 인생의 마지막 큰 과제처럼 느껴진다.,,,,,,,,,,,,,,,,MY_CLASS_L01,,,,,,,,,,,,,,,,,,,,,,,,,,,,,,MY_CLASS,MC_L01_C01,1,correction,MY 수업 1 · 핵심 교정,English feels like the last big challenge in my life.,영어는 내 인생의 마지막 큰 과제처럼 느껴진다.,,,homework보다 challenge가 자연스럽다.,English is my last homework in my life.,AL,TRUE,,,,,,,,,
MY_CLASS,MC_L01_C02,0,2,One of my biggest goals is to become fluent in English.,내 가장 큰 목표 중 하나는 영어를 유창하게 하는 것이다.,,,,,,,,One of my biggest goals is to become fluent in English.,내 가장 큰 목표 중 하나는 영어를 유창하게 하는 것이다.,,,,,,,,,,,,,,,,MY_CLASS_L01,,,,,,,,,,,,,,,,,,,,,,,,,,,,,,MY_CLASS,MC_L01_C02,2,correction,MY 수업 1 · 핵심 교정,One of my biggest goals is to become fluent in English.,내 가장 큰 목표 중 하나는 영어를 유창하게 하는 것이다.,,,one of my biggest goals is to ~ 를 통째로 자동화.,My bucket is to conquer English.,AL,TRUE,,,,,,,,,
MY_CLASS,MC_L01_C03,0,3,I made up my mind to study English seriously.,영어를 진지하게 공부하기로 마음먹었다.,,,,,,,,I made up my mind to study English seriously.,영어를 진지하게 공부하기로 마음먹었다.,,,,,,,,,,,,,,,,MY_CLASS_L01,,,,,,,,,,,,,,,,,,,,,,,,,,,,,,MY_CLASS,MC_L01_C03,3,correction,MY 수업 1 · 핵심 교정,I made up my mind to study English seriously.,영어를 진지하게 공부하기로 마음먹었다.,,,make up my mind to + 동사,I made mind to start English.,AL,TRUE,,,,,,,,,
MY_CLASS,MC_L01_C04,0,4,I signed up for an English academy in Gangnam.,강남의 영어 학원에 등록했다.,,,,,,,,I signed up for an English academy in Gangnam.,강남의 영어 학원에 등록했다.,,,,,,,,,,,,,,,,MY_CLASS_L01,,,,,,,,,,,,,,,,,,,,,,,,,,,,,,MY_CLASS,MC_L01_C04,4,correction,MY 수업 1 · 핵심 교정,I signed up for an English academy in Gangnam.,강남의 영어 학원에 등록했다.,,,sign up for ~ / enroll in ~,I sign off for their English academy.,AL,TRUE,,,,,,,,,
MY_CLASS,MC_L01_C05,0,5,I've been studying there for 38 months now.,그곳에서 38개월째 공부하고 있다.,,,,,,,,I've been studying there for 38 months now.,그곳에서 38개월째 공부하고 있다.,,,,,,,,,,,,,,,,MY_CLASS_L01,,,,,,,,,,,,,,,,,,,,,,,,,,,,,,MY_CLASS,MC_L01_C05,5,correction,MY 수업 1 · 핵심 교정,I've been studying there for 38 months now.,그곳에서 38개월째 공부하고 있다.,,,have been ~ing for + 기간,Thirty-eight months until now.,AL,TRUE,,,,,,,,,
MY_CLASS,MC_L01_C06,0,6,I still have a long way to go.,아직 갈 길이 멀다.,,,,,,,,I still have a long way to go.,아직 갈 길이 멀다.,,,,,,,,,,,,,,,,MY_CLASS_L01,,,,,,,,,,,,,,,,,,,,,,,,,,,,,,MY_CLASS,MC_L01_C06,6,correction,MY 수업 1 · 핵심 교정,I still have a long way to go.,아직 갈 길이 멀다.,,,부족함을 자연스럽게 말하는 핵심 문장.,I'm still hungry.,AL,TRUE,,,,,,,,,
MY_CLASS,MC_L01_C07,0,7,I had a little too much to drink.,어제는 술을 조금 과하게 마셨다.,,,,,,,,I had a little too much to drink.,어제는 술을 조금 과하게 마셨다.,,,,,,,,,,,,,,,,MY_CLASS_L01,,,,,,,,,,,,,,,,,,,,,,,,,,,,,,MY_CLASS,MC_L01_C07,7,correction,MY 수업 1 · 핵심 교정,I had a little too much to drink.,어제는 술을 조금 과하게 마셨다.,,,drink–drank–drunk 구별. 회화에서는 have too much to drink가 자연스럽다.,I drunk much.,AL,TRUE,,,,,,,,,
MY_CLASS,MC_L01_C08,0,8,My team has three main functions.,우리 팀은 세 가지 주요 기능을 맡고 있다.,,,,,,,,My team has three main functions.,우리 팀은 세 가지 주요 기능을 맡고 있다.,,,,,,,,,,,,,,,,MY_CLASS_L01,,,,,,,,,,,,,,,,,,,,,,,,,,,,,,MY_CLASS,MC_L01_C08,8,correction,MY 수업 1 · 핵심 교정,My team has three main functions.,우리 팀은 세 가지 주요 기능을 맡고 있다.,,,복잡하게 시작하지 말고 주어+동사로 짧게.,I have a three part.,AL,TRUE,,,,,,,,,
MY_CLASS,MC_L01_C09,0,9,We collect sensor data from the equipment.,우리는 장비에서 센서 데이터를 수집한다.,,,,,,,,We collect sensor data from the equipment.,우리는 장비에서 센서 데이터를 수집한다.,,,,,,,,,,,,,,,,MY_CLASS_L01,,,,,,,,,,,,,,,,,,,,,,,,,,,,,,MY_CLASS,MC_L01_C09,9,correction,MY 수업 1 · 핵심 교정,We collect sensor data from the equipment.,우리는 장비에서 센서 데이터를 수집한다.,,,sensor data는 그대로 쓰고 collect data로 묶어 외운다.,Every sensor datas we gather.,AL,TRUE,,,,,,,,,
MY_CLASS,MC_L01_C10,0,10,My English was much worse than it is now.,그때 내 영어는 지금보다 훨씬 서툴렀다.,,,,,,,,My English was much worse than it is now.,그때 내 영어는 지금보다 훨씬 서툴렀다.,,,,,,,,,,,,,,,,MY_CLASS_L01,,,,,,,,,,,,,,,,,,,,,,,,,,,,,,MY_CLASS,MC_L01_C10,10,correction,MY 수업 1 · 핵심 교정,My English was much worse than it is now.,그때 내 영어는 지금보다 훨씬 서툴렀다.,,,비교급은 very worse가 아니라 much worse.,My English skill was very worse than now.,AL,TRUE,,,,,,,,,
MY_CLASS,MC_L01_C11,0,11,"Even though my English was limited, I managed to get by in English.",그래도 영어로 어떻게든 의사소통해냈다.,,,,,,,,"Even though my English was limited, I managed to get by in English.",그래도 영어로 어떻게든 의사소통해냈다.,,,,,,,,,,,,,,,,MY_CLASS_L01,,,,,,,,,,,,,,,,,,,,,,,,,,,,,,MY_CLASS,MC_L01_C11,11,correction,MY 수업 1 · 핵심 교정,"Even though my English was limited, I managed to get by in English.",그래도 영어로 어떻게든 의사소통해냈다.,,,manage to + 동사 / get by in English,I can cope with this some problem.,AL,TRUE,,,,,,,,,
MY_CLASS,MC_L01_C12,0,12,"Looking back, I'm actually pretty proud of myself.","돌이켜보면, 그때의 내가 꽤 자랑스럽다.",,,,,,,,"Looking back, I'm actually pretty proud of myself.","돌이켜보면, 그때의 내가 꽤 자랑스럽다.",,,,,,,,,,,,,,,,MY_CLASS_L01,,,,,,,,,,,,,,,,,,,,,,,,,,,,,,MY_CLASS,MC_L01_C12,12,correction,MY 수업 1 · 핵심 교정,"Looking back, I'm actually pretty proud of myself.","돌이켜보면, 그때의 내가 꽤 자랑스럽다.",,,OPIC에서도 바로 쓸 수 있는 회고 패턴.,I was proud to of myself.,AL,TRUE,,,,,,,,,
MY_CLASS,MC_L01_K01,0,1,I made up my mind to ~,~하기로 마음먹었다.,,,,,,,,I made up my mind to take English seriously.,~하기로 마음먹었다.,,,,,,,,,,,,,,,,MY_CLASS_L01,,,,,,,,,,,,,,,,,,,,,,,,,,,,,,MY_CLASS,MC_L01_K01,1,chunk,MY 수업 1 · Native Chunk,I made up my mind to take English seriously.,~하기로 마음먹었다.,,,I made up my mind to ~,~하기로 마음먹었다.,AL,TRUE,,,,,,,,,
MY_CLASS,MC_L01_K02,0,2,I've been ~ing for ...,...동안 계속 ~하고 있다.,,,,,,,,I've been studying English for over three years.,...동안 계속 ~하고 있다.,,,,,,,,,,,,,,,,MY_CLASS_L01,,,,,,,,,,,,,,,,,,,,,,,,,,,,,,MY_CLASS,MC_L01_K02,2,chunk,MY 수업 1 · Native Chunk,I've been studying English for over three years.,...동안 계속 ~하고 있다.,,,I've been ~ing for ...,...동안 계속 ~하고 있다.,AL,TRUE,,,,,,,,,
MY_CLASS,MC_L01_K03,0,3,I still have a long way to go.,아직 갈 길이 멀다.,,,,,,,,"I've improved a lot, but I still have a long way to go.",아직 갈 길이 멀다.,,,,,,,,,,,,,,,,MY_CLASS_L01,,,,,,,,,,,,,,,,,,,,,,,,,,,,,,MY_CLASS,MC_L01_K03,3,chunk,MY 수업 1 · Native Chunk,"I've improved a lot, but I still have a long way to go.",아직 갈 길이 멀다.,,,I still have a long way to go.,아직 갈 길이 멀다.,AL,TRUE,,,,,,,,,
MY_CLASS,MC_L01_K04,0,4,One of my biggest goals is to ~,가장 큰 목표 중 하나는 ~이다.,,,,,,,,One of my biggest goals is to become fluent in English.,가장 큰 목표 중 하나는 ~이다.,,,,,,,,,,,,,,,,MY_CLASS_L01,,,,,,,,,,,,,,,,,,,,,,,,,,,,,,MY_CLASS,MC_L01_K04,4,chunk,MY 수업 1 · Native Chunk,One of my biggest goals is to become fluent in English.,가장 큰 목표 중 하나는 ~이다.,,,One of my biggest goals is to ~,가장 큰 목표 중 하나는 ~이다.,AL,TRUE,,,,,,,,,
MY_CLASS,MC_L01_K05,0,5,"Looking back, ...","돌이켜보면, ...",,,,,,,,"Looking back, I'm glad I challenged myself.","돌이켜보면, ...",,,,,,,,,,,,,,,,MY_CLASS_L01,,,,,,,,,,,,,,,,,,,,,,,,,,,,,,MY_CLASS,MC_L01_K05,5,chunk,MY 수업 1 · Native Chunk,"Looking back, I'm glad I challenged myself.","돌이켜보면, ...",,,"Looking back, ...","돌이켜보면, ...",AL,TRUE,,,,,,,,,
MY_CLASS,MC_L01_K06,0,6,I managed to ~,어떻게든 ~해냈다.,,,,,,,,I managed to communicate with the engineers.,어떻게든 ~해냈다.,,,,,,,,,,,,,,,,MY_CLASS_L01,,,,,,,,,,,,,,,,,,,,,,,,,,,,,,MY_CLASS,MC_L01_K06,6,chunk,MY 수업 1 · Native Chunk,I managed to communicate with the engineers.,어떻게든 ~해냈다.,,,I managed to ~,어떻게든 ~해냈다.,AL,TRUE,,,,,,,,,
MY_CLASS,MC_L01_K07,0,7,I ended up ~ing.,결국 ~하게 되었다.,,,,,,,,I ended up drinking more than usual.,결국 ~하게 되었다.,,,,,,,,,,,,,,,,MY_CLASS_L01,,,,,,,,,,,,,,,,,,,,,,,,,,,,,,MY_CLASS,MC_L01_K07,7,chunk,MY 수업 1 · Native Chunk,I ended up drinking more than usual.,결국 ~하게 되었다.,,,I ended up ~ing.,결국 ~하게 되었다.,AL,TRUE,,,,,,,,,
MY_CLASS,MC_L01_K08,0,8,I'm familiar with ~,~에 익숙하다.,,,,,,,,I can speak fairly well about topics I'm familiar with.,~에 익숙하다.,,,,,,,,,,,,,,,,MY_CLASS_L01,,,,,,,,,,,,,,,,,,,,,,,,,,,,,,MY_CLASS,MC_L01_K08,8,chunk,MY 수업 1 · Native Chunk,I can speak fairly well about topics I'm familiar with.,~에 익숙하다.,,,I'm familiar with ~,~에 익숙하다.,AL,TRUE,,,,,,,,,
MY_CLASS,MC_L01_K09,0,9,I struggle to ~,~하는 데 어려움을 겪는다.,,,,,,,,I sometimes struggle to express myself.,~하는 데 어려움을 겪는다.,,,,,,,,,,,,,,,,MY_CLASS_L01,,,,,,,,,,,,,,,,,,,,,,,,,,,,,,MY_CLASS,MC_L01_K09,9,chunk,MY 수업 1 · Native Chunk,I sometimes struggle to express myself.,~하는 데 어려움을 겪는다.,,,I struggle to ~,~하는 데 어려움을 겪는다.,AL,TRUE,,,,,,,,,
MY_CLASS,MC_L01_K10,0,10,I tend to ~,나는 ~하는 경향이 있다.,,,,,,,,I tend to translate from Korean in my head.,나는 ~하는 경향이 있다.,,,,,,,,,,,,,,,,MY_CLASS_L01,,,,,,,,,,,,,,,,,,,,,,,,,,,,,,MY_CLASS,MC_L01_K10,10,chunk,MY 수업 1 · Native Chunk,I tend to translate from Korean in my head.,나는 ~하는 경향이 있다.,,,I tend to ~,나는 ~하는 경향이 있다.,AL,TRUE,,,,,,,,,
MY_CLASS,MC_L01_K11,0,11,What I mean is ...,내 말은 ~라는 것이다.,,,,,,,,What I mean is that I need more speaking practice.,내 말은 ~라는 것이다.,,,,,,,,,,,,,,,,MY_CLASS_L01,,,,,,,,,,,,,,,,,,,,,,,,,,,,,,MY_CLASS,MC_L01_K11,11,chunk,MY 수업 1 · Native Chunk,What I mean is that I need more speaking practice.,내 말은 ~라는 것이다.,,,What I mean is ...,내 말은 ~라는 것이다.,AL,TRUE,,,,,,,,,
MY_CLASS,MC_L01_K12,0,12,"In simple terms, ...","쉽게 말하면, ...",,,,,,,,"In simple terms, our job is to detect equipment problems early.","쉽게 말하면, ...",,,,,,,,,,,,,,,,MY_CLASS_L01,,,,,,,,,,,,,,,,,,,,,,,,,,,,,,MY_CLASS,MC_L01_K12,12,chunk,MY 수업 1 · Native Chunk,"In simple terms, our job is to detect equipment problems early.","쉽게 말하면, ...",,,"In simple terms, ...","쉽게 말하면, ...",AL,TRUE,,,,,,,,,
MY_CLASS,MC_L01_K13,0,13,The point is that ...,핵심은 ~이다.,,,,,,,,The point is that I need to use what I already know.,핵심은 ~이다.,,,,,,,,,,,,,,,,MY_CLASS_L01,,,,,,,,,,,,,,,,,,,,,,,,,,,,,,MY_CLASS,MC_L01_K13,13,chunk,MY 수업 1 · Native Chunk,The point is that I need to use what I already know.,핵심은 ~이다.,,,The point is that ...,핵심은 ~이다.,AL,TRUE,,,,,,,,,
MY_CLASS,MC_L01_K14,0,14,That slows me down.,그게 나를 느리게 만든다.,,,,,,,,"I translate from Korean in my head, and that slows me down.",그게 나를 느리게 만든다.,,,,,,,,,,,,,,,,MY_CLASS_L01,,,,,,,,,,,,,,,,,,,,,,,,,,,,,,MY_CLASS,MC_L01_K14,14,chunk,MY 수업 1 · Native Chunk,"I translate from Korean in my head, and that slows me down.",그게 나를 느리게 만든다.,,,That slows me down.,그게 나를 느리게 만든다.,AL,TRUE,,,,,,,,,
MY_CLASS,MC_L01_K15,0,15,I can't always tell whether ~,~인지 항상 판단할 수 있는 것은 아니다.,,,,,,,,I can't always tell whether my English sounds natural.,~인지 항상 판단할 수 있는 것은 아니다.,,,,,,,,,,,,,,,,MY_CLASS_L01,,,,,,,,,,,,,,,,,,,,,,,,,,,,,,MY_CLASS,MC_L01_K15,15,chunk,MY 수업 1 · Native Chunk,I can't always tell whether my English sounds natural.,~인지 항상 판단할 수 있는 것은 아니다.,,,I can't always tell whether ~,~인지 항상 판단할 수 있는 것은 아니다.,AL,TRUE,,,,,,,,,
MY_CLASS,MC_L01_S01,0,1,Why are you studying English?,집중 말하기,,,,,,,,"English feels like the last big challenge in my life. I've accomplished many things I wanted to do, but becoming fluent in English is still one of my biggest goals. About three years ago, I made up my mind to take English seriously. I've definitely improved, but I still have a long way to go. Ultimately, I want to express myself naturally and confidently without translating everything in my head.",,,,,,,,,,,,,,,,,MY_CLASS_L01,,,,,,,,,,,,,,,,,,,,,,,,,,,,,,MY_CLASS,MC_L01_S01,1,speaking,MY 수업 1 · Speaking,"English feels like the last big challenge in my life. I've accomplished many things I wanted to do, but becoming fluent in English is still one of my biggest goals. About three years ago, I made up my mind to take English seriously. I've definitely improved, but I still have a long way to go. Ultimately, I want to express myself naturally and confidently without translating everything in my head.",Why are you studying English?,,,,,AL,TRUE,,,,,,,,,
MY_CLASS,MC_L01_S02,0,2,Tell me about a time you used English at work.,집중 말하기,,,,,,,,"In 2024, I was part of a TFT working on a project in China. Because of the project, I went on several business trips there and had to communicate with local engineers in English. My English was much worse than it is now, but I still managed to get by. We even went out for dinner together, and I gave a toast in English. Looking back, I'm actually pretty proud of myself because I got the job done even with limited English.",,,,,,,,,,,,,,,,,MY_CLASS_L01,,,,,,,,,,,,,,,,,,,,,,,,,,,,,,MY_CLASS,MC_L01_S02,2,speaking,MY 수업 1 · Speaking,"In 2024, I was part of a TFT working on a project in China. Because of the project, I went on several business trips there and had to communicate with local engineers in English. My English was much worse than it is now, but I still managed to get by. We even went out for dinner together, and I gave a toast in English. Looking back, I'm actually pretty proud of myself because I got the job done even with limited English.",Tell me about a time you used English at work.,,,,,AL,TRUE,,,,,,,,,
MY_CLASS,MC_L01_S03,0,3,What does your team do?,집중 말하기,,,,,,,,"I lead an equipment diagnostics technology team at SK hynix. My team has three main functions. First, we manage FDC and monitor sensor data from equipment. Second, we work on tool-to-tool matching to maintain consistent performance across tools. Third, we diagnose equipment problems and try to identify the root cause. In simple terms, our job is to detect equipment problems early and keep the manufacturing process stable.",,,,,,,,,,,,,,,,,MY_CLASS_L01,,,,,,,,,,,,,,,,,,,,,,,,,,,,,,MY_CLASS,MC_L01_S03,3,speaking,MY 수업 1 · Speaking,"I lead an equipment diagnostics technology team at SK hynix. My team has three main functions. First, we manage FDC and monitor sensor data from equipment. Second, we work on tool-to-tool matching to maintain consistent performance across tools. Third, we diagnose equipment problems and try to identify the root cause. In simple terms, our job is to detect equipment problems early and keep the manufacturing process stable.",What does your team do?,,,,,AL,TRUE,,,,,,,,,
MY_CLASS,MC_L02_C01,0,1,"These days, I usually go out for drinks about twice a week.",요즘은 일주일에 두 번 정도 술자리를 갖는다.,,,MY CLASS 02,8월 13일 영어수업 핵심 교정,100,Focus,,"These days, I usually go out for drinks about twice a week.",요즘은 일주일에 두 번 정도 술자리를 갖는다.,,,,,,,,,,,,,,,,MY_CLASS_02,1,,,,,,,,,,,,,,,,,,,,,,,,,,,,,MY_CLASS,MC_L02_C01,1,correction,Lesson 2 correction,"These days, I usually go out for drinks about twice a week.",요즘은 일주일에 두 번 정도 술자리를 갖는다.,,,빈도 사실에는 I think가 필요 없다. go out for drinks를 통째로 익힌다.,술자리를 갖다,AL,1,,,,,,,,,go out for drinks
MY_CLASS,MC_L02_C02,0,2,"If my boss doesn't have dinner plans, we often end up having dinner together.",상사에게 저녁 약속이 없으면 우리는 종종 함께 저녁을 먹게 된다.,,,MY CLASS 02,8월 13일 영어수업 핵심 교정,100,Focus,,"If my boss doesn't have dinner plans, we often end up having dinner together.",상사에게 저녁 약속이 없으면 우리는 종종 함께 저녁을 먹게 된다.,,,,,,,,,,,,,,,,MY_CLASS_02,1,,,,,,,,,,,,,,,,,,,,,,,,,,,,,MY_CLASS,MC_L02_C02,2,correction,Lesson 2 correction,"If my boss doesn't have dinner plans, we often end up having dinner together.",상사에게 저녁 약속이 없으면 우리는 종종 함께 저녁을 먹게 된다.,,,한 문장에 주어를 중복하지 않는다. end up ~ing를 재활용한다.,결국 ~하게 되다,AL,1,,,,,,,,,end up ~ing
MY_CLASS,MC_L02_C03,0,3,I'm basically a social drinker.,나는 기본적으로 사교적인 자리에서만 술을 마시는 사람이다.,,,MY CLASS 02,8월 13일 영어수업 핵심 교정,100,Focus,,I'm basically a social drinker.,나는 기본적으로 사교적인 자리에서만 술을 마시는 사람이다.,,,,,,,,,,,,,,,,MY_CLASS_02,1,,,,,,,,,,,,,,,,,,,,,,,,,,,,,MY_CLASS,MC_L02_C03,3,correction,Lesson 2 correction,I'm basically a social drinker.,나는 기본적으로 사교적인 자리에서만 술을 마시는 사람이다.,,,social drinker는 이번 수업에서 선생님이 직접 알려준 핵심 표현.,사교적인 자리에서만 술을 마시는 사람,AL,1,,,,,,,,,social drinker
MY_CLASS,MC_L02_C04,0,4,I rarely drink unless it's work-related.,나는 업무와 관련된 자리가 아니면 거의 술을 마시지 않는다.,,,MY CLASS 02,8월 13일 영어수업 핵심 교정,100,Focus,,I rarely drink unless it's work-related.,나는 업무와 관련된 자리가 아니면 거의 술을 마시지 않는다.,,,,,,,,,,,,,,,,MY_CLASS_02,1,,,,,,,,,,,,,,,,,,,,,,,,,,,,,MY_CLASS,MC_L02_C04,4,correction,Lesson 2 correction,I rarely drink unless it's work-related.,나는 업무와 관련된 자리가 아니면 거의 술을 마시지 않는다.,,,unless it's work-related = 업무 관련이 아니라면.,나는 업무와 관련된 자리가 아니면 거의 술을 마시지 않는다.,AL,1,,,,,,,,,
MY_CLASS,MC_L02_C05,0,5,I quit drinking coffee cold turkey over 30 years ago.,나는 30년도 더 전에 커피를 단번에 끊었다.,,,MY CLASS 02,8월 13일 영어수업 핵심 교정,100,Focus,,I quit drinking coffee cold turkey over 30 years ago.,나는 30년도 더 전에 커피를 단번에 끊었다.,,,,,,,,,,,,,,,,MY_CLASS_02,1,,,,,,,,,,,,,,,,,,,,,,,,,,,,,MY_CLASS,MC_L02_C05,5,correction,Lesson 2 correction,I quit drinking coffee cold turkey over 30 years ago.,나는 30년도 더 전에 커피를 단번에 끊었다.,,,"과거의 끊은 시점은 quit, 단번에 끊다는 cold turkey.",~을 단번에 끊다,AL,1,,,,,,,,,quit ~ cold turkey
MY_CLASS,MC_L02_C06,0,6,I haven't had any coffee since then.,그 이후로 커피를 한 번도 마시지 않았다.,,,MY CLASS 02,8월 13일 영어수업 핵심 교정,100,Focus,,I haven't had any coffee since then.,그 이후로 커피를 한 번도 마시지 않았다.,,,,,,,,,,,,,,,,MY_CLASS_02,1,,,,,,,,,,,,,,,,,,,,,,,,,,,,,MY_CLASS,MC_L02_C06,6,correction,Lesson 2 correction,I haven't had any coffee since then.,그 이후로 커피를 한 번도 마시지 않았다.,,,과거부터 지금까지 계속이면 현재완료 + since then.,그 이후로 계속 ~하지 않았다,AL,1,,,,,,,,,haven't ~ since then
MY_CLASS,MC_L02_C07,0,7,My main goal is to be able to lead meetings confidently in English.,내 주된 목표는 영어로 회의를 자신 있게 진행할 수 있게 되는 것이다.,,,MY CLASS 02,8월 13일 영어수업 핵심 교정,100,Focus,,My main goal is to be able to lead meetings confidently in English.,내 주된 목표는 영어로 회의를 자신 있게 진행할 수 있게 되는 것이다.,,,,,,,,,,,,,,,,MY_CLASS_02,1,,,,,,,,,,,,,,,,,,,,,,,,,,,,,MY_CLASS,MC_L02_C07,7,correction,Lesson 2 correction,My main goal is to be able to lead meetings confidently in English.,내 주된 목표는 영어로 회의를 자신 있게 진행할 수 있게 되는 것이다.,,,업무 회의는 host보다 lead / run / facilitate가 자연스럽다.,회의를 자신 있게 진행하다,AL,1,,,,,,,,,lead meetings confidently
MY_CLASS,MC_L02_C08,0,8,"In face-to-face meetings, I can rely on visual cues like facial expressions and gestures.",대면 회의에서는 표정과 제스처 같은 시각적 단서를 활용할 수 있다.,,,MY CLASS 02,8월 13일 영어수업 핵심 교정,100,Focus,,"In face-to-face meetings, I can rely on visual cues like facial expressions and gestures.",대면 회의에서는 표정과 제스처 같은 시각적 단서를 활용할 수 있다.,,,,,,,,,,,,,,,,MY_CLASS_02,1,,,,,,,,,,,,,,,,,,,,,,,,,,,,,MY_CLASS,MC_L02_C08,8,correction,Lesson 2 correction,"In face-to-face meetings, I can rely on visual cues like facial expressions and gestures.",대면 회의에서는 표정과 제스처 같은 시각적 단서를 활용할 수 있다.,,,visual cues / facial expressions / gestures를 묶어 익힌다.,시각적 단서를 활용하다,AL,1,,,,,,,,,rely on visual cues
MY_CLASS,MC_L02_C09,0,9,I can remember the dream in vivid detail.,꿈의 세부 내용을 생생하게 기억할 수 있다.,,,MY CLASS 02,8월 13일 영어수업 핵심 교정,100,Focus,,I can remember the dream in vivid detail.,꿈의 세부 내용을 생생하게 기억할 수 있다.,,,,,,,,,,,,,,,,MY_CLASS_02,1,,,,,,,,,,,,,,,,,,,,,,,,,,,,,MY_CLASS,MC_L02_C09,9,correction,Lesson 2 correction,I can remember the dream in vivid detail.,꿈의 세부 내용을 생생하게 기억할 수 있다.,,,detailedly보다 in vivid detail이 자연스럽다.,꿈의 세부 내용을 생생하게 기억할 수 있다.,AL,1,,,,,,,,,
MY_CLASS,MC_L02_C10,0,10,"I know I had a dream, but it's all a blur now.",꿈을 꿨다는 건 알지만 지금은 전부 흐릿하다.,,,MY CLASS 02,8월 13일 영어수업 핵심 교정,100,Focus,,"I know I had a dream, but it's all a blur now.",꿈을 꿨다는 건 알지만 지금은 전부 흐릿하다.,,,,,,,,,,,,,,,,MY_CLASS_02,1,,,,,,,,,,,,,,,,,,,,,,,,,,,,,MY_CLASS,MC_L02_C10,10,correction,Lesson 2 correction,"I know I had a dream, but it's all a blur now.",꿈을 꿨다는 건 알지만 지금은 전부 흐릿하다.,,,it's all a blur = 기억이 흐릿하고 잘 떠오르지 않는다.,꿈을 꿨다는 건 알지만 지금은 전부 흐릿하다.,AL,1,,,,,,,,,
MY_CLASS,MC_L02_C11,0,11,My sleep schedule is really out of whack these days.,요즘 내 수면 패턴이 완전히 엉망이다.,,,MY CLASS 02,8월 13일 영어수업 핵심 교정,100,Focus,,My sleep schedule is really out of whack these days.,요즘 내 수면 패턴이 완전히 엉망이다.,,,,,,,,,,,,,,,,MY_CLASS_02,1,,,,,,,,,,,,,,,,,,,,,,,,,,,,,MY_CLASS,MC_L02_C11,11,correction,Lesson 2 correction,My sleep schedule is really out of whack these days.,요즘 내 수면 패턴이 완전히 엉망이다.,,,out of whack = 정상적이지 않거나 균형이 깨진 상태.,"정상적이지 않은, 균형이 깨진",AL,1,,,,,,,,,out of whack
MY_CLASS,MC_L02_C12,0,12,I sometimes wake up around 2 a.m. and have trouble falling back asleep.,나는 가끔 새벽 2시쯤 깨서 다시 잠드는 데 어려움을 겪는다.,,,MY CLASS 02,8월 13일 영어수업 핵심 교정,100,Focus,,I sometimes wake up around 2 a.m. and have trouble falling back asleep.,나는 가끔 새벽 2시쯤 깨서 다시 잠드는 데 어려움을 겪는다.,,,,,,,,,,,,,,,,MY_CLASS_02,1,,,,,,,,,,,,,,,,,,,,,,,,,,,,,MY_CLASS,MC_L02_C12,12,correction,Lesson 2 correction,I sometimes wake up around 2 a.m. and have trouble falling back asleep.,나는 가끔 새벽 2시쯤 깨서 다시 잠드는 데 어려움을 겪는다.,,,have trouble + ~ing. fall back asleep = 다시 잠들다.,~하는 데 어려움을 겪다 | 다시 잠들다,AL,1,,,,,,,,,have trouble ~ing | fall back asleep
MY_CLASS,MC_L02_C13,0,13,One of my team members had a serious conflict with several coworkers.,그 팀원은 몇몇 동료들과 심각한 갈등을 겪었다.,,,MY CLASS 02,8월 13일 영어수업 핵심 교정,100,Focus,,One of my team members had a serious conflict with several coworkers.,그 팀원은 몇몇 동료들과 심각한 갈등을 겪었다.,,,,,,,,,,,,,,,,MY_CLASS_02,1,,,,,,,,,,,,,,,,,,,,,,,,,,,,,MY_CLASS,MC_L02_C13,13,correction,Lesson 2 correction,One of my team members had a serious conflict with several coworkers.,그 팀원은 몇몇 동료들과 심각한 갈등을 겪었다.,,,have a conflict with + 사람.,그 팀원은 몇몇 동료들과 심각한 갈등을 겪었다.,AL,1,,,,,,,,,
MY_CLASS,MC_L02_C14,0,14,"At first, he threatened to sue them, but I stepped in and tried to resolve the situation.","처음에는 그가 그들을 고소하겠다고 했지만, 내가 개입해서 상황을 해결하려고 했다.",,,MY CLASS 02,8월 13일 영어수업 핵심 교정,100,Focus,,"At first, he threatened to sue them, but I stepped in and tried to resolve the situation.","처음에는 그가 그들을 고소하겠다고 했지만, 내가 개입해서 상황을 해결하려고 했다.",,,,,,,,,,,,,,,,MY_CLASS_02,1,,,,,,,,,,,,,,,,,,,,,,,,,,,,,MY_CLASS,MC_L02_C14,14,correction,Lesson 2 correction,"At first, he threatened to sue them, but I stepped in and tried to resolve the situation.","처음에는 그가 그들을 고소하겠다고 했지만, 내가 개입해서 상황을 해결하려고 했다.",,,threaten to sue / step in / resolve the situation을 한 세트로 익힌다.,개입하다 | 상황을 해결하다,AL,1,,,,,,,,,step in | resolve the situation
MY_CLASS,MC_L02_K01,0,1,go out for drinks,"술을 마시러 나가다, 술자리를 갖다",,,MY CLASS 02,8월 13일 선생님 Native 패턴,100,Focus,,I usually go out for drinks with my coworkers about twice a week.,나는 보통 일주일에 두 번 정도 동료들과 술자리를 갖는다.,,,,,,,,,,go out for drinks,,,,,,MY_CLASS_02,1,,,,go out for drinks,"술을 마시러 나가다, 술자리를 갖다",,,,,,,,,,,,,,,,,,,,,,,,MY_CLASS,MC_L02_K01,1,chunk,Lesson 2 native chunk,I usually go out for drinks with my coworkers about twice a week.,나는 보통 일주일에 두 번 정도 동료들과 술자리를 갖는다.,,,go out for drinks,술자리를 갖다,AL,1,,,,,,,,,go out for drinks
MY_CLASS,MC_L02_K02,0,2,end up ~ing,결국 ~하게 되다,,,MY CLASS 02,8월 13일 선생님 Native 패턴,100,Focus,,We often end up having dinner together.,우리는 종종 결국 함께 저녁을 먹게 된다.,,,,,,,,,,end up ~ing,,,,,,MY_CLASS_02,1,,,,end up ~ing,결국 ~하게 되다,,,,,,,,,,,,,,,,,,,,,,,,MY_CLASS,MC_L02_K02,2,chunk,Lesson 2 native chunk,We often end up having dinner together.,우리는 종종 결국 함께 저녁을 먹게 된다.,,,end up ~ing,결국 ~하게 되다,AL,1,,,,,,,,,end up ~ing
MY_CLASS,MC_L02_K03,0,3,a social drinker,사교적인 자리에서만 술을 마시는 사람,,,MY CLASS 02,8월 13일 선생님 Native 패턴,100,Focus,,I'm basically a social drinker.,나는 기본적으로 사교적인 자리에서만 술을 마시는 편이다.,,,,,,,,,,a social drinker,,,,,,MY_CLASS_02,1,,,,a social drinker,사교적인 자리에서만 술을 마시는 사람,,,,,,,,,,,,,,,,,,,,,,,,MY_CLASS,MC_L02_K03,3,chunk,Lesson 2 native chunk,I'm basically a social drinker.,나는 기본적으로 사교적인 자리에서만 술을 마시는 편이다.,,,a social drinker,사교적인 자리에서만 술을 마시는 사람,AL,1,,,,,,,,,social drinker
MY_CLASS,MC_L02_K04,0,4,unless it's work-related,업무 관련이 아니라면,,,MY CLASS 02,8월 13일 선생님 Native 패턴,100,Focus,,I rarely drink unless it's work-related.,나는 업무 관련 자리가 아니면 거의 술을 마시지 않는다.,,,,,,,,,,unless it's work-related,,,,,,MY_CLASS_02,1,,,,unless it's work-related,업무 관련이 아니라면,,,,,,,,,,,,,,,,,,,,,,,,MY_CLASS,MC_L02_K04,4,chunk,Lesson 2 native chunk,I rarely drink unless it's work-related.,나는 업무 관련 자리가 아니면 거의 술을 마시지 않는다.,,,unless it's work-related,업무 관련이 아니라면,AL,1,,,,,,,,,
MY_CLASS,MC_L02_K05,0,5,for the sake of ~ing,"~하기 위해서, ~을 목적으로",,,MY CLASS 02,8월 13일 선생님 Native 패턴,100,Focus,,I mostly drink for the sake of socializing with coworkers.,나는 주로 동료들과 어울리기 위해 술을 마신다.,,,,,,,,,,for the sake of ~ing,,,,,,MY_CLASS_02,1,,,,for the sake of ~ing,"~하기 위해서, ~을 목적으로",,,,,,,,,,,,,,,,,,,,,,,,MY_CLASS,MC_L02_K05,5,chunk,Lesson 2 native chunk,I mostly drink for the sake of socializing with coworkers.,나는 주로 동료들과 어울리기 위해 술을 마신다.,,,for the sake of ~ing,"~하기 위해서, ~을 목적으로",AL,1,,,,,,,,,
MY_CLASS,MC_L02_K06,0,6,quit cold turkey,중독성 있는 것을 단번에 완전히 끊다,,,MY CLASS 02,8월 13일 선생님 Native 패턴,100,Focus,,I quit drinking coffee cold turkey over 30 years ago.,나는 30년도 더 전에 커피를 단번에 끊었다.,,,,,,,,,,quit cold turkey,,,,,,MY_CLASS_02,1,,,,quit cold turkey,중독성 있는 것을 단번에 완전히 끊다,,,,,,,,,,,,,,,,,,,,,,,,MY_CLASS,MC_L02_K06,6,chunk,Lesson 2 native chunk,I quit drinking coffee cold turkey over 30 years ago.,나는 30년도 더 전에 커피를 단번에 끊었다.,,,quit cold turkey,~을 단번에 끊다,AL,1,,,,,,,,,quit ~ cold turkey
MY_CLASS,MC_L02_K07,0,7,I haven't had any ~ since then.,그 이후로 ~을 전혀 하지/먹지 않았다,,,MY CLASS 02,8월 13일 선생님 Native 패턴,100,Focus,,I haven't had any coffee since then.,나는 그 이후로 커피를 한 번도 마시지 않았다.,,,,,,,,,,I haven't had any ~ since then.,,,,,,MY_CLASS_02,1,,,,I haven't had any ~ since then.,그 이후로 ~을 전혀 하지/먹지 않았다,,,,,,,,,,,,,,,,,,,,,,,,MY_CLASS,MC_L02_K07,7,chunk,Lesson 2 native chunk,I haven't had any coffee since then.,나는 그 이후로 커피를 한 번도 마시지 않았다.,,,I haven't had any ~ since then.,그 이후로 계속 ~하지 않았다,AL,1,,,,,,,,,haven't ~ since then
MY_CLASS,MC_L02_K08,0,8,lead a meeting,"회의를 진행하다, 이끌다",,,MY CLASS 02,8월 13일 선생님 Native 패턴,100,Focus,,My goal is to lead meetings confidently in English.,내 목표는 영어로 회의를 자신 있게 진행하는 것이다.,,,,,,,,,,lead a meeting,,,,,,MY_CLASS_02,1,,,,lead a meeting,"회의를 진행하다, 이끌다",,,,,,,,,,,,,,,,,,,,,,,,MY_CLASS,MC_L02_K08,8,chunk,Lesson 2 native chunk,My goal is to lead meetings confidently in English.,내 목표는 영어로 회의를 자신 있게 진행하는 것이다.,,,lead a meeting,회의를 자신 있게 진행하다,AL,1,,,,,,,,,lead meetings confidently
MY_CLASS,MC_L02_K09,0,9,Let me walk you through ~,~을 차례로 설명해 드리겠습니다,,,MY CLASS 02,8월 13일 선생님 Native 패턴,100,Focus,,Let me briefly walk you through today's agenda.,오늘의 안건을 간단히 차례로 설명드리겠습니다.,,,,,,,,,,Let me walk you through ~,,,,,,MY_CLASS_02,1,,,,Let me walk you through ~,~을 차례로 설명해 드리겠습니다,,,,,,,,,,,,,,,,,,,,,,,,MY_CLASS,MC_L02_K09,9,chunk,Lesson 2 native chunk,Let me briefly walk you through today's agenda.,오늘의 안건을 간단히 차례로 설명드리겠습니다.,,,Let me walk you through ~,~을 차례로 설명해 드리겠습니다,AL,1,,,,,,,,,
MY_CLASS,MC_L02_K10,0,10,Let's move on to ~,~으로 넘어가겠습니다,,,MY CLASS 02,8월 13일 선생님 Native 패턴,100,Focus,,Let's move on to the next topic.,다음 주제로 넘어가겠습니다.,,,,,,,,,,Let's move on to ~,,,,,,MY_CLASS_02,1,,,,Let's move on to ~,~으로 넘어가겠습니다,,,,,,,,,,,,,,,,,,,,,,,,MY_CLASS,MC_L02_K10,10,chunk,Lesson 2 native chunk,Let's move on to the next topic.,다음 주제로 넘어가겠습니다.,,,Let's move on to ~,~으로 넘어가겠습니다,AL,1,,,,,,,,,
MY_CLASS,MC_L02_K11,0,11,Could you elaborate on that?,그 부분을 좀 더 자세히 설명해 주시겠어요?,,,MY CLASS 02,8월 13일 선생님 Native 패턴,100,Focus,,Could you elaborate on that a little more?,그 부분을 조금만 더 자세히 설명해 주시겠어요?,,,,,,,,,,Could you elaborate on that?,,,,,,MY_CLASS_02,1,,,,Could you elaborate on that?,그 부분을 좀 더 자세히 설명해 주시겠어요?,,,,,,,,,,,,,,,,,,,,,,,,MY_CLASS,MC_L02_K11,11,chunk,Lesson 2 native chunk,Could you elaborate on that a little more?,그 부분을 조금만 더 자세히 설명해 주시겠어요?,,,Could you elaborate on that?,그 부분을 좀 더 자세히 설명해 주시겠어요?,AL,1,,,,,,,,,
MY_CLASS,MC_L02_K12,0,12,make sure we're on the same page,서로 같은 이해를 하고 있는지 확인하다,,,MY CLASS 02,8월 13일 선생님 Native 패턴,100,Focus,,"Just to make sure we're on the same page, let me summarize the decision.",서로 같은 이해를 하고 있는지 확인하기 위해 결정 내용을 정리해 보겠습니다.,,,,,,,,,,make sure we're on the same page,,,,,,MY_CLASS_02,1,,,,make sure we're on the same page,서로 같은 이해를 하고 있는지 확인하다,,,,,,,,,,,,,,,,,,,,,,,,MY_CLASS,MC_L02_K12,12,chunk,Lesson 2 native chunk,"Just to make sure we're on the same page, let me summarize the decision.",서로 같은 이해를 하고 있는지 확인하기 위해 결정 내용을 정리해 보겠습니다.,,,make sure we're on the same page,서로 같은 이해를 하고 있는지 확인하다,AL,1,,,,,,,,,
MY_CLASS,MC_L02_K13,0,13,out of whack,"정상이 아닌, 균형이 깨진, 제대로 작동하지 않는",,,MY CLASS 02,8월 13일 선생님 Native 패턴,100,Focus,,My sleep schedule is really out of whack these days.,요즘 내 수면 패턴이 완전히 엉망이다.,,,,,,,,,,out of whack,,,,,,MY_CLASS_02,1,,,,out of whack,"정상이 아닌, 균형이 깨진, 제대로 작동하지 않는",,,,,,,,,,,,,,,,,,,,,,,,MY_CLASS,MC_L02_K13,13,chunk,Lesson 2 native chunk,My sleep schedule is really out of whack these days.,요즘 내 수면 패턴이 완전히 엉망이다.,,,out of whack,"정상적이지 않은, 균형이 깨진",AL,1,,,,,,,,,out of whack
MY_CLASS,MC_L02_K14,0,14,burn the candle at both ends,무리하게 너무 많은 일을 하며 쉬지 못하다,,,MY CLASS 02,8월 13일 선생님 Native 패턴,100,Focus,,I've been burning the candle at both ends lately.,나는 요즘 너무 무리해서 일하고 있다.,,,,,,,,,,burn the candle at both ends,,,,,,MY_CLASS_02,1,,,,burn the candle at both ends,무리하게 너무 많은 일을 하며 쉬지 못하다,,,,,,,,,,,,,,,,,,,,,,,,MY_CLASS,MC_L02_K14,14,chunk,Lesson 2 native chunk,I've been burning the candle at both ends lately.,나는 요즘 너무 무리해서 일하고 있다.,,,burn the candle at both ends,무리하게 일하다,AL,1,,,,,,,,,burn the candle at both ends
MY_CLASS,MC_L02_K15,0,15,in vivid detail,아주 생생하고 자세하게,,,MY CLASS 02,8월 13일 선생님 Native 패턴,100,Focus,,I can still remember the dream in vivid detail.,나는 아직도 그 꿈을 아주 생생하게 기억한다.,,,,,,,,,,in vivid detail,,,,,,MY_CLASS_02,1,,,,in vivid detail,아주 생생하고 자세하게,,,,,,,,,,,,,,,,,,,,,,,,MY_CLASS,MC_L02_K15,15,chunk,Lesson 2 native chunk,I can still remember the dream in vivid detail.,나는 아직도 그 꿈을 아주 생생하게 기억한다.,,,in vivid detail,아주 생생하고 자세하게,AL,1,,,,,,,,,
MY_CLASS,MC_L02_K16,0,16,It's all a blur.,모든 것이 흐릿하게 기억나다,,,MY CLASS 02,8월 13일 선생님 Native 패턴,100,Focus,,"I know I had a dream, but it's all a blur now.",꿈을 꿨다는 것은 알지만 지금은 기억이 전부 흐릿하다.,,,,,,,,,,It's all a blur.,,,,,,MY_CLASS_02,1,,,,It's all a blur.,모든 것이 흐릿하게 기억나다,,,,,,,,,,,,,,,,,,,,,,,,MY_CLASS,MC_L02_K16,16,chunk,Lesson 2 native chunk,"I know I had a dream, but it's all a blur now.",꿈을 꿨다는 것은 알지만 지금은 기억이 전부 흐릿하다.,,,It's all a blur.,모든 것이 흐릿하게 기억나다,AL,1,,,,,,,,,
MY_CLASS,MC_L02_K17,0,17,play out in real life,현실에서 실제로 전개되다,,,MY CLASS 02,8월 13일 선생님 Native 패턴,100,Focus,,I once had a dream that seemed to play out in real life.,나는 한 번 현실에서 실제로 일어난 것처럼 보이는 꿈을 꾼 적이 있다.,,,,,,,,,,play out in real life,,,,,,MY_CLASS_02,1,,,,play out in real life,현실에서 실제로 전개되다,,,,,,,,,,,,,,,,,,,,,,,,MY_CLASS,MC_L02_K17,17,chunk,Lesson 2 native chunk,I once had a dream that seemed to play out in real life.,나는 한 번 현실에서 실제로 일어난 것처럼 보이는 꿈을 꾼 적이 있다.,,,play out in real life,현실에서 실제로 전개되다,AL,1,,,,,,,,,
MY_CLASS,MC_L02_K18,0,18,toss and turn,잠이 안 와 계속 뒤척이다,,,MY CLASS 02,8월 13일 선생님 Native 패턴,100,Focus,,I was tossing and turning all night.,나는 밤새 잠이 안 와 계속 뒤척였다.,,,,,,,,,,toss and turn,,,,,,MY_CLASS_02,1,,,,toss and turn,잠이 안 와 계속 뒤척이다,,,,,,,,,,,,,,,,,,,,,,,,MY_CLASS,MC_L02_K18,18,chunk,Lesson 2 native chunk,I was tossing and turning all night.,나는 밤새 잠이 안 와 계속 뒤척였다.,,,toss and turn,잠이 안 와 계속 뒤척이다,AL,1,,,,,,,,,
MY_CLASS,MC_L02_K19,0,19,not get a wink of sleep,한숨도 자지 못하다,,,MY CLASS 02,8월 13일 선생님 Native 패턴,100,Focus,,I didn't get a wink of sleep last night.,나는 어젯밤 한숨도 자지 못했다.,,,,,,,,,,not get a wink of sleep,,,,,,MY_CLASS_02,1,,,,not get a wink of sleep,한숨도 자지 못하다,,,,,,,,,,,,,,,,,,,,,,,,MY_CLASS,MC_L02_K19,19,chunk,Lesson 2 native chunk,I didn't get a wink of sleep last night.,나는 어젯밤 한숨도 자지 못했다.,,,not get a wink of sleep,한숨도 자지 못하다,AL,1,,,,,,,,,
MY_CLASS,MC_L02_K20,0,20,have trouble ~ing,~하는 데 어려움을 겪다,,,MY CLASS 02,8월 13일 선생님 Native 패턴,100,Focus,,I sometimes have trouble falling back asleep.,나는 가끔 다시 잠드는 데 어려움을 겪는다.,,,,,,,,,,have trouble ~ing,,,,,,MY_CLASS_02,1,,,,have trouble ~ing,~하는 데 어려움을 겪다,,,,,,,,,,,,,,,,,,,,,,,,MY_CLASS,MC_L02_K20,20,chunk,Lesson 2 native chunk,I sometimes have trouble falling back asleep.,나는 가끔 다시 잠드는 데 어려움을 겪는다.,,,have trouble ~ing,~하는 데 어려움을 겪다 | 다시 잠들다,AL,1,,,,,,,,,have trouble ~ing | fall back asleep
MY_CLASS,MC_L02_S01,0,1,Why do you drink with coworkers?,왜 회사 동료들과 술을 마시나요?,,,MY CLASS 02,8월 13일 집중 말하기,100,Focus,,"I'm basically a social drinker. I rarely drink at home, but I sometimes go out for drinks with coworkers because socializing is an important part of work in Korea. If my boss doesn't have dinner plans, a few team leaders, including me, often end up having dinner together. I don't drink because I particularly enjoy alcohol. I mostly do it to build and maintain relationships at work.","나는 기본적으로 사교적인 자리에서만 술을 마시는 편이다. 집에서는 거의 술을 마시지 않지만, 한국에서는 사람들과 어울리는 것이 직장생활의 중요한 부분이기 때문에 가끔 동료들과 술자리를 갖는다. 상사에게 저녁 약속이 없으면 나를 포함한 몇몇 팀장들이 종종 함께 저녁을 먹게 된다. 내가 술 자체를 특별히 좋아해서 마시는 것은 아니다. 주로 직장에서 인간관계를 만들고 유지하기 위해 마신다.",,,Why do you drink with coworkers?,왜 회사 동료들과 술을 마시나요?,,,,,,,,,,,,MY_CLASS_02,1,,,,,,,,,,,,,,,,,,,,,,,,,,,,,MY_CLASS,MC_L02_S01,1,speaking,왜 회사 동료들과 술을 마시나요?,"I'm basically a social drinker. I rarely drink at home, but I sometimes go out for drinks with coworkers because socializing is an important part of work in Korea. If my boss doesn't have dinner plans, a few team leaders, including me, often end up having dinner together. I don't drink because I particularly enjoy alcohol. I mostly do it to build and maintain relationships at work.","나는 기본적으로 사교적인 자리에서만 술을 마시는 편이다. 집에서는 거의 술을 마시지 않지만, 한국에서는 사람들과 어울리는 것이 직장생활의 중요한 부분이기 때문에 가끔 동료들과 술자리를 갖는다. 상사에게 저녁 약속이 없으면 나를 포함한 몇몇 팀장들이 종종 함께 저녁을 먹게 된다. 내가 술 자체를 특별히 좋아해서 마시는 것은 아니다. 주로 직장에서 인간관계를 만들고 유지하기 위해 마신다.",,,,사교적인 자리에서만 술을 마시는 사람 | 술자리를 갖다 | 결국 ~하게 되다,AL,1,,,,,,,,,social drinker | go out for drinks | end up ~ing
MY_CLASS,MC_L02_S02,0,2,Tell me about why you quit coffee.,커피를 끊게 된 이유를 말해 보세요.,,,MY CLASS 02,8월 13일 집중 말하기,100,Focus,,"About 30 years ago, I was working shifts and sometimes had to work at night. Back then, I drank four or five cups of coffee a day. Eventually, I started having stomach problems, so I went to see a doctor. He advised me to stop drinking coffee. I quit cold turkey, and I haven't had any coffee since then.",약 30년 전 나는 교대근무를 했고 가끔 야간근무도 해야 했다. 당시에는 하루에 커피를 네다섯 잔씩 마셨다. 결국 위에 문제가 생기기 시작해서 병원에 갔다. 의사는 나에게 커피를 끊으라고 권했다. 나는 커피를 단번에 끊었고 그 이후로 한 번도 마시지 않았다.,,,Tell me about why you quit coffee.,커피를 끊게 된 이유를 말해 보세요.,,,,,,,,,,,,MY_CLASS_02,1,,,,,,,,,,,,,,,,,,,,,,,,,,,,,MY_CLASS,MC_L02_S02,2,speaking,커피를 끊게 된 이유를 말해 보세요.,"About 30 years ago, I was working shifts and sometimes had to work at night. Back then, I drank four or five cups of coffee a day. Eventually, I started having stomach problems, so I went to see a doctor. He advised me to stop drinking coffee. I quit cold turkey, and I haven't had any coffee since then.",약 30년 전 나는 교대근무를 했고 가끔 야간근무도 해야 했다. 당시에는 하루에 커피를 네다섯 잔씩 마셨다. 결국 위에 문제가 생기기 시작해서 병원에 갔다. 의사는 나에게 커피를 끊으라고 권했다. 나는 커피를 단번에 끊었고 그 이후로 한 번도 마시지 않았다.,,,,~을 단번에 끊다 | 그 이후로 계속 ~하지 않았다,AL,1,,,,,,,,,quit ~ cold turkey | haven't ~ since then
MY_CLASS,MC_L02_S03,0,3,What is your goal for English meetings?,영어 회의와 관련된 목표는 무엇인가요?,,,MY CLASS 02,8월 13일 집중 말하기,100,Focus,,"My main goal is to be able to lead meetings confidently in English. Face-to-face meetings are easier for me because I can rely on visual cues like facial expressions, gestures, and a whiteboard. Online meetings are more challenging because those cues are limited. That's why I want to improve my fluency and learn how to facilitate a meeting, ask clear questions, move the discussion forward, and summarize decisions naturally in English.","내 주된 목표는 영어로 회의를 자신 있게 진행할 수 있게 되는 것이다. 대면 회의에서는 표정, 제스처, 화이트보드 같은 시각적 단서를 활용할 수 있어서 나에게 더 쉽다. 온라인 회의에서는 그런 단서가 제한되기 때문에 더 어렵다. 그래서 영어 유창성을 높이고 회의를 진행하고, 명확한 질문을 하고, 논의를 앞으로 이끌고, 결정 사항을 자연스럽게 정리하는 방법을 배우고 싶다.",,,What is your goal for English meetings?,영어 회의와 관련된 목표는 무엇인가요?,,,,,,,,,,,,MY_CLASS_02,1,,,,,,,,,,,,,,,,,,,,,,,,,,,,,MY_CLASS,MC_L02_S03,3,speaking,영어 회의와 관련된 목표는 무엇인가요?,"My main goal is to be able to lead meetings confidently in English. Face-to-face meetings are easier for me because I can rely on visual cues like facial expressions, gestures, and a whiteboard. Online meetings are more challenging because those cues are limited. That's why I want to improve my fluency and learn how to facilitate a meeting, ask clear questions, move the discussion forward, and summarize decisions naturally in English.","내 주된 목표는 영어로 회의를 자신 있게 진행할 수 있게 되는 것이다. 대면 회의에서는 표정, 제스처, 화이트보드 같은 시각적 단서를 활용할 수 있어서 나에게 더 쉽다. 온라인 회의에서는 그런 단서가 제한되기 때문에 더 어렵다. 그래서 영어 유창성을 높이고 회의를 진행하고, 명확한 질문을 하고, 논의를 앞으로 이끌고, 결정 사항을 자연스럽게 정리하는 방법을 배우고 싶다.",,,,회의를 자신 있게 진행하다 | 시각적 단서를 활용하다 | 논의를 앞으로 이끌다,AL,1,,,,,,,,,lead meetings confidently | rely on visual cues | move the discussion forward
MY_CLASS,MC_L02_S04,0,4,How has stress affected your sleep?,스트레스가 수면에 어떤 영향을 미쳤나요?,,,MY CLASS 02,8월 13일 집중 말하기,100,Focus,,"My sleep schedule has been really out of whack lately. I usually go to bed around midnight, but I sometimes wake up around 2 a.m. and have trouble falling back asleep. When work gets especially busy, I feel like I'm burning the candle at both ends. A stressful situation at work also gave me nightmares for a while. Now that things have finally settled down, I feel much more relaxed.",요즘 내 수면 패턴이 많이 흐트러져 있다. 보통 자정쯤 잠자리에 들지만 가끔 새벽 2시쯤 깨서 다시 잠드는 데 어려움을 겪는다. 일이 특히 바빠지면 너무 무리해서 일하고 있다는 느낌이 든다. 직장에서 있었던 스트레스가 심한 일 때문에 한동안 악몽을 꾸기도 했다. 이제는 상황이 마침내 정리되어 훨씬 마음이 편하다.,,,How has stress affected your sleep?,스트레스가 수면에 어떤 영향을 미쳤나요?,,,,,,,,,,,,MY_CLASS_02,1,,,,,,,,,,,,,,,,,,,,,,,,,,,,,MY_CLASS,MC_L02_S04,4,speaking,스트레스가 수면에 어떤 영향을 미쳤나요?,"My sleep schedule has been really out of whack lately. I usually go to bed around midnight, but I sometimes wake up around 2 a.m. and have trouble falling back asleep. When work gets especially busy, I feel like I'm burning the candle at both ends. A stressful situation at work also gave me nightmares for a while. Now that things have finally settled down, I feel much more relaxed.",요즘 내 수면 패턴이 많이 흐트러져 있다. 보통 자정쯤 잠자리에 들지만 가끔 새벽 2시쯤 깨서 다시 잠드는 데 어려움을 겪는다. 일이 특히 바빠지면 너무 무리해서 일하고 있다는 느낌이 든다. 직장에서 있었던 스트레스가 심한 일 때문에 한동안 악몽을 꾸기도 했다. 이제는 상황이 마침내 정리되어 훨씬 마음이 편하다.,,,,"정상적이지 않은, 균형이 깨진 | 무리하게 일하다 | ~하는 데 어려움을 겪다 | 다시 잠들다",AL,1,,,,,,,,,out of whack | burn the candle at both ends | have trouble ~ing | fall back asleep
